gameId,season,week,gameType,date,kickoffET,away,home,totalLine,earlySunday,status,playerId,player,position,tdTeam,type,quarter,clock,elapsed,clockSource,snapClock
2016_01_CAR_DEN,2016,1,REG,2016-09-08,20:30,CAR,DEN,40.5,False,first_td,00-0031359,Kelvin Benjamin,WR,CAR,pass,1,07:13,467,drive_game_clock_end,07:20
2016_01_TB_ATL,2016,1,REG,2016-09-11,13:00,TB,ATL,46.5,True,first_td,00-0029632,Mohamed Sanu,WR,ATL,pass,1,00:11,889,drive_game_clock_end,00:16
2016_01_BUF_BAL,2016,1,REG,2016-09-11,13:00,BUF,BAL,44.5,True,first_td,00-0026901,Mike Wallace,WR,BAL,pass,2,10:11,1189,drive_game_clock_end,10:22
2016_01_CHI_HOU,2016,1,REG,2016-09-11,13:00,CHI,HOU,43.0,True,first_td,00-0031569,Jeremy Langford,RB,CHI,rush,1,06:58,482,drive_game_clock_end,07:05
2016_01_GB_JAX,2016,1,REG,2016-09-11,13:00,GB,JAX,47.0,True,first_td,00-0023459,Aaron Rodgers,QB,GB,rush,1,09:36,324,drive_game_clock_end,09:45
2016_01_SD_KC,2016,1,REG,2016-09-11,13:00,SD,KC,45.5,True,first_td,00-0032144,Melvin Gordon,RB,LAC,rush,1,08:27,393,drive_game_clock_end,08:30
2016_01_OAK_NO,2016,1,REG,2016-09-11,13:00,OAK,NO,50.0,True,first_td,00-0030513,Latavius Murray,RB,LV,rush,1,01:43,797,drive_game_clock_end,01:48
2016_01_CIN_NYJ,2016,1,REG,2016-09-11,13:00,CIN,NYJ,42.0,True,first_td,00-0031023,Quincy Enunwa,WR,NYJ,pass,1,07:40,440,drive_game_clock_end,07:43
2016_01_CLE_PHI,2016,1,REG,2016-09-11,13:00,CLE,PHI,41.0,True,first_td,00-0031299,Jordan Matthews,TE,PHI,pass,1,09:50,310,drive_game_clock_end,09:56
2016_01_MIN_TEN,2016,1,REG,2016-09-11,13:00,MIN,TEN,40.0,True,first_td,00-0028009,DeMarco Murray,RB,TEN,pass,2,00:41,1759,drive_game_clock_end,00:47
2016_01_MIA_SEA,2016,1,REG,2016-09-11,16:05,MIA,SEA,43.5,False,first_td,00-0029701,Ryan Tannehill,QB,MIA,rush,4,04:08,3352,drive_game_clock_end,04:12
2016_01_NYG_DAL,2016,1,REG,2016-09-11,16:25,NYG,DAL,47.5,False,first_td,00-0028838,Larry Donnell,TE,NYG,pass,2,09:36,1224,drive_game_clock_end,09:41
2016_01_DET_IND,2016,1,REG,2016-09-11,16:25,DET,IND,51.5,False,first_td,00-0030107,Theo Riddick,RB,DET,rush,1,04:43,617,drive_game_clock_end,04:51
2016_01_NE_ARI,2016,1,REG,2016-09-11,20:30,NE,ARI,44.5,False,first_td,00-0028237,Chris Hogan,WR,NE,pass,1,07:34,446,drive_game_clock_end,07:42
2016_01_PIT_WAS,2016,1,REG,2016-09-12,19:10,PIT,WAS,49.0,False,first_td,00-0027793,Antonio Brown,WR,PIT,pass,2,10:10,1190,drive_game_clock_end,10:18
2016_01_LA_SF,2016,1,REG,2016-09-12,22:20,LA,SF,44.0,False,first_td,00-0031045,Carlos Hyde,RB,SF,rush,1,03:24,696,drive_game_clock_end,03:30
2016_02_NYJ_BUF,2016,2,REG,2016-09-15,20:25,NYJ,BUF,40.5,False,first_td,00-0030068,Marquise Goodwin,WR,BUF,pass,1,05:16,584,drive_game_clock_end,05:26
2016_02_TB_ARI,2016,2,REG,2016-09-18,13:00,TB,ARI,49.5,True,first_td,00-0022921,Larry Fitzgerald,WR,ARI,pass,2,14:54,906,drive_game_clock_end,14:59
2016_02_SF_CAR,2016,2,REG,2016-09-18,13:00,SF,CAR,44.5,True,first_td,00-0031550,Shaq Thompson,OLB,CAR,return,1,04:04,656,drive_game_clock_end,04:14
2016_02_BAL_CLE,2016,2,REG,2016-09-18,13:00,BAL,CLE,42.0,True,first_td,00-0032966,Corey Coleman,WR,CLE,pass,1,09:45,315,drive_game_clock_end,09:51
2016_02_TEN_DET,2016,2,REG,2016-09-18,13:00,TEN,DET,48.0,True,first_td,00-0022084,Anquan Boldin,WR,DET,pass,1,04:15,645,drive_game_clock_end,04:23
2016_02_KC_HOU,2016,2,REG,2016-09-18,13:00,KC,HOU,41.5,True,first_td,00-0030564,DeAndre Hopkins,WR,HOU,pass,1,08:01,419,drive_game_clock_end,08:08
2016_02_MIA_NE,2016,2,REG,2016-09-18,13:00,MIA,NE,42.0,True,first_td,00-0026035,Danny Amendola,WR,NE,pass,1,10:53,247,drive_game_clock_end,11:02
2016_02_NO_NYG,2016,2,REG,2016-09-18,13:00,NO,NYG,54.0,True,first_td,00-0029681,Janoris Jenkins,CB,NYG,other,2,02:30,1650,drive_game_clock_end,02:45
2016_02_CIN_PIT,2016,2,REG,2016-09-18,13:00,CIN,PIT,48.0,True,first_td,00-0031035,Xavier Grimble,TE,PIT,pass,1,03:46,674,drive_game_clock_end,03:53
2016_02_DAL_WAS,2016,2,REG,2016-09-18,13:00,DAL,WAS,47.0,True,first_td,00-0033045,Ezekiel Elliott,RB,DAL,rush,1,01:39,801,drive_game_clock_end,01:45
2016_02_SEA_LA,2016,2,REG,2016-09-18,16:05,SEA,LA,38.0,False,no_td,,,,,,,,,,
2016_02_IND_DEN,2016,2,REG,2016-09-18,16:25,IND,DEN,47.0,False,first_td,00-0029854,C.J. Anderson,RB,DEN,rush,2,11:41,1099,drive_game_clock_end,11:45
2016_02_ATL_OAK,2016,2,REG,2016-09-18,16:25,ATL,OAK,47.5,False,first_td,00-0030513,Latavius Murray,RB,LV,rush,2,07:51,1329,drive_game_clock_end,07:54
2016_02_JAX_SD,2016,2,REG,2016-09-18,16:25,JAX,SD,47.5,False,first_td,00-0032144,Melvin Gordon,RB,LAC,rush,1,10:14,286,drive_game_clock_end,10:17
2016_02_GB_MIN,2016,2,REG,2016-09-18,20:30,GB,MIN,43.0,False,first_td,00-0026176,Jordy Nelson,WR,GB,pass,1,05:39,561,drive_game_clock_end,05:44
2016_02_PHI_CHI,2016,2,REG,2016-09-19,20:30,PHI,CHI,42.5,False,first_td,00-0031569,Jeremy Langford,RB,CHI,rush,2,11:16,1124,drive_game_clock_end,11:19
2016_03_HOU_NE,2016,3,REG,2016-09-22,20:25,HOU,NE,38.5,False,first_td,00-0033119,Jacoby Brissett,QB,NE,rush,1,01:54,786,drive_game_clock_end,02:01
2016_03_ARI_BUF,2016,3,REG,2016-09-25,13:00,ARI,BUF,48.0,True,first_td,00-0027029,LeSean McCoy,RB,BUF,rush,1,00:55,845,drive_game_clock_end,00:59
2016_03_MIN_CAR,2016,3,REG,2016-09-25,13:00,MIN,CAR,43.0,True,first_td,00-0027939,Cam Newton,QB,CAR,rush,1,05:20,580,drive_game_clock_end,05:25
2016_03_DEN_CIN,2016,3,REG,2016-09-25,13:00,DEN,CIN,42.0,True,first_td,00-0031301,Jeremy Hill,RB,CIN,rush,1,11:07,233,drive_game_clock_end,11:10
2016_03_DET_GB,2016,3,REG,2016-09-25,13:00,DET,GB,47.5,True,first_td,00-0031381,Davante Adams,WR,GB,pass,1,11:22,218,drive_game_clock_end,11:27
2016_03_BAL_JAX,2016,3,REG,2016-09-25,13:00,BAL,JAX,45.0,True,first_td,00-0026158,Joe Flacco,QB,BAL,rush,1,03:52,668,drive_game_clock_end,04:00
2016_03_CLE_MIA,2016,3,REG,2016-09-25,13:00,CLE,MIA,42.0,True,first_td,00-0031547,DeVante Parker,WR,MIA,pass,1,10:16,284,drive_game_clock_end,10:26
2016_03_WAS_NYG,2016,3,REG,2016-09-25,13:00,WAS,NYG,47.0,True,first_td,00-0027994,Shane Vereen,RB,NYG,rush,1,12:18,162,drive_game_clock_end,12:35
2016_03_OAK_TEN,2016,3,REG,2016-09-25,13:00,OAK,TEN,47.0,True,first_td,00-0030513,Latavius Murray,RB,LV,rush,1,08:19,401,drive_game_clock_end,08:27
2016_03_SF_SEA,2016,3,REG,2016-09-25,16:05,SF,SEA,42.0,False,first_td,00-0030432,Christine Michael,RB,SEA,rush,1,14:17,43,drive_game_clock_end,14:24
2016_03_LA_TB,2016,3,REG,2016-09-25,16:05,LA,TB,40.5,False,first_td,00-0029640,Brian Quick,WR,LA,pass,1,11:58,182,drive_game_clock_end,12:05
2016_03_SD_IND,2016,3,REG,2016-09-25,16:25,SD,IND,51.5,False,first_td,00-0023500,Frank Gore,RB,IND,rush,1,03:39,681,drive_game_clock_end,03:43
2016_03_NYJ_KC,2016,3,REG,2016-09-25,16:25,NYJ,KC,44.5,False,first_td,00-0030506,Travis Kelce,TE,KC,pass,1,00:13,887,drive_game_clock_end,00:21
2016_03_PIT_PHI,2016,3,REG,2016-09-25,16:25,PIT,PHI,46.5,False,first_td,00-0031299,Jordan Matthews,TE,PHI,pass,2,12:04,1076,drive_game_clock_end,12:09
2016_03_CHI_DAL,2016,3,REG,2016-09-25,20:30,CHI,DAL,45.0,False,first_td,00-0033077,Dak Prescott,QB,DAL,rush,1,09:30,330,drive_game_clock_end,09:45
2016_03_ATL_NO,2016,3,REG,2016-09-26,20:30,ATL,NO,54.0,False,first_td,00-0029697,Coby Fleener,TE,NO,pass,1,08:25,395,drive_game_clock_end,08:29
2016_04_MIA_CIN,2016,4,REG,2016-09-29,20:25,MIA,CIN,46.0,False,first_td,00-0030085,Kenny Stills,WR,MIA,pass,1,09:04,356,drive_game_clock_end,09:15
2016_04_IND_JAX,2016,4,REG,2016-10-02,09:30,IND,JAX,48.0,False,first_td,00-0031428,Allen Robinson,WR,JAX,pass,1,08:23,397,drive_game_clock_end,08:27
2016_04_CAR_ATL,2016,4,REG,2016-10-02,13:00,CAR,ATL,48.5,True,first_td,00-0026267,Jacob Tamme,TE,ATL,pass,1,07:14,466,drive_game_clock_end,07:20
2016_04_OAK_BAL,2016,4,REG,2016-10-02,13:00,OAK,BAL,45.0,True,first_td,00-0031166,Seth Roberts,WR,LV,pass,1,01:25,815,drive_game_clock_end,01:32
2016_04_DET_CHI,2016,4,REG,2016-10-02,13:00,DET,CHI,48.0,True,first_td,00-0026182,Eddie Royal,WR,CHI,pass,1,06:35,505,drive_game_clock_end,06:43
2016_04_TEN_HOU,2016,4,REG,2016-10-02,13:00,TEN,HOU,40.0,True,first_td,00-0031302,C.J. Fiedorowicz,TE,HOU,pass,1,08:21,399,drive_game_clock_end,10:37
2016_04_BUF_NE,2016,4,REG,2016-10-02,13:00,BUF,NE,41.0,True,first_td,00-0027029,LeSean McCoy,RB,BUF,pass,1,05:31,569,drive_game_clock_end,05:35
2016_04_SEA_NYJ,2016,4,REG,2016-10-02,13:00,SEA,NYJ,40.0,True,first_td,00-0027861,C.J. Spiller,RB,SEA,pass,2,11:34,1106,drive_game_clock_end,11:34
2016_04_CLE_WAS,2016,4,REG,2016-10-02,13:00,CLE,WAS,48.0,True,first_td,00-0030472,Jordan Reed,TE,WAS,pass,1,07:40,440,drive_game_clock_end,07:45
2016_04_DEN_TB,2016,4,REG,2016-10-02,16:05,DEN,TB,43.0,False,first_td,00-0027874,Demaryius Thomas,WR,DEN,pass,1,13:26,94,drive_game_clock_end,13:31
2016_04_LA_ARI,2016,4,REG,2016-10-02,16:25,LA,ARI,43.5,False,first_td,00-0029640,Brian Quick,WR,LA,pass,1,01:59,781,drive_game_clock_end,02:11
2016_04_NO_SD,2016,4,REG,2016-10-02,16:25,NO,SD,54.0,False,first_td,00-0027966,Mark Ingram,RB,NO,rush,1,10:32,268,drive_game_clock_end,10:36
2016_04_DAL_SF,2016,4,REG,2016-10-02,16:25,DAL,SF,44.0,False,first_td,00-0028091,Jeremy Kerley,WR,SF,pass,1,06:41,499,drive_game_clock_end,06:49
2016_04_KC_PIT,2016,4,REG,2016-10-02,20:30,KC,PIT,48.0,False,first_td,00-0026983,Darrius Heyward-Bey,WR,PIT,pass,1,07:27,453,drive_game_clock_end,07:34
2016_04_NYG_MIN,2016,4,REG,2016-10-03,20:30,NYG,MIN,42.5,False,first_td,00-0028198,Matt Asiata,RB,MIN,rush,1,06:28,512,drive_game_clock_end,06:30
2016_05_ARI_SF,2016,5,REG,2016-10-06,20:25,ARI,SF,42.5,False,first_td,00-0028091,Jeremy Kerley,WR,SF,pass,2,04:12,1548,drive_game_clock_end,04:17
2016_05_WAS_BAL,2016,5,REG,2016-10-09,13:00,WAS,BAL,44.5,True,first_td,00-0030992,Crockett Gillmore,TE,BAL,pass,1,10:13,287,drive_game_clock_end,10:19
2016_05_NE_CLE,2016,5,REG,2016-10-09,13:00,NE,CLE,47.5,True,first_td,00-0027325,LeGarrette Blount,RB,NE,rush,1,10:28,272,drive_game_clock_end,10:32
2016_05_PHI_DET,2016,5,REG,2016-10-09,13:00,PHI,DET,46.0,True,first_td,00-0030107,Theo Riddick,RB,DET,pass,1,09:37,323,drive_game_clock_end,09:42
2016_05_CHI_IND,2016,5,REG,2016-10-09,13:00,CHI,IND,47.5,True,first_td,00-0029689,Dwayne Allen,TE,IND,pass,2,12:58,1022,drive_game_clock_end,13:03
2016_05_TEN_MIA,2016,5,REG,2016-10-09,13:00,TEN,MIA,44.5,True,first_td,00-0032268,Marcus Mariota,QB,TEN,rush,1,00:23,877,drive_game_clock_end,00:30
2016_05_HOU_MIN,2016,5,REG,2016-10-09,13:00,HOU,MIN,39.0,True,first_td,00-0030035,Adam Thielen,WR,MIN,pass,1,11:23,217,drive_game_clock_end,11:29
2016_05_NYJ_PIT,2016,5,REG,2016-10-09,13:00,NYJ,PIT,50.0,True,first_td,00-0032166,Sammie Coates,WR,PIT,pass,1,10:16,284,drive_game_clock_end,10:25
2016_05_ATL_DEN,2016,5,REG,2016-10-09,16:05,ATL,DEN,44.5,False,first_td,00-0031285,Devonta Freeman,RB,ATL,rush,1,11:18,222,drive_game_clock_end,11:22
2016_05_CIN_DAL,2016,5,REG,2016-10-09,16:25,CIN,DAL,46.0,False,first_td,00-0033045,Ezekiel Elliott,RB,DAL,rush,1,11:09,231,drive_game_clock_end,11:15
2016_05_BUF_LA,2016,5,REG,2016-10-09,16:25,BUF,LA,41.5,False,first_td,00-0030521,Justin Hunter,WR,BUF,pass,1,02:22,758,drive_game_clock_end,02:32
2016_05_SD_OAK,2016,5,REG,2016-10-09,16:25,SD,OAK,50.5,False,first_td,00-0032160,Tyrell Williams,WR,LAC,pass,2,13:07,1013,drive_game_clock_end,13:13
2016_05_NYG_GB,2016,5,REG,2016-10-09,20:30,NYG,GB,49.0,False,first_td,00-0026176,Jordy Nelson,WR,GB,pass,1,06:18,522,drive_game_clock_end,06:23
2016_05_TB_CAR,2016,5,REG,2016-10-10,20:30,TB,CAR,46.5,False,first_td,00-0031599,Cameron Artis-Payne,RB,CAR,rush,3,09:12,2148,drive_game_clock_end,09:12
2016_06_DEN_SD,2016,6,REG,2016-10-13,20:25,DEN,SD,44.0,False,first_td,00-0033090,Hunter Henry,TE,LAC,pass,1,08:00,420,drive_game_clock_end,08:06
2016_06_SF_BUF,2016,6,REG,2016-10-16,13:00,SF,BUF,44.0,True,first_td,00-0027029,LeSean McCoy,RB,BUF,rush,1,00:14,886,drive_game_clock_end,00:18
2016_06_JAX_CHI,2016,6,REG,2016-10-16,13:00,JAX,CHI,46.0,True,first_td,00-0032780,Jordan Howard,RB,CHI,rush,2,04:29,1531,drive_game_clock_end,04:32
2016_06_LA_DET,2016,6,REG,2016-10-16,13:00,LA,DET,44.0,True,first_td,00-0029293,Marvin Jones,WR,DET,pass,1,10:44,256,drive_game_clock_end,10:47
2016_06_PIT_MIA,2016,6,REG,2016-10-16,13:00,PIT,MIA,49.5,True,first_td,00-0026983,Darrius Heyward-Bey,WR,PIT,rush,1,05:39,561,drive_game_clock_end,05:52
2016_06_CIN_NE,2016,6,REG,2016-10-16,13:00,CIN,NE,48.5,True,first_td,00-0027973,Andy Dalton,QB,CIN,rush,2,03:10,1610,drive_game_clock_end,03:15
2016_06_CAR_NO,2016,6,REG,2016-10-16,13:00,CAR,NO,53.5,True,first_td,00-0029697,Coby Fleener,TE,NO,rush,1,08:55,365,drive_game_clock_end,08:59
2016_06_BAL_NYG,2016,6,REG,2016-10-16,13:00,BAL,NYG,42.5,True,first_td,00-0031375,Terrance West,RB,BAL,rush,1,06:42,498,drive_game_clock_end,06:47
2016_06_CLE_TEN,2016,6,REG,2016-10-16,13:00,CLE,TEN,45.0,True,first_td,00-0029580,Rishard Matthews,WR,TEN,pass,1,10:37,263,drive_game_clock_end,10:42
2016_06_PHI_WAS,2016,6,REG,2016-10-16,13:00,PHI,WAS,45.0,True,first_td,00-0031941,Jamison Crowder,WR,WAS,pass,1,00:51,849,drive_game_clock_end,00:57
2016_06_KC_OAK,2016,6,REG,2016-10-16,16:05,KC,OAK,46.5,False,first_td,00-0028263,Andre Holmes,WR,LV,pass,1,11:58,182,drive_game_clock_end,12:02
2016_06_DAL_GB,2016,6,REG,2016-10-16,16:25,DAL,GB,47.0,False,first_td,00-0029000,Cole Beasley,WR,DAL,pass,1,10:03,297,drive_game_clock_end,10:08
2016_06_ATL_SEA,2016,6,REG,2016-10-16,16:25,ATL,SEA,45.5,False,first_td,00-0030432,Christine Michael,RB,SEA,rush,1,02:02,778,drive_game_clock_end,02:07
2016_06_IND_HOU,2016,6,REG,2016-10-16,20:30,IND,HOU,47.5,False,first_td,00-0030181,Jack Doyle,TE,IND,pass,2,14:55,905,drive_game_clock_end,15:00
2016_06_NYJ_ARI,2016,6,REG,2016-10-17,20:30,NYJ,ARI,46.0,False,first_td,00-0032187,David Johnson,RB,ARI,rush,1,09:51,309,drive_game_clock_end,10:03
2016_07_CHI_GB,2016,7,REG,2016-10-20,20:25,CHI,GB,46.5,False,first_td,00-0033072,Leonard Floyd,DE,CHI,return,3,14:30,1830,drive_game_clock_end,14:43
2016_07_NYG_LA,2016,7,REG,2016-10-23,09:30,NYG,LA,44.5,False,first_td,00-0030525,Tavon Austin,WR,LA,pass,1,11:15,225,drive_game_clock_end,11:21
2016_07_CLE_CIN,2016,7,REG,2016-10-23,13:00,CLE,CIN,46.5,True,first_td,00-0030456,Giovani Bernard,RB,CIN,rush,1,12:14,166,drive_game_clock_end,12:19
2016_07_WAS_DET,2016,7,REG,2016-10-23,13:00,WAS,DET,50.0,True,first_td,00-0031665,Zach Zenner,RB,DET,rush,3,07:20,2260,drive_game_clock_end,07:28
2016_07_OAK_JAX,2016,7,REG,2016-10-23,13:00,OAK,JAX,47.5,True,first_td,00-0030513,Latavius Murray,RB,LV,rush,2,05:32,1468,drive_game_clock_end,05:37
2016_07_NO_KC,2016,7,REG,2016-10-23,13:00,NO,KC,51.0,True,first_td,00-0031236,Brandin Cooks,WR,NO,pass,1,06:07,533,drive_game_clock_end,06:12
2016_07_BUF_MIA,2016,7,REG,2016-10-23,13:00,BUF,MIA,46.0,True,first_td,00-0028118,Tyrod Taylor,QB,BUF,rush,2,11:47,1093,drive_game_clock_end,11:57
2016_07_BAL_NYJ,2016,7,REG,2016-10-23,13:00,BAL,NYJ,40.5,True,first_td,00-0032398,Chris Moore,WR,BAL,return,1,09:37,323,drive_game_clock_end,09:45
2016_07_MIN_PHI,2016,7,REG,2016-10-23,13:00,MIN,PHI,39.0,True,first_td,00-0030990,Josh Huff,WR,PHI,return,2,08:48,1272,drive_game_clock_end,09:01
2016_07_IND_TEN,2016,7,REG,2016-10-23,13:00,IND,TEN,48.5,True,first_td,00-0031442,Taylor Lewan,OT,TEN,pass,1,09:14,346,drive_game_clock_end,09:21
2016_07_SD_ATL,2016,7,REG,2016-10-23,16:05,SD,ATL,52.5,False,first_td,00-0032144,Melvin Gordon,RB,LAC,rush,1,10:55,245,drive_game_clock_end,10:59
2016_07_TB_SF,2016,7,REG,2016-10-23,16:05,TB,SF,45.0,False,first_td,00-0032063,Mike Davis,RB,SF,rush,1,13:02,118,drive_game_clock_end,13:04
2016_07_NE_PIT,2016,7,REG,2016-10-23,16:25,NE,PIT,49.0,False,first_td,00-0031062,James White,RB,NE,pass,1,02:55,725,drive_game_clock_end,03:03
2016_07_SEA_ARI,2016,7,REG,2016-10-23,20:30,SEA,ARI,43.0,False,no_td,,,,,,,,,,
2016_07_HOU_DEN,2016,7,REG,2016-10-24,20:30,HOU,DEN,40.0,False,first_td,00-0029854,C.J. Anderson,RB,DEN,rush,2,09:10,1250,drive_game_clock_end,09:15
2016_08_JAX_TEN,2016,8,REG,2016-10-27,20:25,JAX,TEN,43.5,False,first_td,00-0029708,Kendall Wright,WR,TEN,pass,2,14:53,907,drive_game_clock_end,15:00
2016_08_WAS_CIN,2016,8,REG,2016-10-30,09:30,WAS,CIN,49.0,False,first_td,00-0032371,Rob Kelley,RB,WAS,rush,1,07:38,442,drive_game_clock_end,07:44
2016_08_NE_BUF,2016,8,REG,2016-10-30,13:00,NE,BUF,48.0,True,first_td,00-0026035,Danny Amendola,WR,NE,pass,1,04:35,625,drive_game_clock_end,04:41
2016_08_ARI_CAR,2016,8,REG,2016-10-30,13:00,ARI,CAR,45.5,True,first_td,00-0023448,Thomas Davis,OLB,CAR,return,1,11:48,192,drive_game_clock_end,12:01
2016_08_NYJ_CLE,2016,8,REG,2016-10-30,13:00,NYJ,CLE,45.5,True,first_td,00-0027918,Andrew Hawkins,WR,CLE,pass,1,11:45,195,drive_game_clock_end,11:52
2016_08_DET_HOU,2016,8,REG,2016-10-30,13:00,DET,HOU,46.5,True,first_td,00-0031302,C.J. Fiedorowicz,TE,HOU,pass,2,12:56,1024,drive_game_clock_end,13:01
2016_08_KC_IND,2016,8,REG,2016-10-30,13:00,KC,IND,50.5,True,first_td,00-0030506,Travis Kelce,TE,KC,pass,2,12:58,1022,drive_game_clock_end,13:05
2016_08_SEA_NO,2016,8,REG,2016-10-30,13:00,SEA,NO,50.0,True,first_td,00-0027866,Earl Thomas,FS,SEA,return,1,07:53,427,drive_game_clock_end,08:04
2016_08_OAK_TB,2016,8,REG,2016-10-30,13:00,OAK,TB,48.0,True,first_td,00-0030147,Russell Shepard,WR,TB,pass,2,14:54,906,drive_game_clock_end,15:00
2016_08_SD_DEN,2016,8,REG,2016-10-30,16:05,SD,DEN,43.0,False,first_td,00-0021547,Antonio Gates,TE,LAC,pass,1,07:24,456,drive_game_clock_end,07:30
2016_08_GB_ATL,2016,8,REG,2016-10-30,16:25,GB,ATL,51.0,False,first_td,00-0026176,Jordy Nelson,WR,GB,pass,1,06:08,532,drive_game_clock_end,06:14
2016_08_PHI_DAL,2016,8,REG,2016-10-30,20:30,PHI,DAL,44.0,False,first_td,00-0033077,Dak Prescott,QB,DAL,rush,1,04:41,619,drive_game_clock_end,04:46
2016_08_MIN_CHI,2016,8,REG,2016-10-31,20:30,MIN,CHI,39.5,False,first_td,00-0032780,Jordan Howard,RB,CHI,rush,2,07:49,1331,drive_game_clock_end,07:54
2016_09_ATL_TB,2016,9,REG,2016-11-03,20:25,ATL,TB,49.0,False,first_td,00-0031408,Mike Evans,WR,TB,pass,1,09:28,332,drive_game_clock_end,09:37
2016_09_PIT_BAL,2016,9,REG,2016-11-06,13:00,PIT,BAL,46.0,True,first_td,00-0026901,Mike Wallace,WR,BAL,pass,1,01:07,833,drive_game_clock_end,01:21
2016_09_DAL_CLE,2016,9,REG,2016-11-06,13:00,DAL,CLE,49.0,True,first_td,00-0022127,Jason Witten,TE,DAL,pass,1,06:47,493,drive_game_clock_end,06:53
2016_09_JAX_KC,2016,9,REG,2016-11-06,13:00,JAX,KC,42.5,True,first_td,00-0030669,Albert Wilson,WR,KC,pass,1,01:49,791,drive_game_clock_end,01:55
2016_09_NYJ_MIA,2016,9,REG,2016-11-06,13:00,NYJ,MIA,45.0,True,first_td,00-0031590,Jay Ajayi,RB,MIA,rush,1,04:56,604,drive_game_clock_end,05:04
2016_09_DET_MIN,2016,9,REG,2016-11-06,13:00,DET,MIN,42.5,True,first_td,00-0022084,Anquan Boldin,WR,DET,pass,2,00:05,1795,drive_game_clock_end,00:08
2016_09_PHI_NYG,2016,9,REG,2016-11-06,13:00,PHI,NYG,42.5,True,first_td,00-0031235,Odell Beckham Jr.,WR,NYG,pass,1,12:27,153,drive_game_clock_end,12:36
2016_09_CAR_LA,2016,9,REG,2016-11-06,16:05,CAR,LA,44.5,False,first_td,00-0025418,Greg Olsen,TE,CAR,pass,1,03:44,676,drive_game_clock_end,03:49
2016_09_NO_SF,2016,9,REG,2016-11-06,16:05,NO,SF,53.0,False,first_td,00-0026289,Tim Hightower,RB,NO,rush,1,05:11,589,drive_game_clock_end,05:15
2016_09_IND_GB,2016,9,REG,2016-11-06,16:25,IND,GB,52.0,False,first_td,00-0028121,Jordan Todman,RB,IND,return,1,14:47,13,drive_game_clock_end,15:00
2016_09_TEN_SD,2016,9,REG,2016-11-06,16:25,TEN,SD,47.5,False,first_td,00-0021547,Antonio Gates,TE,LAC,pass,1,10:02,298,drive_game_clock_end,10:07
2016_09_DEN_OAK,2016,9,REG,2016-11-06,20:30,DEN,OAK,44.5,False,first_td,00-0030513,Latavius Murray,RB,LV,rush,2,14:07,953,drive_game_clock_end,14:11
2016_09_BUF_SEA,2016,9,REG,2016-11-07,20:30,BUF,SEA,43.5,False,first_td,00-0028118,Tyrod Taylor,QB,BUF,rush,1,13:32,88,drive_game_clock_end,13:36
2016_10_CLE_BAL,2016,10,REG,2016-11-10,20:25,CLE,BAL,44.0,False,first_td,00-0033080,Seth DeValve,TE,CLE,pass,2,06:30,1410,drive_game_clock_end,06:36
2016_10_KC_CAR,2016,10,REG,2016-11-13,13:00,KC,CAR,44.0,True,first_td,00-0027939,Cam Newton,QB,CAR,rush,2,09:05,1255,drive_game_clock_end,09:12
2016_10_HOU_JAX,2016,10,REG,2016-11-13,13:00,HOU,JAX,42.0,True,first_td,00-0027872,Kareem Jackson,S,HOU,return,1,11:57,183,drive_game_clock_end,12:07
2016_10_DEN_NO,2016,10,REG,2016-11-13,13:00,DEN,NO,50.0,True,first_td,00-0031697,Jordan Taylor,WR,DEN,pass,1,05:45,555,drive_game_clock_end,05:51
2016_10_LA_NYJ,2016,10,REG,2016-11-13,13:00,LA,NYJ,39.0,True,first_td,00-0028064,Bilal Powell,RB,NYJ,pass,2,12:35,1045,drive_game_clock_end,12:40
2016_10_ATL_PHI,2016,10,REG,2016-11-13,13:00,ATL,PHI,48.5,True,first_td,00-0027864,Ryan Mathews,RB,PHI,rush,1,04:17,643,drive_game_clock_end,04:19
2016_10_CHI_TB,2016,10,REG,2016-11-13,13:00,CHI,TB,45.0,True,first_td,00-0028031,Chris Conte,FS,TB,return,1,05:34,566,drive_game_clock_end,05:42
2016_10_GB_TEN,2016,10,REG,2016-11-13,13:00,GB,TEN,48.5,True,first_td,00-0028009,DeMarco Murray,RB,TEN,rush,1,13:17,103,drive_game_clock_end,13:28
2016_10_MIN_WAS,2016,10,REG,2016-11-13,13:00,MIN,WAS,42.0,True,first_td,00-0031941,Jamison Crowder,WR,WAS,pass,1,09:04,356,drive_game_clock_end,09:11
2016_10_MIA_SD,2016,10,REG,2016-11-13,16:05,MIA,SD,48.5,False,first_td,00-0021547,Antonio Gates,TE,LAC,pass,2,07:37,1343,drive_game_clock_end,07:42
2016_10_SF_ARI,2016,10,REG,2016-11-13,16:25,SF,ARI,46.5,False,first_td,00-0032187,David Johnson,RB,ARI,pass,1,03:55,665,drive_game_clock_end,04:00
2016_10_DAL_PIT,2016,10,REG,2016-11-13,16:25,DAL,PIT,50.5,False,first_td,00-0030496,Le'Veon Bell,RB,PIT,pass,1,09:54,306,drive_game_clock_end,09:57
2016_10_SEA_NE,2016,10,REG,2016-11-13,20:30,SEA,NE,49.5,False,first_td,00-0027325,LeGarrette Blount,RB,NE,rush,1,10:19,281,drive_game_clock_end,10:30
2016_10_CIN_NYG,2016,10,REG,2016-11-14,20:30,CIN,NYG,49.5,False,first_td,00-0032429,Jerell Adams,TE,NYG,pass,1,11:05,235,drive_game_clock_end,11:12
2016_11_NO_CAR,2016,11,REG,2016-11-17,20:25,NO,CAR,52.5,False,first_td,00-0026153,Jonathan Stewart,RB,CAR,rush,2,05:40,1460,drive_game_clock_end,05:43
2016_11_BUF_CIN,2016,11,REG,2016-11-20,13:00,BUF,CIN,48.0,True,first_td,00-0027029,LeSean McCoy,RB,BUF,rush,1,08:52,368,drive_game_clock_end,08:57
2016_11_PIT_CLE,2016,11,REG,2016-11-20,13:00,PIT,CLE,45.5,True,first_td,00-0030496,Le'Veon Bell,RB,PIT,rush,2,00:00,1800,drive_game_clock_end,00:00
2016_11_BAL_DAL,2016,11,REG,2016-11-20,13:00,BAL,DAL,44.5,True,first_td,00-0031375,Terrance West,RB,BAL,rush,1,05:28,572,drive_game_clock_end,05:35
2016_11_JAX_DET,2016,11,REG,2016-11-20,13:00,JAX,DET,47.0,True,first_td,00-0027691,Andre Roberts,WR,DET,return,2,11:13,1127,drive_game_clock_end,11:31
2016_11_TEN_IND,2016,11,REG,2016-11-20,13:00,TEN,IND,53.5,True,first_td,00-0029273,Robert Turbin,RB,IND,rush,1,08:39,381,drive_game_clock_end,08:42
2016_11_TB_KC,2016,11,REG,2016-11-20,13:00,TB,KC,45.0,True,first_td,00-0023436,Alex Smith,QB,KC,rush,2,01:13,1727,drive_game_clock_end,01:20
2016_11_ARI_MIN,2016,11,REG,2016-11-20,13:00,ARI,MIN,39.5,True,first_td,00-0030035,Adam Thielen,WR,MIN,pass,1,10:25,275,drive_game_clock_end,10:30
2016_11_CHI_NYG,2016,11,REG,2016-11-20,13:00,CHI,NYG,41.5,True,first_td,00-0027125,Zach Miller,TE,CHI,pass,1,09:46,314,drive_game_clock_end,09:54
2016_11_MIA_LA,2016,11,REG,2016-11-20,16:05,MIA,LA,39.0,False,first_td,00-0032241,Todd Gurley,RB,LA,rush,1,09:47,313,drive_game_clock_end,09:54
2016_11_PHI_SEA,2016,11,REG,2016-11-20,16:25,PHI,SEA,43.0,False,first_td,00-0032393,C.J. Prosise,RB,SEA,rush,1,11:02,238,drive_game_clock_end,11:14
2016_11_NE_SF,2016,11,REG,2016-11-20,16:25,NE,SF,51.5,False,first_td,00-0027150,Julian Edelman,WR,NE,pass,1,10:10,290,drive_game_clock_end,10:16
2016_11_GB_WAS,2016,11,REG,2016-11-20,20:30,GB,WAS,48.5,False,first_td,00-0026189,DeSean Jackson,WR,WAS,pass,1,02:56,724,drive_game_clock_end,03:03
2016_11_HOU_OAK,2016,11,REG,2016-11-21,20:30,HOU,OAK,45.5,False,first_td,00-0033025,Jalen Richard,RB,LV,pass,2,14:54,906,drive_game_clock_end,15:00
2016_12_MIN_DET,2016,12,REG,2016-11-24,12:30,MIN,DET,42.0,False,first_td,00-0022084,Anquan Boldin,WR,DET,pass,1,07:14,466,drive_game_clock_end,07:20
2016_12_WAS_DAL,2016,12,REG,2016-11-24,16:30,WAS,DAL,53.0,False,first_td,00-0033045,Ezekiel Elliott,RB,DAL,rush,1,11:09,231,drive_game_clock_end,11:15
2016_12_PIT_IND,2016,12,REG,2016-11-24,20:30,PIT,IND,50.0,False,first_td,00-0030496,Le'Veon Bell,RB,PIT,rush,1,09:10,350,drive_game_clock_end,09:16
2016_12_ARI_ATL,2016,12,REG,2016-11-27,13:00,ARI,ATL,49.0,True,first_td,00-0027873,Jermaine Gresham,TE,ARI,pass,1,09:39,321,drive_game_clock_end,09:45
2016_12_CIN_BAL,2016,12,REG,2016-11-27,13:00,CIN,BAL,42.0,True,first_td,00-0032054,Breshad Perriman,WR,BAL,pass,1,10:15,285,drive_game_clock_end,10:21
2016_12_JAX_BUF,2016,12,REG,2016-11-27,13:00,JAX,BUF,43.5,True,first_td,00-0027531,Chris Ivory,RB,JAX,rush,1,08:15,405,drive_game_clock_end,08:21
2016_12_TEN_CHI,2016,12,REG,2016-11-27,13:00,TEN,CHI,41.5,True,first_td,00-0032098,Daniel Brown,TE,CHI,pass,1,04:27,633,drive_game_clock_end,04:32
2016_12_NYG_CLE,2016,12,REG,2016-11-27,13:00,NYG,CLE,47.0,True,first_td,00-0028114,Dwayne Harris,WR,NYG,pass,2,07:03,1377,drive_game_clock_end,07:08
2016_12_SD_HOU,2016,12,REG,2016-11-27,13:00,SD,HOU,45.5,True,first_td,00-0029682,Brock Osweiler,QB,HOU,rush,2,11:11,1129,drive_game_clock_end,11:16
2016_12_SF_MIA,2016,12,REG,2016-11-27,13:00,SF,MIA,44.5,True,first_td,00-0031045,Carlos Hyde,RB,SF,pass,1,09:46,314,drive_game_clock_end,09:51
2016_12_LA_NO,2016,12,REG,2016-11-27,13:00,LA,NO,46.0,True,first_td,00-0030525,Tavon Austin,WR,LA,pass,1,12:08,172,drive_game_clock_end,12:14
2016_12_SEA_TB,2016,12,REG,2016-11-27,16:05,SEA,TB,46.0,False,first_td,00-0031408,Mike Evans,WR,TB,pass,1,07:34,446,drive_game_clock_end,07:41
2016_12_NE_NYJ,2016,12,REG,2016-11-27,16:25,NE,NYJ,48.0,False,first_td,00-0024334,Brandon Marshall,WR,NYJ,pass,2,14:56,904,drive_game_clock_end,15:00
2016_12_CAR_OAK,2016,12,REG,2016-11-27,16:25,CAR,OAK,48.5,False,first_td,00-0031166,Seth Roberts,WR,LV,pass,1,04:48,612,drive_game_clock_end,04:54
2016_12_KC_DEN,2016,12,REG,2016-11-27,20:30,KC,DEN,40.0,False,first_td,00-0033040,Tyreek Hill,WR,KC,return,2,06:04,1436,drive_game_clock_end,06:16
2016_12_GB_PHI,2016,12,REG,2016-11-28,20:30,GB,PHI,47.0,False,first_td,00-0031381,Davante Adams,WR,GB,pass,1,09:51,309,drive_game_clock_end,09:55
2016_13_DAL_MIN,2016,13,REG,2016-12-01,20:25,DAL,MIN,43.5,False,first_td,00-0033045,Ezekiel Elliott,RB,DAL,rush,2,05:29,1471,drive_game_clock_end,05:33
2016_13_KC_ATL,2016,13,REG,2016-12-04,13:00,KC,ATL,50.0,True,first_td,00-0031285,Devonta Freeman,RB,ATL,rush,1,10:02,298,drive_game_clock_end,10:05
2016_13_MIA_BAL,2016,13,REG,2016-12-04,13:00,MIA,BAL,41.5,True,first_td,00-0031375,Terrance West,RB,BAL,pass,1,10:57,243,drive_game_clock_end,11:02
2016_13_SF_CHI,2016,13,REG,2016-12-04,13:00,SF,CHI,44.0,True,first_td,00-0032780,Jordan Howard,RB,CHI,rush,2,00:31,1769,drive_game_clock_end,00:35
2016_13_PHI_CIN,2016,13,REG,2016-12-04,13:00,PHI,CIN,42.0,True,first_td,00-0031301,Jeremy Hill,RB,CIN,rush,1,01:32,808,drive_game_clock_end,01:35
2016_13_HOU_GB,2016,13,REG,2016-12-04,13:00,HOU,GB,44.5,True,first_td,00-0028002,Randall Cobb,WR,GB,pass,2,08:02,1318,drive_game_clock_end,08:10
2016_13_DEN_JAX,2016,13,REG,2016-12-04,13:00,DEN,JAX,39.0,True,first_td,00-0032972,Devontae Booker,RB,DEN,rush,2,06:54,1386,drive_game_clock_end,07:01
2016_13_LA_NE,2016,13,REG,2016-12-04,13:00,LA,NE,44.5,True,first_td,00-0027325,LeGarrette Blount,RB,NE,rush,1,10:38,262,drive_game_clock_end,10:46
2016_13_DET_NO,2016,13,REG,2016-12-04,13:00,DET,NO,53.0,True,first_td,00-0030107,Theo Riddick,RB,DET,pass,2,13:03,1017,drive_game_clock_end,13:05
2016_13_BUF_OAK,2016,13,REG,2016-12-04,16:05,BUF,OAK,48.5,False,first_td,00-0030433,Mike Gillislee,RB,BUF,rush,2,13:28,992,drive_game_clock_end,13:31
2016_13_WAS_ARI,2016,13,REG,2016-12-04,16:25,WAS,ARI,48.5,False,first_td,00-0032187,David Johnson,RB,ARI,rush,1,06:43,497,drive_game_clock_end,06:48
2016_13_NYG_PIT,2016,13,REG,2016-12-04,16:25,NYG,PIT,49.5,False,first_td,00-0027793,Antonio Brown,WR,PIT,pass,2,07:10,1370,drive_game_clock_end,07:20
2016_13_TB_SD,2016,13,REG,2016-12-04,16:25,TB,SD,49.0,False,first_td,00-0028411,Dontrelle Inman,WR,LAC,pass,1,10:53,247,drive_game_clock_end,11:03
2016_13_CAR_SEA,2016,13,REG,2016-12-04,20:30,CAR,SEA,44.0,False,first_td,00-0031897,Thomas Rawls,RB,SEA,rush,1,06:42,498,drive_game_clock_end,06:47
2016_13_IND_NYJ,2016,13,REG,2016-12-05,20:30,IND,NYJ,48.5,False,first_td,00-0029689,Dwayne Allen,TE,IND,pass,1,10:23,277,drive_game_clock_end,10:29
2016_14_OAK_KC,2016,14,REG,2016-12-08,20:25,OAK,KC,46.0,False,first_td,00-0033040,Tyreek Hill,WR,KC,pass,2,14:51,909,drive_game_clock_end,14:57
2016_14_PIT_BUF,2016,14,REG,2016-12-11,13:00,PIT,BUF,45.5,True,first_td,00-0030496,Le'Veon Bell,RB,PIT,rush,1,06:00,540,drive_game_clock_end,06:05
2016_14_SD_CAR,2016,14,REG,2016-12-11,13:00,SD,CAR,48.5,True,first_td,00-0026153,Jonathan Stewart,RB,CAR,rush,1,01:48,792,drive_game_clock_end,01:52
2016_14_CIN_CLE,2016,14,REG,2016-12-11,13:00,CIN,CLE,42.0,True,first_td,00-0030549,Tyler Eifert,TE,CIN,pass,1,12:21,159,drive_game_clock_end,12:26
2016_14_CHI_DET,2016,14,REG,2016-12-11,13:00,CHI,DET,42.0,True,first_td,00-0022084,Anquan Boldin,WR,DET,pass,2,00:19,1781,drive_game_clock_end,00:24
2016_14_HOU_IND,2016,14,REG,2016-12-11,13:00,HOU,IND,47.5,True,first_td,00-0029615,Lamar Miller,RB,HOU,rush,2,02:26,1654,drive_game_clock_end,02:29
2016_14_MIN_JAX,2016,14,REG,2016-12-11,13:00,MIN,JAX,38.0,True,first_td,00-0027595,Bryan Walters,WR,JAX,pass,3,03:50,2470,drive_game_clock_end,03:54
2016_14_ARI_MIA,2016,14,REG,2016-12-11,13:00,ARI,MIA,44.0,True,first_td,00-0030085,Kenny Stills,WR,MIA,pass,1,09:27,333,drive_game_clock_end,09:33
2016_14_WAS_PHI,2016,14,REG,2016-12-11,13:00,WAS,PHI,48.5,True,first_td,00-0032371,Rob Kelley,RB,WAS,rush,2,04:11,1549,drive_game_clock_end,04:19
2016_14_DEN_TEN,2016,14,REG,2016-12-11,13:00,DEN,TEN,44.0,True,first_td,00-0028009,DeMarco Murray,RB,TEN,rush,1,07:29,451,drive_game_clock_end,07:33
2016_14_NYJ_SF,2016,14,REG,2016-12-11,16:05,NYJ,SF,42.5,False,first_td,00-0031045,Carlos Hyde,RB,SF,pass,1,13:57,63,drive_game_clock_end,14:04
2016_14_SEA_GB,2016,14,REG,2016-12-11,16:25,SEA,GB,47.0,False,first_td,00-0031381,Davante Adams,WR,GB,pass,1,13:30,90,drive_game_clock_end,13:41
2016_14_ATL_LA,2016,14,REG,2016-12-11,16:25,ATL,LA,44.0,False,first_td,00-0031570,Justin Hardy,WR,ATL,pass,1,10:15,285,drive_game_clock_end,14:56
2016_14_NO_TB,2016,14,REG,2016-12-11,16:25,NO,TB,52.0,False,first_td,00-0029613,Doug Martin,RB,TB,rush,2,14:50,910,drive_game_clock_end,14:55
2016_14_DAL_NYG,2016,14,REG,2016-12-11,20:30,DAL,NYG,47.0,False,first_td,00-0030542,Terrance Williams,WR,DAL,pass,1,04:44,616,drive_game_clock_end,04:51
2016_14_BAL_NE,2016,14,REG,2016-12-12,20:30,BAL,NE,45.5,False,first_td,00-0027325,LeGarrette Blount,RB,NE,rush,1,01:04,836,drive_game_clock_end,01:09
2016_15_LA_SEA,2016,15,REG,2016-12-15,20:25,LA,SEA,39.5,False,first_td,00-0030089,Luke Willson,TE,SEA,pass,2,12:21,1059,drive_game_clock_end,12:27
2016_15_MIA_NYJ,2016,15,REG,2016-12-17,20:25,MIA,NYJ,40.0,False,first_td,00-0032688,Robbie Chosen,WR,NYJ,pass,1,11:32,208,drive_game_clock_end,11:39
2016_15_PHI_BAL,2016,15,REG,2016-12-18,13:00,PHI,BAL,41.0,True,first_td,00-0028497,Kamar Aiken,WR,BAL,pass,1,11:38,202,drive_game_clock_end,11:41
2016_15_CLE_BUF,2016,15,REG,2016-12-18,13:00,CLE,BUF,43.5,True,first_td,00-0030433,Mike Gillislee,RB,BUF,rush,1,00:00,900,drive_game_clock_end,00:03
2016_15_GB_CHI,2016,15,REG,2016-12-18,13:00,GB,CHI,40.0,True,first_td,00-0032200,Ty Montgomery,WR,GB,rush,1,09:57,303,drive_game_clock_end,10:02
2016_15_PIT_CIN,2016,15,REG,2016-12-18,13:00,PIT,CIN,45.5,True,first_td,00-0027973,Andy Dalton,QB,CIN,rush,1,00:00,900,drive_game_clock_end,00:04
2016_15_JAX_HOU,2016,15,REG,2016-12-18,13:00,JAX,HOU,39.5,True,first_td,00-0031407,Blake Bortles,QB,JAX,rush,2,08:32,1288,drive_game_clock_end,08:39
2016_15_TEN_KC,2016,15,REG,2016-12-18,13:00,TEN,KC,43.0,True,first_td,00-0033040,Tyreek Hill,WR,KC,rush,1,11:43,197,drive_game_clock_end,11:55
2016_15_IND_MIN,2016,15,REG,2016-12-18,13:00,IND,MIN,44.5,True,first_td,00-0029273,Robert Turbin,RB,IND,rush,1,02:22,758,drive_game_clock_end,02:25
2016_15_DET_NYG,2016,15,REG,2016-12-18,13:00,DET,NYG,42.5,True,first_td,00-0032385,Sterling Shepard,WR,NYG,pass,1,09:23,337,drive_game_clock_end,09:30
2016_15_NO_ARI,2016,15,REG,2016-12-18,16:05,NO,ARI,48.5,False,first_td,00-0030117,Kerwynn Williams,RB,ARI,rush,1,12:27,153,drive_game_clock_end,12:38
2016_15_SF_ATL,2016,15,REG,2016-12-18,16:05,SF,ATL,51.5,False,first_td,00-0031285,Devonta Freeman,RB,ATL,rush,1,10:31,269,drive_game_clock_end,10:35
2016_15_NE_DEN,2016,15,REG,2016-12-18,16:25,NE,DEN,43.5,False,first_td,00-0027325,LeGarrette Blount,RB,NE,rush,2,11:01,1139,drive_game_clock_end,11:05
2016_15_OAK_SD,2016,15,REG,2016-12-18,16:25,OAK,SD,49.5,False,first_td,00-0029269,Travis Benjamin,WR,LAC,pass,1,10:32,268,drive_game_clock_end,10:39
2016_15_TB_DAL,2016,15,REG,2016-12-18,20:30,TB,DAL,47.5,False,first_td,00-0033045,Ezekiel Elliott,RB,DAL,rush,2,12:34,1046,drive_game_clock_end,12:38
2016_15_CAR_WAS,2016,15,REG,2016-12-19,20:30,CAR,WAS,50.5,False,first_td,00-0025396,Ted Ginn,WR,CAR,pass,1,01:50,790,drive_game_clock_end,01:57
2016_16_NYG_PHI,2016,16,REG,2016-12-22,20:25,NYG,PHI,42.5,False,first_td,00-0023564,Darren Sproles,RB,PHI,rush,1,09:48,312,drive_game_clock_end,09:54
2016_16_MIA_BUF,2016,16,REG,2016-12-24,13:00,MIA,BUF,44.5,False,first_td,00-0031590,Jay Ajayi,RB,MIA,rush,1,06:24,516,drive_game_clock_end,06:30
2016_16_ATL_CAR,2016,16,REG,2016-12-24,13:00,ATL,CAR,48.5,False,first_td,00-0032599,Josh Perkins,TE,ATL,pass,1,10:57,243,drive_game_clock_end,11:05
2016_16_WAS_CHI,2016,16,REG,2016-12-24,13:00,WAS,CHI,49.0,False,first_td,00-0030404,Chris Thompson,RB,WAS,rush,1,07:43,437,drive_game_clock_end,07:48
2016_16_SD_CLE,2016,16,REG,2016-12-24,13:00,SD,CLE,45.0,False,first_td,00-0021547,Antonio Gates,TE,LAC,pass,1,10:49,251,drive_game_clock_end,10:53
2016_16_MIN_GB,2016,16,REG,2016-12-24,13:00,MIN,GB,44.5,False,first_td,00-0026176,Jordy Nelson,WR,GB,pass,1,07:13,467,drive_game_clock_end,07:20
2016_16_TEN_JAX,2016,16,REG,2016-12-24,13:00,TEN,JAX,44.0,False,first_td,00-0031431,Marqise Lee,WR,JAX,pass,1,11:03,237,drive_game_clock_end,11:10
2016_16_NYJ_NE,2016,16,REG,2016-12-24,13:00,NYJ,NE,45.0,False,first_td,00-0026201,Martellus Bennett,TE,NE,pass,1,03:02,718,drive_game_clock_end,03:07
2016_16_IND_OAK,2016,16,REG,2016-12-24,16:05,IND,OAK,52.0,False,first_td,00-0028263,Andre Holmes,WR,LV,pass,2,14:57,903,drive_game_clock_end,15:00
2016_16_SF_LA,2016,16,REG,2016-12-24,16:25,SF,LA,39.5,False,first_td,00-0031045,Carlos Hyde,RB,SF,pass,1,09:01,359,drive_game_clock_end,09:08
2016_16_TB_NO,2016,16,REG,2016-12-24,16:25,TB,NO,53.0,False,first_td,00-0027966,Mark Ingram,RB,NO,rush,1,00:57,843,drive_game_clock_end,01:01
2016_16_ARI_SEA,2016,16,REG,2016-12-24,16:25,ARI,SEA,43.5,False,first_td,00-0032187,David Johnson,RB,ARI,rush,1,07:52,428,drive_game_clock_end,07:56
2016_16_CIN_HOU,2016,16,REG,2016-12-24,20:25,CIN,HOU,41.5,False,first_td,00-0027681,Brandon LaFell,WR,CIN,pass,4,10:45,2955,drive_game_clock_end,10:59
2016_16_BAL_PIT,2016,16,REG,2016-12-25,16:30,BAL,PIT,46.5,False,first_td,00-0031035,Xavier Grimble,TE,PIT,pass,1,07:12,468,drive_game_clock_end,07:18
2016_16_DEN_KC,2016,16,REG,2016-12-25,20:30,DEN,KC,38.5,False,first_td,00-0023436,Alex Smith,QB,KC,rush,1,08:59,361,drive_game_clock_end,09:05
2016_16_DET_DAL,2016,16,REG,2016-12-26,20:30,DET,DAL,47.0,False,first_td,00-0030516,Brice Butler,WR,DAL,pass,1,09:57,303,drive_game_clock_end,10:02
2016_17_BAL_CIN,2016,17,REG,2017-01-01,13:00,BAL,CIN,40.5,True,first_td,00-0030288,Rex Burkhead,RB,CIN,rush,1,10:17,283,drive_game_clock_end,10:23
2016_17_JAX_IND,2016,17,REG,2017-01-01,13:00,JAX,IND,48.5,True,first_td,00-0032139,Ben Koyack,TE,JAX,pass,1,05:57,543,drive_game_clock_end,06:03
2016_17_NE_MIA,2016,17,REG,2017-01-01,13:00,NE,MIA,47.0,True,first_td,00-0026201,Martellus Bennett,TE,NE,pass,1,07:28,452,drive_game_clock_end,07:35
2016_17_CHI_MIN,2016,17,REG,2017-01-01,13:00,CHI,MIN,44.0,True,first_td,00-0031376,Jerick McKinnon,RB,MIN,pass,1,11:36,204,drive_game_clock_end,11:45
2016_17_BUF_NYJ,2016,17,REG,2017-01-01,13:00,BUF,NYJ,43.0,True,first_td,00-0028064,Bilal Powell,RB,NYJ,pass,2,09:28,1232,drive_game_clock_end,09:32
2016_17_DAL_PHI,2016,17,REG,2017-01-01,13:00,DAL,PHI,44.0,True,first_td,00-0030542,Terrance Williams,WR,DAL,pass,2,10:11,1189,drive_game_clock_end,10:15
2016_17_CLE_PIT,2016,17,REG,2017-01-01,13:00,CLE,PIT,41.5,True,first_td,00-0033080,Seth DeValve,TE,CLE,pass,1,07:48,432,drive_game_clock_end,07:57
2016_17_CAR_TB,2016,17,REG,2017-01-01,13:00,CAR,TB,44.5,True,first_td,00-0026153,Jonathan Stewart,RB,CAR,rush,1,08:22,398,drive_game_clock_end,08:26
2016_17_HOU_TEN,2016,17,REG,2017-01-01,13:00,HOU,TEN,41.5,True,first_td,00-0031054,DaQuan Jones,DE,TEN,return,1,09:57,303,drive_game_clock_end,10:04
2016_17_NO_ATL,2016,17,REG,2017-01-01,16:25,NO,ATL,58.5,False,first_td,00-0032058,Tevin Coleman,RB,ATL,pass,1,11:55,185,drive_game_clock_end,12:01
2016_17_OAK_DEN,2016,17,REG,2017-01-01,16:25,OAK,DEN,40.0,False,first_td,00-0032972,Devontae Booker,RB,DEN,rush,1,10:15,285,drive_game_clock_end,10:22
2016_17_ARI_LA,2016,17,REG,2017-01-01,16:25,ARI,LA,39.0,False,first_td,00-0028249,Jeremy Ross,WR,ARI,pass,2,07:42,1338,drive_game_clock_end,07:47
2016_17_KC_SD,2016,17,REG,2017-01-01,16:25,KC,SD,45.0,False,first_td,00-0021547,Antonio Gates,TE,LAC,pass,2,14:49,911,drive_game_clock_end,14:55
2016_17_SEA_SF,2016,17,REG,2017-01-01,16:25,SEA,SF,44.5,False,first_td,00-0028202,Shaun Draughn,RB,SF,rush,1,09:35,325,drive_game_clock_end,09:41
2016_17_NYG_WAS,2016,17,REG,2017-01-01,16:25,NYG,WAS,47.5,False,first_td,00-0027155,Rashad Jennings,RB,NYG,rush,2,09:20,1240,drive_game_clock_end,09:24
2016_17_GB_DET,2016,17,REG,2017-01-01,20:30,GB,DET,50.0,False,first_td,00-0031612,Aaron Ripkowski,FB,GB,pass,2,10:47,1153,drive_game_clock_end,10:54
2016_18_OAK_HOU,2016,18,WC,2017-01-07,16:35,OAK,HOU,37.5,False,first_td,00-0029615,Lamar Miller,RB,HOU,rush,1,06:16,524,drive_game_clock_end,06:20
2016_18_DET_SEA,2016,18,WC,2017-01-07,20:15,DET,SEA,45.5,False,first_td,00-0031257,Paul Richardson,WR,SEA,pass,2,07:07,1373,drive_game_clock_end,07:14
2016_18_MIA_PIT,2016,18,WC,2017-01-08,13:05,MIA,PIT,47.5,False,first_td,00-0027793,Antonio Brown,WR,PIT,pass,1,12:15,165,drive_game_clock_end,12:25
2016_18_NYG_GB,2016,18,WC,2017-01-08,16:40,NYG,GB,46.5,False,first_td,00-0031381,Davante Adams,WR,GB,pass,2,02:20,1660,drive_game_clock_end,02:32
2016_19_SEA_ATL,2016,19,DIV,2017-01-14,16:35,SEA,ATL,51.0,False,first_td,00-0027696,Jimmy Graham,TE,SEA,pass,1,06:26,514,drive_game_clock_end,06:30
2016_19_HOU_NE,2016,19,DIV,2017-01-14,20:15,HOU,NE,44.0,False,first_td,00-0028087,Dion Lewis,RB,NE,pass,1,09:27,333,drive_game_clock_end,09:34
2016_19_GB_DAL,2016,19,DIV,2017-01-15,16:40,GB,DAL,52.5,False,first_td,00-0031384,Richard Rodgers,TE,GB,pass,1,08:58,362,drive_game_clock_end,09:06
2016_19_PIT_KC,2016,19,DIV,2017-01-15,20:20,PIT,KC,45.5,False,first_td,00-0030669,Albert Wilson,WR,KC,pass,1,06:09,531,drive_game_clock_end,06:14
2016_20_GB_ATL,2016,20,CON,2017-01-22,15:05,GB,ATL,59.5,False,first_td,00-0029632,Mohamed Sanu,WR,ATL,pass,1,08:24,396,drive_game_clock_end,08:30
2016_20_PIT_NE,2016,20,CON,2017-01-22,18:40,PIT,NE,49.5,False,first_td,00-0028237,Chris Hogan,WR,NE,pass,1,02:47,733,drive_game_clock_end,02:55
2016_21_NE_ATL,2016,21,SB,2017-02-05,18:30,NE,ATL,57.0,False,first_td,00-0031285,Devonta Freeman,RB,ATL,rush,2,12:15,1065,drive_game_clock_end,12:20
2017_01_KC_NE,2017,1,REG,2017-09-07,20:30,KC,NE,47.5,False,first_td,00-0030433,Mike Gillislee,RB,NE,rush,1,12:08,172,drive_game_clock_end,12:12
2017_01_NYJ_BUF,2017,1,REG,2017-09-10,13:00,NYJ,BUF,42.0,True,first_td,00-0028112,Charles Clay,TE,BUF,pass,2,11:26,1114,drive_game_clock_end,11:30
2017_01_ATL_CHI,2017,1,REG,2017-09-10,13:00,ATL,CHI,48.0,True,first_td,00-0031285,Devonta Freeman,RB,ATL,rush,2,04:29,1531,drive_game_clock_end,04:34
2017_01_BAL_CIN,2017,1,REG,2017-09-10,13:00,BAL,CIN,41.5,True,first_td,00-0026995,Jeremy Maclin,WR,BAL,pass,2,01:52,1688,drive_game_clock_end,02:00
2017_01_PIT_CLE,2017,1,REG,2017-09-10,13:00,PIT,CLE,47.0,True,first_td,00-0031956,Anthony Chickillo,LB,PIT,other,1,12:44,136,drive_game_clock_end,12:52
2017_01_ARI_DET,2017,1,REG,2017-09-10,13:00,ARI,DET,48.5,True,first_td,00-0029530,Justin Bethel,CB,ARI,return,1,11:14,226,drive_game_clock_end,11:29
2017_01_JAX_HOU,2017,1,REG,2017-09-10,13:00,JAX,HOU,38.0,True,first_td,00-0033856,Leonard Fournette,RB,JAX,rush,2,02:02,1678,drive_game_clock_end,02:14
2017_01_OAK_TEN,2017,1,REG,2017-09-10,13:00,OAK,TEN,49.5,True,first_td,00-0031544,Amari Cooper,WR,LV,pass,1,12:49,131,drive_game_clock_end,13:02
2017_01_PHI_WAS,2017,1,REG,2017-09-10,13:00,PHI,WAS,49.5,True,first_td,00-0031549,Nelson Agholor,WR,PHI,pass,1,11:28,212,drive_game_clock_end,11:43
2017_01_IND_LA,2017,1,REG,2017-09-10,16:05,IND,LA,41.5,False,first_td,00-0029690,Trumaine Johnson,CB,LA,return,1,11:10,230,drive_game_clock_end,11:21
2017_01_SEA_GB,2017,1,REG,2017-09-10,16:25,SEA,GB,49.5,False,first_td,00-0032200,Ty Montgomery,WR,GB,rush,3,10:33,2067,drive_game_clock_end,10:39
2017_01_CAR_SF,2017,1,REG,2017-09-10,16:25,CAR,SF,45.5,False,first_td,00-0030147,Russell Shepard,WR,CAR,pass,1,03:00,720,drive_game_clock_end,03:10
2017_01_NYG_DAL,2017,1,REG,2017-09-10,20:30,NYG,DAL,46.5,False,first_td,00-0022127,Jason Witten,TE,DAL,pass,2,01:41,1699,drive_game_clock_end,01:46
2017_01_NO_MIN,2017,1,REG,2017-09-11,19:10,NO,MIN,47.5,False,first_td,00-0031588,Stefon Diggs,WR,MIN,pass,2,04:08,1552,drive_game_clock_end,04:13
2017_01_LAC_DEN,2017,1,REG,2017-09-11,22:20,LAC,DEN,41.5,False,first_td,00-0030670,Bennie Fowler,WR,DEN,pass,1,04:50,610,drive_game_clock_end,04:58
2017_02_HOU_CIN,2017,2,REG,2017-09-14,20:25,HOU,CIN,38.0,False,first_td,00-0033537,Deshaun Watson,QB,HOU,rush,2,00:50,1750,drive_game_clock_end,01:03
2017_02_CLE_BAL,2017,2,REG,2017-09-17,13:00,CLE,BAL,39.5,True,first_td,00-0031375,Terrance West,RB,BAL,rush,1,03:56,664,drive_game_clock_end,04:02
2017_02_BUF_CAR,2017,2,REG,2017-09-17,13:00,BUF,CAR,43.0,True,no_td,,,,,,,,,,
2017_02_ARI_IND,2017,2,REG,2017-09-17,13:00,ARI,IND,44.0,True,first_td,00-0023500,Frank Gore,RB,IND,rush,1,07:38,442,drive_game_clock_end,07:42
2017_02_TEN_JAX,2017,2,REG,2017-09-17,13:00,TEN,JAX,42.0,True,first_td,00-0032764,Derrick Henry,RB,TEN,rush,3,06:36,2304,drive_game_clock_end,06:43
2017_02_PHI_KC,2017,2,REG,2017-09-17,13:00,PHI,KC,46.5,True,first_td,00-0029137,Alshon Jeffery,WR,PHI,pass,3,04:08,2452,drive_game_clock_end,04:14
2017_02_NE_NO,2017,2,REG,2017-09-17,13:00,NE,NO,55.0,True,first_td,00-0030288,Rex Burkhead,RB,NE,pass,1,10:31,269,drive_game_clock_end,10:37
2017_02_MIN_PIT,2017,2,REG,2017-09-17,13:00,MIN,PIT,43.0,True,first_td,00-0031373,Martavis Bryant,WR,PIT,pass,1,03:02,718,drive_game_clock_end,03:10
2017_02_CHI_TB,2017,2,REG,2017-09-17,13:00,CHI,TB,44.0,True,first_td,00-0031408,Mike Evans,WR,TB,pass,1,00:10,890,drive_game_clock_end,00:15
2017_02_MIA_LAC,2017,2,REG,2017-09-17,16:05,MIA,LAC,46.5,False,first_td,00-0032144,Melvin Gordon,RB,LAC,rush,2,05:01,1499,drive_game_clock_end,05:05
2017_02_NYJ_OAK,2017,2,REG,2017-09-17,16:05,NYJ,OAK,44.0,False,first_td,00-0026986,Michael Crabtree,WR,LV,pass,1,04:54,606,drive_game_clock_end,04:58
2017_02_DAL_DEN,2017,2,REG,2017-09-17,16:25,DAL,DEN,44.0,False,first_td,00-0027685,Emmanuel Sanders,WR,DEN,pass,1,09:25,335,drive_game_clock_end,09:30
2017_02_WAS_LA,2017,2,REG,2017-09-17,16:25,WAS,LA,45.5,False,first_td,00-0030404,Chris Thompson,RB,WAS,rush,2,14:54,906,drive_game_clock_end,15:00
2017_02_SF_SEA,2017,2,REG,2017-09-17,16:25,SF,SEA,42.0,False,first_td,00-0031257,Paul Richardson,WR,SEA,pass,4,07:06,3174,drive_game_clock_end,07:13
2017_02_GB_ATL,2017,2,REG,2017-09-17,20:30,GB,ATL,55.0,False,first_td,00-0031285,Devonta Freeman,RB,ATL,rush,1,09:51,309,drive_game_clock_end,09:55
2017_02_DET_NYG,2017,2,REG,2017-09-18,20:30,DET,NYG,42.0,False,first_td,00-0029293,Marvin Jones,WR,DET,pass,1,04:00,660,drive_game_clock_end,04:00
2017_03_LA_SF,2017,3,REG,2017-09-21,20:25,LA,SF,40.5,False,first_td,00-0032241,Todd Gurley,RB,LA,rush,1,14:48,12,drive_game_clock_end,14:52
2017_03_DEN_BUF,2017,3,REG,2017-09-24,13:00,DEN,BUF,40.0,True,first_td,00-0028263,Andre Holmes,WR,BUF,pass,2,11:41,1099,drive_game_clock_end,11:45
2017_03_NO_CAR,2017,3,REG,2017-09-24,13:00,NO,CAR,46.5,True,first_td,00-0032765,Michael Thomas,WR,NO,pass,1,00:22,878,drive_game_clock_end,00:29
2017_03_PIT_CHI,2017,3,REG,2017-09-24,13:00,PIT,CHI,43.5,True,first_td,00-0032780,Jordan Howard,RB,CHI,rush,1,09:09,351,drive_game_clock_end,09:13
2017_03_ATL_DET,2017,3,REG,2017-09-24,13:00,ATL,DET,51.0,True,first_td,00-0029632,Mohamed Sanu,WR,ATL,pass,1,08:17,403,drive_game_clock_end,08:46
2017_03_CLE_IND,2017,3,REG,2017-09-24,13:00,CLE,IND,42.0,True,first_td,00-0033119,Jacoby Brissett,QB,IND,rush,1,00:24,876,drive_game_clock_end,00:29
2017_03_TB_MIN,2017,3,REG,2017-09-24,13:00,TB,MIN,41.0,True,first_td,00-0033893,Dalvin Cook,RB,MIN,rush,1,10:58,242,drive_game_clock_end,11:01
2017_03_HOU_NE,2017,3,REG,2017-09-24,13:00,HOU,NE,44.5,True,first_td,00-0027656,Rob Gronkowski,TE,NE,pass,1,10:33,267,drive_game_clock_end,10:37
2017_03_MIA_NYJ,2017,3,REG,2017-09-24,13:00,MIA,NYJ,43.0,True,first_td,00-0032688,Robbie Chosen,WR,NYJ,pass,2,01:42,1698,drive_game_clock_end,01:51
2017_03_NYG_PHI,2017,3,REG,2017-09-24,13:00,NYG,PHI,42.0,True,first_td,00-0027325,LeGarrette Blount,RB,PHI,rush,2,09:29,1231,drive_game_clock_end,09:33
2017_03_SEA_TEN,2017,3,REG,2017-09-24,16:05,SEA,TEN,42.0,False,first_td,00-0028434,Doug Baldwin,WR,SEA,pass,2,01:15,1725,drive_game_clock_end,01:21
2017_03_CIN_GB,2017,3,REG,2017-09-24,16:25,CIN,GB,47.5,False,first_td,00-0027942,A.J. Green,WR,CIN,pass,1,09:40,320,drive_game_clock_end,09:40
2017_03_KC_LAC,2017,3,REG,2017-09-24,16:25,KC,LAC,47.5,False,first_td,00-0033040,Tyreek Hill,WR,KC,pass,1,12:03,177,drive_game_clock_end,12:09
2017_03_OAK_WAS,2017,3,REG,2017-09-24,20:30,OAK,WAS,53.0,False,first_td,00-0030404,Chris Thompson,RB,WAS,pass,1,09:43,317,drive_game_clock_end,09:51
2017_03_BAL_JAX,2017,3,REG,2017-09-24,21:30,BAL,JAX,38.0,False,first_td,00-0024243,Marcedes Lewis,TE,JAX,pass,1,03:32,688,drive_game_clock_end,03:39
2017_03_DAL_ARI,2017,3,REG,2017-09-25,20:30,DAL,ARI,46.5,False,first_td,00-0030300,Jaron Brown,WR,ARI,pass,1,09:59,301,drive_game_clock_end,10:06
2017_04_CHI_GB,2017,4,REG,2017-09-28,20:25,CHI,GB,44.0,False,first_td,00-0031381,Davante Adams,WR,GB,pass,1,09:49,311,drive_game_clock_end,09:49
2017_04_BUF_ATL,2017,4,REG,2017-10-01,13:00,BUF,ATL,48.0,True,first_td,00-0031299,Jordan Matthews,TE,BUF,pass,2,06:51,1389,drive_game_clock_end,06:57
2017_04_PIT_BAL,2017,4,REG,2017-10-01,13:00,PIT,BAL,42.0,True,first_td,00-0030496,Le'Veon Bell,RB,PIT,rush,2,03:24,1596,drive_game_clock_end,03:32
2017_04_CIN_CLE,2017,4,REG,2017-10-01,13:00,CIN,CLE,41.5,True,first_td,00-0027942,A.J. Green,WR,CIN,pass,2,14:56,904,drive_game_clock_end,15:00
2017_04_LA_DAL,2017,4,REG,2017-10-01,13:00,LA,DAL,51.0,True,first_td,00-0033045,Ezekiel Elliott,RB,DAL,pass,2,14:05,955,drive_game_clock_end,14:15
2017_04_TEN_HOU,2017,4,REG,2017-10-01,13:00,TEN,HOU,43.0,True,first_td,00-0029615,Lamar Miller,RB,HOU,rush,1,12:13,167,drive_game_clock_end,12:17
2017_04_DET_MIN,2017,4,REG,2017-10-01,13:00,DET,MIN,43.0,True,first_td,00-0033893,Dalvin Cook,RB,MIN,rush,2,01:07,1733,drive_game_clock_end,01:11
2017_04_CAR_NE,2017,4,REG,2017-10-01,13:00,CAR,NE,48.0,True,first_td,00-0028237,Chris Hogan,WR,NE,pass,2,12:39,1041,drive_game_clock_end,12:43
2017_04_JAX_NYJ,2017,4,REG,2017-10-01,13:00,JAX,NYJ,38.5,True,first_td,00-0033856,Leonard Fournette,RB,JAX,pass,1,08:02,418,drive_game_clock_end,08:08
2017_04_SF_ARI,2017,4,REG,2017-10-01,16:05,SF,ARI,43.0,False,first_td,00-0022921,Larry Fitzgerald,WR,ARI,pass,5,00:32,4168,drive_game_clock_end,00:38
2017_04_PHI_LAC,2017,4,REG,2017-10-01,16:05,PHI,LAC,48.0,False,first_td,00-0029137,Alshon Jeffery,WR,PHI,pass,1,08:00,420,drive_game_clock_end,08:05
2017_04_NYG_TB,2017,4,REG,2017-10-01,16:05,NYG,TB,46.0,False,first_td,00-0031408,Mike Evans,WR,TB,pass,1,07:47,433,drive_game_clock_end,07:52
2017_04_OAK_DEN,2017,4,REG,2017-10-01,16:25,OAK,DEN,44.0,False,first_td,00-0031609,A.J. Derby,TE,DEN,pass,1,08:11,409,drive_game_clock_end,08:19
2017_04_IND_SEA,2017,4,REG,2017-10-01,20:30,IND,SEA,41.5,False,first_td,00-0031796,Justin Coleman,CB,SEA,return,2,12:25,1055,drive_game_clock_end,12:32
2017_04_NO_MIA,2017,4,REG,2017-10-01,21:30,NO,MIA,51.5,False,first_td,00-0032765,Michael Thomas,WR,NO,pass,3,09:01,2159,drive_game_clock_end,09:06
2017_04_WAS_KC,2017,4,REG,2017-10-02,20:30,WAS,KC,48.0,False,first_td,00-0028825,Terrelle Pryor,WR,WAS,pass,1,11:52,188,drive_game_clock_end,12:00
2017_05_NE_TB,2017,5,REG,2017-10-05,20:25,NE,TB,54.5,False,first_td,00-0029613,Doug Martin,RB,TB,rush,2,08:26,1294,drive_game_clock_end,08:33
2017_05_BUF_CIN,2017,5,REG,2017-10-08,13:00,BUF,CIN,39.0,True,first_td,00-0027942,A.J. Green,WR,CIN,pass,1,11:29,211,drive_game_clock_end,11:39
2017_05_NYJ_CLE,2017,5,REG,2017-10-08,13:00,NYJ,CLE,41.5,True,first_td,00-0033885,David Njoku,TE,CLE,pass,3,09:23,2137,drive_game_clock_end,09:29
2017_05_CAR_DET,2017,5,REG,2017-10-08,13:00,CAR,DET,42.0,True,first_td,00-0031665,Zach Zenner,RB,DET,rush,2,13:32,988,drive_game_clock_end,13:37
2017_05_SF_IND,2017,5,REG,2017-10-08,13:00,SF,IND,43.5,True,first_td,00-0033951,Marlon Mack,RB,IND,rush,3,03:17,2503,drive_game_clock_end,03:26
2017_05_TEN_MIA,2017,5,REG,2017-10-08,13:00,TEN,MIA,41.5,True,first_td,00-0027762,Reshad Jones,FS,MIA,return,1,00:06,894,drive_game_clock_end,00:12
2017_05_LAC_NYG,2017,5,REG,2017-10-08,13:00,LAC,NYG,45.5,True,first_td,00-0030860,Orleans Darkwa,RB,NYG,rush,1,02:16,764,drive_game_clock_end,02:24
2017_05_ARI_PHI,2017,5,REG,2017-10-08,13:00,ARI,PHI,45.0,True,first_td,00-0030710,Trey Burton,TE,PHI,pass,1,08:19,401,drive_game_clock_end,08:25
2017_05_JAX_PIT,2017,5,REG,2017-10-08,13:00,JAX,PIT,41.0,True,first_td,00-0033856,Leonard Fournette,RB,JAX,rush,2,12:19,1061,drive_game_clock_end,12:23
2017_05_SEA_LA,2017,5,REG,2017-10-08,16:05,SEA,LA,46.5,False,first_td,00-0030525,Tavon Austin,WR,LA,rush,2,14:13,947,drive_game_clock_end,14:20
2017_05_BAL_OAK,2017,5,REG,2017-10-08,16:05,BAL,OAK,40.5,False,first_td,00-0032188,Vince Mayle,TE,BAL,rush,1,12:45,135,drive_game_clock_end,12:51
2017_05_GB_DAL,2017,5,REG,2017-10-08,16:25,GB,DAL,52.0,False,first_td,00-0029000,Cole Beasley,WR,DAL,pass,1,08:24,396,drive_game_clock_end,08:26
2017_05_KC_HOU,2017,5,REG,2017-10-08,20:30,KC,HOU,45.0,False,first_td,00-0030668,Charcandrick West,RB,KC,pass,2,05:45,1455,drive_game_clock_end,05:52
2017_05_MIN_CHI,2017,5,REG,2017-10-09,20:30,MIN,CHI,41.0,False,first_td,00-0027981,Kyle Rudolph,TE,MIN,pass,3,08:16,2204,drive_game_clock_end,08:24
2017_06_PHI_CAR,2017,6,REG,2017-10-12,20:25,PHI,CAR,44.0,False,first_td,00-0027939,Cam Newton,QB,CAR,rush,2,10:34,1166,drive_game_clock_end,10:41
2017_06_MIA_ATL,2017,6,REG,2017-10-15,13:00,MIA,ATL,46.0,True,first_td,00-0033094,Marvin Hall,WR,ATL,pass,1,01:51,789,drive_game_clock_end,02:00
2017_06_CHI_BAL,2017,6,REG,2017-10-15,13:00,CHI,BAL,39.5,True,first_td,00-0027125,Zach Miller,TE,CHI,pass,2,02:53,1627,drive_game_clock_end,03:00
2017_06_CLE_HOU,2017,6,REG,2017-10-15,13:00,CLE,HOU,46.0,True,first_td,00-0033127,Will Fuller,WR,HOU,pass,1,00:41,859,drive_game_clock_end,00:48
2017_06_GB_MIN,2017,6,REG,2017-10-15,13:00,GB,MIN,46.0,True,first_td,00-0031376,Jerick McKinnon,RB,MIN,pass,2,14:53,907,drive_game_clock_end,15:00
2017_06_DET_NO,2017,6,REG,2017-10-15,13:00,DET,NO,50.5,True,first_td,00-0030060,Kenny Vaccaro,S,NO,return,1,11:02,238,drive_game_clock_end,11:10
2017_06_NE_NYJ,2017,6,REG,2017-10-15,13:00,NE,NYJ,48.5,True,first_td,00-0031418,Austin Seferian-Jenkins,TE,NYJ,pass,1,09:08,352,drive_game_clock_end,09:13
2017_06_SF_WAS,2017,6,REG,2017-10-15,13:00,SF,WAS,46.0,True,first_td,00-0032760,Josh Doctson,WR,WAS,pass,1,10:14,286,drive_game_clock_end,10:21
2017_06_TB_ARI,2017,6,REG,2017-10-15,16:05,TB,ARI,46.5,False,first_td,00-0025394,Adrian Peterson,RB,ARI,rush,1,11:52,188,drive_game_clock_end,12:00
2017_06_LA_JAX,2017,6,REG,2017-10-15,16:05,LA,JAX,42.0,False,first_td,00-0033111,Pharoh Cooper,WR,LA,return,1,14:46,14,drive_game_clock_end,15:00
2017_06_PIT_KC,2017,6,REG,2017-10-15,16:25,PIT,KC,46.5,False,first_td,00-0030496,Le'Veon Bell,RB,PIT,rush,2,14:55,905,drive_game_clock_end,15:00
2017_06_LAC_OAK,2017,6,REG,2017-10-15,16:25,LAC,OAK,48.5,False,first_td,00-0026986,Michael Crabtree,WR,LV,pass,1,05:04,596,drive_game_clock_end,05:15
2017_06_NYG_DEN,2017,6,REG,2017-10-15,20:30,NYG,DEN,37.5,False,first_td,00-0033881,Evan Engram,TE,NYG,pass,2,12:30,1050,drive_game_clock_end,12:36
2017_06_IND_TEN,2017,6,REG,2017-10-16,20:30,IND,TEN,46.0,False,first_td,00-0030181,Jack Doyle,TE,IND,pass,2,10:54,1146,drive_game_clock_end,10:59
2017_07_KC_OAK,2017,7,REG,2017-10-19,20:25,KC,OAK,46.5,False,first_td,00-0031544,Amari Cooper,WR,LV,pass,1,08:11,409,drive_game_clock_end,08:19
2017_07_TB_BUF,2017,7,REG,2017-10-22,13:00,TB,BUF,46.5,True,first_td,00-0027029,LeSean McCoy,RB,BUF,rush,2,09:26,1234,drive_game_clock_end,09:26
2017_07_CAR_CHI,2017,7,REG,2017-10-22,13:00,CAR,CHI,39.5,True,first_td,00-0033784,Eddie Jackson,FS,CHI,return,1,08:59,361,drive_game_clock_end,09:15
2017_07_TEN_CLE,2017,7,REG,2017-10-22,13:00,TEN,CLE,42.5,True,no_td,,,,,,,,,,
2017_07_NO_GB,2017,7,REG,2017-10-22,13:00,NO,GB,45.5,True,first_td,00-0033293,Aaron Jones,RB,GB,rush,1,13:00,120,drive_game_clock_end,13:09
2017_07_JAX_IND,2017,7,REG,2017-10-22,13:00,JAX,IND,41.0,True,first_td,00-0027531,Chris Ivory,RB,JAX,rush,1,09:30,330,drive_game_clock_end,09:33
2017_07_ARI_LA,2017,7,REG,2017-10-22,13:00,ARI,LA,45.5,True,first_td,00-0032241,Todd Gurley,RB,LA,rush,2,05:25,1475,drive_game_clock_end,05:35
2017_07_NYJ_MIA,2017,7,REG,2017-10-22,13:00,NYJ,MIA,40.0,True,first_td,00-0029159,Jermaine Kearse,WR,NYJ,pass,1,12:55,125,drive_game_clock_end,13:01
2017_07_BAL_MIN,2017,7,REG,2017-10-22,13:00,BAL,MIN,37.5,True,first_td,00-0030513,Latavius Murray,RB,MIN,rush,3,07:58,2222,drive_game_clock_end,08:05
2017_07_DAL_SF,2017,7,REG,2017-10-22,16:05,DAL,SF,48.0,False,first_td,00-0033045,Ezekiel Elliott,RB,DAL,rush,1,12:42,138,drive_game_clock_end,12:46
2017_07_DEN_LAC,2017,7,REG,2017-10-22,16:25,DEN,LAC,41.0,False,first_td,00-0029269,Travis Benjamin,WR,LAC,return,1,07:27,453,drive_game_clock_end,07:44
2017_07_SEA_NYG,2017,7,REG,2017-10-22,16:25,SEA,NYG,39.0,False,first_td,00-0033881,Evan Engram,TE,NYG,pass,2,11:51,1089,drive_game_clock_end,11:58
2017_07_CIN_PIT,2017,7,REG,2017-10-22,16:25,CIN,PIT,40.0,False,first_td,00-0027793,Antonio Brown,WR,PIT,pass,1,09:25,335,drive_game_clock_end,09:30
2017_07_ATL_NE,2017,7,REG,2017-10-22,20:30,ATL,NE,56.5,False,first_td,00-0031236,Brandin Cooks,WR,NE,pass,2,12:26,1054,drive_game_clock_end,12:36
2017_07_WAS_PHI,2017,7,REG,2017-10-23,20:30,WAS,PHI,48.5,False,first_td,00-0030404,Chris Thompson,RB,WAS,pass,2,09:14,1246,drive_game_clock_end,09:20
2017_08_MIA_BAL,2017,8,REG,2017-10-26,20:25,MIA,BAL,38.0,False,first_td,00-0026995,Jeremy Maclin,WR,BAL,pass,1,08:19,401,drive_game_clock_end,08:25
2017_08_OAK_BUF,2017,8,REG,2017-10-29,13:00,OAK,BUF,47.0,True,first_td,00-0029492,Jamize Olawale,RB,LV,rush,1,09:28,332,drive_game_clock_end,09:33
2017_08_IND_CIN,2017,8,REG,2017-10-29,13:00,IND,CIN,44.0,True,first_td,00-0030181,Jack Doyle,TE,IND,pass,2,08:14,1306,drive_game_clock_end,08:19
2017_08_LAC_NE,2017,8,REG,2017-10-29,13:00,LAC,NE,49.5,True,first_td,00-0032144,Melvin Gordon,RB,LAC,rush,1,06:15,525,drive_game_clock_end,06:30
2017_08_CHI_NO,2017,8,REG,2017-10-29,13:00,CHI,NO,46.0,True,first_td,00-0033906,Alvin Kamara,RB,NO,rush,1,11:08,232,drive_game_clock_end,11:13
2017_08_ATL_NYJ,2017,8,REG,2017-10-29,13:00,ATL,NYJ,43.5,True,first_td,00-0031690,Eric Tomlinson,TE,NYJ,pass,1,10:33,267,drive_game_clock_end,10:38
2017_08_SF_PHI,2017,8,REG,2017-10-29,13:00,SF,PHI,45.0,True,first_td,00-0030061,Zach Ertz,TE,PHI,pass,2,01:51,1689,drive_game_clock_end,01:55
2017_08_CAR_TB,2017,8,REG,2017-10-29,13:00,CAR,TB,46.0,True,first_td,00-0026153,Jonathan Stewart,RB,CAR,rush,1,01:34,806,drive_game_clock_end,01:37
2017_08_HOU_SEA,2017,8,REG,2017-10-29,16:05,HOU,SEA,45.0,False,first_td,00-0033127,Will Fuller,WR,HOU,pass,1,12:38,142,drive_game_clock_end,12:47
2017_08_DAL_WAS,2017,8,REG,2017-10-29,16:25,DAL,WAS,46.5,False,first_td,00-0033045,Ezekiel Elliott,RB,DAL,rush,1,10:32,268,drive_game_clock_end,10:37
2017_08_PIT_DET,2017,8,REG,2017-10-29,20:30,PIT,DET,44.5,False,first_td,00-0030496,Le'Veon Bell,RB,PIT,rush,2,04:10,1550,drive_game_clock_end,04:14
2017_08_MIN_CLE,2017,8,REG,2017-10-29,21:30,MIN,CLE,38.5,False,first_td,00-0030656,Isaiah Crowell,RB,CLE,rush,1,11:20,220,drive_game_clock_end,11:27
2017_08_DEN_KC,2017,8,REG,2017-10-30,20:30,DEN,KC,42.0,False,first_td,00-0032165,Marcus Peters,CB,KC,return,1,09:29,331,drive_game_clock_end,09:41
2017_09_BUF_NYJ,2017,9,REG,2017-11-02,20:25,BUF,NYJ,42.0,False,first_td,00-0021206,Josh McCown,QB,NYJ,rush,1,07:43,437,drive_game_clock_end,07:51
2017_09_ATL_CAR,2017,9,REG,2017-11-05,13:00,ATL,CAR,42.0,True,first_td,00-0029632,Mohamed Sanu,WR,ATL,pass,1,03:30,690,drive_game_clock_end,03:35
2017_09_IND_HOU,2017,9,REG,2017-11-05,13:00,IND,HOU,45.0,True,first_td,00-0029608,T.Y. Hilton,WR,IND,pass,1,08:33,387,drive_game_clock_end,08:41
2017_09_CIN_JAX,2017,9,REG,2017-11-05,13:00,CIN,JAX,38.0,True,first_td,00-0031431,Marqise Lee,WR,JAX,pass,2,06:57,1383,drive_game_clock_end,07:01
2017_09_TB_NO,2017,9,REG,2017-11-05,13:00,TB,NO,54.0,True,first_td,00-0033770,Justin Hardee,DB,NO,other,1,06:31,509,drive_game_clock_end,06:37
2017_09_LA_NYG,2017,9,REG,2017-11-05,13:00,LA,NYG,42.5,True,first_td,00-0033110,Tyler Higbee,TE,LA,pass,1,10:55,245,drive_game_clock_end,11:03
2017_09_DEN_PHI,2017,9,REG,2017-11-05,13:00,DEN,PHI,41.0,True,first_td,00-0029137,Alshon Jeffery,WR,PHI,pass,1,06:34,506,drive_game_clock_end,06:40
2017_09_BAL_TEN,2017,9,REG,2017-11-05,13:00,BAL,TEN,41.0,True,first_td,00-0029580,Rishard Matthews,WR,TEN,pass,1,01:04,836,drive_game_clock_end,01:10
2017_09_WAS_SEA,2017,9,REG,2017-11-05,16:05,WAS,SEA,44.5,False,first_td,00-0032371,Rob Kelley,RB,WAS,rush,2,02:52,1628,drive_game_clock_end,02:55
2017_09_ARI_SF,2017,9,REG,2017-11-05,16:05,ARI,SF,39.0,False,first_td,00-0030300,Jaron Brown,WR,ARI,pass,1,10:15,285,drive_game_clock_end,10:23
2017_09_KC_DAL,2017,9,REG,2017-11-05,16:25,KC,DAL,53.0,False,first_td,00-0029000,Cole Beasley,WR,DAL,pass,1,02:36,744,drive_game_clock_end,02:42
2017_09_OAK_MIA,2017,9,REG,2017-11-05,20:30,OAK,MIA,44.5,False,first_td,00-0030874,Damien Williams,RB,MIA,pass,2,10:37,1163,drive_game_clock_end,10:47
2017_09_DET_GB,2017,9,REG,2017-11-06,20:30,DET,GB,42.5,False,first_td,00-0029293,Marvin Jones,WR,DET,pass,1,01:45,795,drive_game_clock_end,01:50
2017_10_SEA_ARI,2017,10,REG,2017-11-09,20:25,SEA,ARI,40.0,False,first_td,00-0027696,Jimmy Graham,TE,SEA,pass,1,05:07,593,drive_game_clock_end,05:11
2017_10_NO_BUF,2017,10,REG,2017-11-12,13:00,NO,BUF,48.5,True,first_td,00-0027966,Mark Ingram,RB,NO,rush,1,06:18,522,drive_game_clock_end,06:22
2017_10_GB_CHI,2017,10,REG,2017-11-12,13:00,GB,CHI,37.5,True,first_td,00-0032200,Ty Montgomery,WR,GB,rush,2,11:41,1099,drive_game_clock_end,11:49
2017_10_CLE_DET,2017,10,REG,2017-11-12,13:00,CLE,DET,42.5,True,first_td,00-0027006,Kenny Britt,WR,CLE,pass,1,08:39,381,drive_game_clock_end,08:46
2017_10_PIT_IND,2017,10,REG,2017-11-12,13:00,PIT,IND,47.0,True,first_td,00-0031339,Donte Moncrief,WR,IND,pass,2,14:52,908,drive_game_clock_end,15:00
2017_10_LAC_JAX,2017,10,REG,2017-11-12,13:00,LAC,JAX,40.5,True,first_td,00-0031731,Corey Grant,RB,JAX,rush,1,00:24,876,drive_game_clock_end,00:34
2017_10_NYJ_TB,2017,10,REG,2017-11-12,13:00,NYJ,TB,44.5,True,first_td,00-0031390,Charles Sims,RB,TB,pass,4,06:05,3235,drive_game_clock_end,06:10
2017_10_CIN_TEN,2017,10,REG,2017-11-12,13:00,CIN,TEN,40.5,True,first_td,00-0028009,DeMarco Murray,RB,TEN,rush,1,07:56,424,drive_game_clock_end,08:00
2017_10_MIN_WAS,2017,10,REG,2017-11-12,13:00,MIN,WAS,43.0,True,first_td,00-0032362,Maurice Harris,WR,WAS,pass,1,10:57,243,drive_game_clock_end,11:03
2017_10_HOU_LA,2017,10,REG,2017-11-12,16:05,HOU,LA,45.0,False,first_td,00-0031326,Bruce Ellington,WR,HOU,pass,2,06:31,1409,drive_game_clock_end,06:37
2017_10_DAL_ATL,2017,10,REG,2017-11-12,16:25,DAL,ATL,49.0,False,first_td,00-0033077,Dak Prescott,QB,DAL,rush,1,06:19,521,drive_game_clock_end,06:26
2017_10_NYG_SF,2017,10,REG,2017-11-12,16:25,NYG,SF,41.5,False,first_td,00-0030068,Marquise Goodwin,WR,SF,pass,2,07:59,1321,drive_game_clock_end,08:10
2017_10_NE_DEN,2017,10,REG,2017-11-12,20:30,NE,DEN,45.0,False,first_td,00-0030288,Rex Burkhead,RB,NE,pass,1,12:36,144,drive_game_clock_end,12:43
2017_10_MIA_CAR,2017,10,REG,2017-11-13,20:30,MIA,CAR,38.5,False,first_td,00-0033280,Christian McCaffrey,RB,CAR,rush,2,06:59,1381,drive_game_clock_end,07:05
2017_11_TEN_PIT,2017,11,REG,2017-11-16,20:25,TEN,PIT,44.5,False,first_td,00-0027793,Antonio Brown,WR,PIT,pass,1,12:25,155,drive_game_clock_end,12:33
2017_11_DET_CHI,2017,11,REG,2017-11-19,13:00,DET,CHI,41.0,True,first_td,00-0033896,Adam Shaheen,TE,CHI,pass,1,03:23,697,drive_game_clock_end,03:29
2017_11_JAX_CLE,2017,11,REG,2017-11-19,13:00,JAX,CLE,37.0,True,first_td,00-0024243,Marcedes Lewis,TE,JAX,pass,1,06:54,486,drive_game_clock_end,06:59
2017_11_BAL_GB,2017,11,REG,2017-11-19,13:00,BAL,GB,38.5,True,first_td,00-0026901,Mike Wallace,WR,BAL,pass,3,13:08,1912,drive_game_clock_end,13:14
2017_11_ARI_HOU,2017,11,REG,2017-11-19,13:00,ARI,HOU,38.0,True,first_td,00-0029615,Lamar Miller,RB,HOU,pass,2,14:12,948,drive_game_clock_end,14:20
2017_11_TB_MIA,2017,11,REG,2017-11-19,13:00,TB,MIA,44.0,True,first_td,00-0031382,Jarvis Landry,WR,MIA,pass,1,04:23,637,drive_game_clock_end,04:27
2017_11_LA_MIN,2017,11,REG,2017-11-19,13:00,LA,MIN,46.0,True,first_td,00-0032241,Todd Gurley,RB,LA,rush,1,10:42,258,drive_game_clock_end,10:48
2017_11_WAS_NO,2017,11,REG,2017-11-19,13:00,WAS,NO,52.5,True,first_td,00-0030404,Chris Thompson,RB,WAS,pass,1,02:11,769,drive_game_clock_end,02:16
2017_11_KC_NYG,2017,11,REG,2017-11-19,13:00,KC,NYG,44.5,True,first_td,00-0030860,Orleans Darkwa,RB,NYG,rush,2,13:26,994,drive_game_clock_end,13:30
2017_11_BUF_LAC,2017,11,REG,2017-11-19,16:05,BUF,LAC,41.5,False,first_td,00-0029289,Korey Toomer,LB,LAC,return,1,11:44,196,drive_game_clock_end,12:00
2017_11_CIN_DEN,2017,11,REG,2017-11-19,16:25,CIN,DEN,37.5,False,first_td,00-0032214,Tyler Kroft,TE,CIN,pass,1,07:06,474,drive_game_clock_end,07:11
2017_11_NE_OAK,2017,11,REG,2017-11-19,16:25,NE,OAK,55.0,False,first_td,00-0028087,Dion Lewis,RB,NE,pass,1,04:09,651,drive_game_clock_end,04:18
2017_11_PHI_DAL,2017,11,REG,2017-11-19,20:30,PHI,DAL,48.0,False,first_td,00-0030465,Kenjon Barner,RB,PHI,rush,1,09:03,357,drive_game_clock_end,09:11
2017_11_ATL_SEA,2017,11,REG,2017-11-20,20:30,ATL,SEA,46.0,False,first_td,00-0032058,Tevin Coleman,RB,ATL,rush,1,11:59,181,drive_game_clock_end,12:03
2017_12_MIN_DET,2017,12,REG,2017-11-23,12:30,MIN,DET,46.0,False,first_td,00-0027981,Kyle Rudolph,TE,MIN,pass,1,05:29,571,drive_game_clock_end,05:34
2017_12_LAC_DAL,2017,12,REG,2017-11-23,16:30,LAC,DAL,46.5,False,first_td,00-0033090,Hunter Henry,TE,LAC,pass,3,08:59,2161,drive_game_clock_end,09:06
2017_12_NYG_WAS,2017,12,REG,2017-11-23,20:30,NYG,WAS,44.0,False,first_td,00-0031941,Jamison Crowder,WR,WAS,pass,3,06:32,2308,drive_game_clock_end,06:40
2017_12_TB_ATL,2017,12,REG,2017-11-26,13:00,TB,ATL,47.0,True,first_td,00-0027944,Julio Jones,WR,ATL,pass,2,12:36,1044,drive_game_clock_end,12:44
2017_12_CLE_CIN,2017,12,REG,2017-11-26,13:00,CLE,CIN,39.0,True,first_td,00-0033009,Tyler Boyd,WR,CIN,pass,1,05:08,592,drive_game_clock_end,05:12
2017_12_TEN_IND,2017,12,REG,2017-11-26,13:00,TEN,IND,46.5,True,first_td,00-0023500,Frank Gore,RB,IND,rush,2,00:38,1762,drive_game_clock_end,00:42
2017_12_BUF_KC,2017,12,REG,2017-11-26,13:00,BUF,KC,47.5,True,first_td,00-0033891,Zay Jones,WR,BUF,pass,1,01:29,811,drive_game_clock_end,01:36
2017_12_MIA_NE,2017,12,REG,2017-11-26,13:00,MIA,NE,49.0,True,first_td,00-0030288,Rex Burkhead,RB,NE,rush,1,11:39,201,drive_game_clock_end,11:46
2017_12_CAR_NYJ,2017,12,REG,2017-11-26,13:00,CAR,NYJ,39.5,True,first_td,00-0027939,Cam Newton,QB,CAR,rush,2,10:02,1198,drive_game_clock_end,10:07
2017_12_CHI_PHI,2017,12,REG,2017-11-26,13:00,CHI,PHI,43.5,True,first_td,00-0030061,Zach Ertz,TE,PHI,pass,1,06:04,536,drive_game_clock_end,06:09
2017_12_SEA_SF,2017,12,REG,2017-11-26,16:05,SEA,SF,45.0,False,first_td,00-0029263,Russell Wilson,QB,SEA,rush,2,13:23,997,drive_game_clock_end,13:28
2017_12_JAX_ARI,2017,12,REG,2017-11-26,16:25,JAX,ARI,37.5,False,first_td,00-0033611,Ricky Seals-Jones,TE,ARI,pass,2,04:44,1516,drive_game_clock_end,04:51
2017_12_NO_LA,2017,12,REG,2017-11-26,16:25,NO,LA,54.0,False,first_td,00-0031325,Sammy Watkins,WR,LA,pass,1,10:53,247,drive_game_clock_end,10:59
2017_12_DEN_OAK,2017,12,REG,2017-11-26,16:25,DEN,OAK,41.0,False,first_td,00-0031544,Amari Cooper,WR,LV,pass,2,08:45,1275,drive_game_clock_end,08:47
2017_12_GB_PIT,2017,12,REG,2017-11-26,20:30,GB,PIT,43.0,False,first_td,00-0031035,Xavier Grimble,TE,PIT,pass,1,08:14,406,drive_game_clock_end,08:19
2017_12_HOU_BAL,2017,12,REG,2017-11-27,20:30,HOU,BAL,39.5,False,first_td,00-0029615,Lamar Miller,RB,HOU,rush,1,08:49,371,drive_game_clock_end,08:52
2017_13_WAS_DAL,2017,13,REG,2017-11-30,20:25,WAS,DAL,47.0,False,first_td,00-0022127,Jason Witten,TE,DAL,pass,2,10:43,1157,drive_game_clock_end,10:47
2017_13_MIN_ATL,2017,13,REG,2017-12-03,13:00,MIN,ATL,48.5,True,first_td,00-0031376,Jerick McKinnon,RB,MIN,pass,2,10:01,1199,drive_game_clock_end,10:06
2017_13_DET_BAL,2017,13,REG,2017-12-03,13:00,DET,BAL,43.0,True,first_td,00-0022943,Benjamin Watson,TE,BAL,pass,2,11:52,1088,drive_game_clock_end,11:58
2017_13_NE_BUF,2017,13,REG,2017-12-03,13:00,NE,BUF,48.5,True,first_td,00-0030288,Rex Burkhead,RB,NE,rush,3,09:02,2158,drive_game_clock_end,09:05
2017_13_SF_CHI,2017,13,REG,2017-12-03,13:00,SF,CHI,42.0,True,first_td,00-0028411,Dontrelle Inman,WR,CHI,pass,1,00:10,890,drive_game_clock_end,00:16
2017_13_TB_GB,2017,13,REG,2017-12-03,13:00,TB,GB,45.0,True,first_td,00-0031273,Cameron Brate,TE,TB,pass,1,09:52,308,drive_game_clock_end,09:58
2017_13_IND_JAX,2017,13,REG,2017-12-03,13:00,IND,JAX,41.0,True,first_td,00-0031431,Marqise Lee,WR,JAX,pass,1,06:18,522,drive_game_clock_end,06:23
2017_13_DEN_MIA,2017,13,REG,2017-12-03,13:00,DEN,MIA,41.0,True,first_td,00-0028067,Julius Thomas,TE,MIA,pass,2,09:39,1221,drive_game_clock_end,09:43
2017_13_KC_NYJ,2017,13,REG,2017-12-03,13:00,KC,NYJ,44.0,True,first_td,00-0030506,Travis Kelce,TE,KC,pass,1,12:22,158,drive_game_clock_end,12:29
2017_13_HOU_TEN,2017,13,REG,2017-12-03,13:00,HOU,TEN,42.5,True,first_td,00-0032725,Stephen Anderson,TE,HOU,pass,2,10:40,1160,drive_game_clock_end,10:48
2017_13_CLE_LAC,2017,13,REG,2017-12-03,16:05,CLE,LAC,45.0,False,first_td,00-0033885,David Njoku,TE,CLE,pass,2,01:55,1685,drive_game_clock_end,02:00
2017_13_LA_ARI,2017,13,REG,2017-12-03,16:25,LA,ARI,43.0,False,first_td,00-0033895,Gerald Everett,TE,LA,pass,1,07:51,429,drive_game_clock_end,07:57
2017_13_CAR_NO,2017,13,REG,2017-12-03,16:25,CAR,NO,48.0,False,first_td,00-0033906,Alvin Kamara,RB,NO,rush,1,10:15,285,drive_game_clock_end,10:21
2017_13_NYG_OAK,2017,13,REG,2017-12-03,16:25,NYG,OAK,43.0,False,first_td,00-0025399,Marshawn Lynch,RB,LV,rush,1,12:26,154,drive_game_clock_end,12:35
2017_13_PHI_SEA,2017,13,REG,2017-12-03,20:30,PHI,SEA,46.5,False,first_td,00-0027696,Jimmy Graham,TE,SEA,pass,1,00:10,890,drive_game_clock_end,00:14
2017_13_PIT_CIN,2017,13,REG,2017-12-04,20:30,PIT,CIN,42.5,False,first_td,00-0027942,A.J. Green,WR,CIN,pass,1,00:41,859,drive_game_clock_end,00:45
2017_14_NO_ATL,2017,14,REG,2017-12-07,20:25,NO,ATL,51.5,False,first_td,00-0031285,Devonta Freeman,RB,ATL,rush,2,04:29,1531,drive_game_clock_end,04:35
2017_14_IND_BUF,2017,14,REG,2017-12-10,13:00,IND,BUF,36.5,True,first_td,00-0031359,Kelvin Benjamin,WR,BUF,pass,2,00:27,1773,drive_game_clock_end,00:31
2017_14_MIN_CAR,2017,14,REG,2017-12-10,13:00,MIN,CAR,40.5,True,first_td,00-0026153,Jonathan Stewart,RB,CAR,rush,1,10:55,245,drive_game_clock_end,11:06
2017_14_CHI_CIN,2017,14,REG,2017-12-10,13:00,CHI,CIN,40.5,True,first_td,00-0032780,Jordan Howard,RB,CHI,rush,1,11:00,240,drive_game_clock_end,11:05
2017_14_GB_CLE,2017,14,REG,2017-12-10,13:00,GB,CLE,38.5,True,first_td,00-0033948,Jamaal Williams,RB,GB,pass,1,08:50,370,drive_game_clock_end,08:57
2017_14_SF_HOU,2017,14,REG,2017-12-10,13:00,SF,HOU,45.5,True,first_td,00-0031045,Carlos Hyde,RB,SF,rush,2,02:32,1648,drive_game_clock_end,02:39
2017_14_OAK_KC,2017,14,REG,2017-12-10,13:00,OAK,KC,48.5,True,first_td,00-0033923,Kareem Hunt,RB,KC,rush,2,14:57,903,drive_game_clock_end,15:00
2017_14_DAL_NYG,2017,14,REG,2017-12-10,13:00,DAL,NYG,42.0,True,first_td,00-0029587,Rhett Ellison,TE,NYG,pass,2,02:07,1673,drive_game_clock_end,02:12
2017_14_DET_TB,2017,14,REG,2017-12-10,13:00,DET,TB,47.5,True,first_td,00-0030107,Theo Riddick,RB,DET,rush,1,08:05,415,drive_game_clock_end,08:10
2017_14_TEN_ARI,2017,14,REG,2017-12-10,16:05,TEN,ARI,42.0,False,first_td,00-0032764,Derrick Henry,RB,TEN,rush,2,07:16,1364,drive_game_clock_end,07:23
2017_14_NYJ_DEN,2017,14,REG,2017-12-10,16:05,NYJ,DEN,40.5,False,first_td,00-0027874,Demaryius Thomas,WR,DEN,pass,1,07:16,464,drive_game_clock_end,07:22
2017_14_WAS_LAC,2017,14,REG,2017-12-10,16:05,WAS,LAC,46.5,False,first_td,00-0033090,Hunter Henry,TE,LAC,pass,1,02:34,746,drive_game_clock_end,02:40
2017_14_SEA_JAX,2017,14,REG,2017-12-10,16:25,SEA,JAX,41.0,False,first_td,00-0033839,Dede Westbrook,WR,JAX,pass,3,12:02,1978,drive_game_clock_end,12:07
2017_14_PHI_LA,2017,14,REG,2017-12-10,16:25,PHI,LA,47.5,False,first_td,00-0032241,Todd Gurley,RB,LA,rush,1,13:00,120,drive_game_clock_end,13:05
2017_14_BAL_PIT,2017,14,REG,2017-12-10,20:30,BAL,PIT,43.0,False,first_td,00-0030496,Le'Veon Bell,RB,PIT,pass,1,06:59,481,drive_game_clock_end,07:05
2017_14_NE_MIA,2017,14,REG,2017-12-11,20:30,NE,MIA,48.0,False,first_td,00-0030288,Rex Burkhead,RB,NE,rush,2,06:18,1422,drive_game_clock_end,06:24
2017_15_DEN_IND,2017,15,REG,2017-12-14,20:25,DEN,IND,40.5,False,first_td,00-0033119,Jacoby Brissett,QB,IND,rush,1,08:02,418,drive_game_clock_end,08:07
2017_15_CHI_DET,2017,15,REG,2017-12-16,16:30,CHI,DET,43.5,False,first_td,00-0031189,T.J. Jones,WR,DET,pass,2,06:10,1430,drive_game_clock_end,06:15
2017_15_LAC_KC,2017,15,REG,2017-12-16,20:25,LAC,KC,47.0,False,first_td,00-0033040,Tyreek Hill,WR,KC,pass,2,06:30,1410,drive_game_clock_end,06:39
2017_15_MIA_BUF,2017,15,REG,2017-12-17,13:00,MIA,BUF,39.5,True,first_td,00-0027029,LeSean McCoy,RB,BUF,rush,1,10:12,288,drive_game_clock_end,10:16
2017_15_GB_CAR,2017,15,REG,2017-12-17,13:00,GB,CAR,46.5,True,first_td,00-0033280,Christian McCaffrey,RB,CAR,pass,1,05:57,543,drive_game_clock_end,06:02
2017_15_BAL_CLE,2017,15,REG,2017-12-17,13:00,BAL,CLE,42.0,True,first_td,00-0032257,Duke Johnson,RB,CLE,rush,2,08:12,1308,drive_game_clock_end,08:18
2017_15_HOU_JAX,2017,15,REG,2017-12-17,13:00,HOU,JAX,39.0,True,first_td,00-0030112,Tommy Bohanon,FB,JAX,rush,1,03:52,668,drive_game_clock_end,03:54
2017_15_CIN_MIN,2017,15,REG,2017-12-17,13:00,CIN,MIN,42.5,True,first_td,00-0030513,Latavius Murray,RB,MIN,rush,1,10:31,269,drive_game_clock_end,10:35
2017_15_NYJ_NO,2017,15,REG,2017-12-17,13:00,NYJ,NO,47.0,True,first_td,00-0027966,Mark Ingram,RB,NO,rush,1,03:07,713,drive_game_clock_end,03:11
2017_15_PHI_NYG,2017,15,REG,2017-12-17,13:00,PHI,NYG,40.5,True,first_td,00-0030860,Orleans Darkwa,RB,NYG,rush,1,09:04,356,drive_game_clock_end,09:08
2017_15_ARI_WAS,2017,15,REG,2017-12-17,13:00,ARI,WAS,40.0,True,first_td,00-0031941,Jamison Crowder,WR,WAS,pass,1,13:30,90,drive_game_clock_end,13:36
2017_15_LA_SEA,2017,15,REG,2017-12-17,16:05,LA,SEA,47.5,False,first_td,00-0032241,Todd Gurley,RB,LA,rush,1,05:57,543,drive_game_clock_end,06:00
2017_15_NE_PIT,2017,15,REG,2017-12-17,16:25,NE,PIT,53.0,False,first_td,00-0030288,Rex Burkhead,RB,NE,rush,1,09:00,360,drive_game_clock_end,09:03
2017_15_TEN_SF,2017,15,REG,2017-12-17,16:25,TEN,SF,44.5,False,first_td,00-0028903,Garrett Celek,TE,SF,pass,2,05:30,1470,drive_game_clock_end,05:38
2017_15_DAL_OAK,2017,15,REG,2017-12-17,20:30,DAL,OAK,46.0,False,first_td,00-0031900,Rod Smith,RB,DAL,rush,2,14:04,956,drive_game_clock_end,14:07
2017_15_ATL_TB,2017,15,REG,2017-12-18,20:30,ATL,TB,49.5,False,first_td,00-0031570,Justin Hardy,WR,ATL,pass,1,06:54,486,drive_game_clock_end,07:00
2017_16_IND_BAL,2017,16,REG,2017-12-23,16:30,IND,BAL,41.0,False,first_td,00-0031025,Michael Campanaro,WR,BAL,pass,2,12:16,1064,drive_game_clock_end,12:19
2017_16_MIN_GB,2017,16,REG,2017-12-23,20:30,MIN,GB,41.0,False,first_td,00-0031588,Stefon Diggs,WR,MIN,pass,1,00:56,844,drive_game_clock_end,01:02
2017_16_TB_CAR,2017,16,REG,2017-12-24,13:00,TB,CAR,46.5,True,first_td,00-0031868,Damiere Byrd,WR,CAR,return,2,02:43,1637,drive_game_clock_end,02:58
2017_16_CLE_CHI,2017,16,REG,2017-12-24,13:00,CLE,CHI,37.0,True,first_td,00-0032780,Jordan Howard,RB,CHI,rush,1,01:20,820,drive_game_clock_end,01:23
2017_16_DET_CIN,2017,16,REG,2017-12-24,13:00,DET,CIN,43.5,True,first_td,00-0031387,Eric Ebron,TE,DET,pass,1,04:54,606,drive_game_clock_end,05:00
2017_16_MIA_KC,2017,16,REG,2017-12-24,13:00,MIA,KC,43.5,True,first_td,00-0030506,Travis Kelce,TE,KC,pass,2,13:00,1020,drive_game_clock_end,13:04
2017_16_BUF_NE,2017,16,REG,2017-12-24,13:00,BUF,NE,47.5,True,first_td,00-0030114,Jordan Poyer,FS,BUF,return,2,10:28,1172,drive_game_clock_end,10:37
2017_16_ATL_NO,2017,16,REG,2017-12-24,13:00,ATL,NO,52.0,True,first_td,00-0025396,Ted Ginn,WR,NO,pass,2,00:14,1786,drive_game_clock_end,00:22
2017_16_LAC_NYJ,2017,16,REG,2017-12-24,13:00,LAC,NYJ,42.5,True,first_td,00-0021547,Antonio Gates,TE,LAC,pass,2,08:55,1265,drive_game_clock_end,08:59
2017_16_LA_TEN,2017,16,REG,2017-12-24,13:00,LA,TEN,46.0,True,first_td,00-0032241,Todd Gurley,RB,LA,pass,1,08:54,366,drive_game_clock_end,08:56
2017_16_DEN_WAS,2017,16,REG,2017-12-24,13:00,DEN,WAS,39.5,True,first_td,00-0031941,Jamison Crowder,WR,WAS,pass,2,02:07,1673,drive_game_clock_end,02:13
2017_16_JAX_SF,2017,16,REG,2017-12-24,16:05,JAX,SF,43.0,False,first_td,00-0031345,Jimmy Garoppolo,QB,SF,rush,1,10:18,282,drive_game_clock_end,10:20
2017_16_NYG_ARI,2017,16,REG,2017-12-24,16:25,NYG,ARI,39.0,False,first_td,00-0022921,Larry Fitzgerald,WR,ARI,pass,2,01:01,1739,drive_game_clock_end,01:07
2017_16_SEA_DAL,2017,16,REG,2017-12-24,16:25,SEA,DAL,47.0,False,first_td,00-0027696,Jimmy Graham,TE,SEA,pass,2,01:38,1702,drive_game_clock_end,01:42
2017_16_PIT_HOU,2017,16,REG,2017-12-25,16:30,PIT,HOU,45.5,False,first_td,00-0030521,Justin Hunter,WR,PIT,pass,1,06:59,481,drive_game_clock_end,07:06
2017_16_OAK_PHI,2017,16,REG,2017-12-25,20:30,OAK,PHI,46.0,False,first_td,00-0031590,Jay Ajayi,RB,PHI,pass,1,02:51,729,drive_game_clock_end,02:59
2017_17_GB_DET,2017,17,REG,2017-12-31,13:00,GB,DET,45.0,True,first_td,00-0033932,Kenny Golladay,WR,DET,pass,2,07:27,1353,drive_game_clock_end,07:35
2017_17_HOU_IND,2017,17,REG,2017-12-31,13:00,HOU,IND,42.0,True,first_td,00-0030181,Jack Doyle,TE,IND,pass,2,14:55,905,drive_game_clock_end,15:00
2017_17_CHI_MIN,2017,17,REG,2017-12-31,13:00,CHI,MIN,38.0,True,first_td,00-0030513,Latavius Murray,RB,MIN,rush,1,09:07,353,drive_game_clock_end,09:13
2017_17_NYJ_NE,2017,17,REG,2017-12-31,13:00,NYJ,NE,43.5,True,first_td,00-0028087,Dion Lewis,RB,NE,rush,1,09:30,330,drive_game_clock_end,09:35
2017_17_WAS_NYG,2017,17,REG,2017-12-31,13:00,WAS,NYG,41.0,True,first_td,00-0030860,Orleans Darkwa,RB,NYG,rush,1,14:43,17,drive_game_clock_end,14:57
2017_17_DAL_PHI,2017,17,REG,2017-12-31,13:00,DAL,PHI,41.0,True,first_td,00-0030516,Brice Butler,WR,DAL,pass,4,12:19,2861,drive_game_clock_end,12:24
2017_17_CLE_PIT,2017,17,REG,2017-12-31,13:00,CLE,PIT,38.5,True,first_td,00-0026983,Darrius Heyward-Bey,WR,PIT,rush,1,10:43,257,drive_game_clock_end,10:52
2017_17_CAR_ATL,2017,17,REG,2017-12-31,16:25,CAR,ATL,44.5,False,first_td,00-0031285,Devonta Freeman,RB,ATL,pass,1,10:32,268,drive_game_clock_end,10:39
2017_17_CIN_BAL,2017,17,REG,2017-12-31,16:25,CIN,BAL,40.0,False,first_td,00-0032214,Tyler Kroft,TE,CIN,pass,1,10:55,245,drive_game_clock_end,10:59
2017_17_KC_DEN,2017,17,REG,2017-12-31,16:25,KC,DEN,37.5,False,first_td,00-0033923,Kareem Hunt,RB,KC,rush,1,14:03,57,drive_game_clock_end,14:10
2017_17_SF_LA,2017,17,REG,2017-12-31,16:25,SF,LA,44.5,False,first_td,00-0030068,Marquise Goodwin,WR,SF,pass,1,05:14,586,drive_game_clock_end,05:23
2017_17_OAK_LAC,2017,17,REG,2017-12-31,16:25,OAK,LAC,43.0,False,first_td,00-0030279,Keenan Allen,WR,LAC,other,2,13:09,1011,drive_game_clock_end,13:19
2017_17_BUF_MIA,2017,17,REG,2017-12-31,16:25,BUF,MIA,41.5,False,first_td,00-0032117,Nick O'Leary,TE,BUF,pass,1,10:14,286,drive_game_clock_end,10:20
2017_17_ARI_SEA,2017,17,REG,2017-12-31,16:25,ARI,SEA,38.0,False,first_td,00-0030300,Jaron Brown,WR,ARI,pass,1,08:55,365,drive_game_clock_end,09:05
2017_17_NO_TB,2017,17,REG,2017-12-31,16:25,NO,TB,49.0,False,first_td,00-0032741,Peyton Barber,RB,TB,rush,1,09:42,318,drive_game_clock_end,09:47
2017_17_JAX_TEN,2017,17,REG,2017-12-31,16:25,JAX,TEN,40.0,False,first_td,00-0032764,Derrick Henry,RB,TEN,pass,2,14:04,956,drive_game_clock_end,14:17
2017_18_TEN_KC,2017,18,WC,2018-01-06,16:36,TEN,KC,44.0,False,first_td,00-0033923,Kareem Hunt,RB,KC,rush,1,07:37,443,drive_game_clock_end,07:42
2017_18_ATL_LA,2017,18,WC,2018-01-06,20:15,ATL,LA,48.0,False,first_td,00-0031285,Devonta Freeman,RB,ATL,rush,2,11:34,1106,drive_game_clock_end,11:40
2017_18_BUF_JAX,2017,18,WC,2018-01-07,13:05,BUF,JAX,39.5,False,first_td,00-0032139,Ben Koyack,TE,JAX,pass,3,00:42,2658,drive_game_clock_end,00:49
2017_18_CAR_NO,2017,18,WC,2018-01-07,16:40,CAR,NO,47.5,False,first_td,00-0025396,Ted Ginn,WR,NO,pass,1,01:46,794,drive_game_clock_end,01:58
2017_19_ATL_PHI,2017,19,DIV,2018-01-13,16:35,ATL,PHI,40.0,False,first_td,00-0027325,LeGarrette Blount,RB,PHI,rush,2,10:28,1172,drive_game_clock_end,10:32
2017_19_TEN_NE,2017,19,DIV,2018-01-13,20:15,TEN,NE,48.0,False,first_td,00-0033871,Corey Davis,WR,TEN,pass,1,01:14,826,drive_game_clock_end,01:20
2017_19_JAX_PIT,2017,19,DIV,2018-01-14,13:05,JAX,PIT,40.5,False,first_td,00-0033856,Leonard Fournette,RB,JAX,rush,1,10:40,260,drive_game_clock_end,10:44
2017_19_NO_MIN,2017,19,DIV,2018-01-14,16:40,NO,MIN,47.0,False,first_td,00-0031376,Jerick McKinnon,RB,MIN,rush,1,09:45,315,drive_game_clock_end,09:51
2017_20_JAX_NE,2017,20,CON,2018-01-21,15:05,JAX,NE,46.0,False,first_td,00-0024243,Marcedes Lewis,TE,JAX,pass,2,14:15,945,drive_game_clock_end,14:22
2017_20_MIN_PHI,2017,20,CON,2018-01-21,18:41,MIN,PHI,39.0,False,first_td,00-0027981,Kyle Rudolph,TE,MIN,pass,1,10:14,286,drive_game_clock_end,10:20
2017_21_PHI_NE,2017,21,SB,2018-02-04,18:31,PHI,NE,48.5,False,first_td,00-0029137,Alshon Jeffery,WR,PHI,pass,1,02:34,746,drive_game_clock_end,02:41
2018_01_ATL_PHI,2018,1,REG,2018-09-06,20:20,ATL,PHI,44.5,False,first_td,00-0031590,Jay Ajayi,RB,PHI,rush,3,04:37,2423,drive_game_clock_end,04:41
2018_01_BUF_BAL,2018,1,REG,2018-09-09,13:00,BUF,BAL,39.0,True,first_td,00-0032426,Alex Collins,RB,BAL,rush,1,08:42,378,drive_game_clock_end,08:49
2018_01_PIT_CLE,2018,1,REG,2018-09-09,13:00,PIT,CLE,41.0,True,first_td,00-0033553,James Conner,RB,PIT,rush,2,11:16,1124,drive_game_clock_end,11:19
2018_01_CIN_IND,2018,1,REG,2018-09-09,13:00,CIN,IND,47.5,True,first_td,00-0031387,Eric Ebron,TE,IND,pass,2,12:02,1078,drive_game_clock_end,12:09
2018_01_TEN_MIA,2018,1,REG,2018-09-09,13:00,TEN,MIA,43.5,True,first_td,00-0030085,Kenny Stills,WR,MIA,pass,2,11:21,1119,drive_game_clock_end,11:26
2018_01_SF_MIN,2018,1,REG,2018-09-09,13:00,SF,MIN,46.5,True,first_td,00-0031588,Stefon Diggs,WR,MIN,pass,2,13:39,981,drive_game_clock_end,13:44
2018_01_HOU_NE,2018,1,REG,2018-09-09,13:00,HOU,NE,49.5,True,first_td,00-0027656,Rob Gronkowski,TE,NE,pass,1,11:50,190,drive_game_clock_end,11:58
2018_01_TB_NO,2018,1,REG,2018-09-09,13:00,TB,NO,50.0,True,first_td,00-0033906,Alvin Kamara,RB,NO,rush,1,11:41,199,drive_game_clock_end,11:45
2018_01_JAX_NYG,2018,1,REG,2018-09-09,13:00,JAX,NYG,43.0,True,first_td,00-0032209,T.J. Yeldon,RB,JAX,pass,2,02:42,1638,drive_game_clock_end,02:47
2018_01_KC_LAC,2018,1,REG,2018-09-09,16:05,KC,LAC,48.0,False,first_td,00-0033040,Tyreek Hill,WR,KC,return,1,13:03,117,drive_game_clock_end,13:24
2018_01_WAS_ARI,2018,1,REG,2018-09-09,16:25,WAS,ARI,43.5,False,first_td,00-0030404,Chris Thompson,RB,WAS,pass,2,14:54,906,drive_game_clock_end,15:00
2018_01_DAL_CAR,2018,1,REG,2018-09-09,16:25,DAL,CAR,42.5,False,first_td,00-0027939,Cam Newton,QB,CAR,rush,2,08:50,1270,drive_game_clock_end,08:54
2018_01_SEA_DEN,2018,1,REG,2018-09-09,16:25,SEA,DEN,42.5,False,first_td,00-0034159,Will Dissly,TE,SEA,pass,1,09:04,356,drive_game_clock_end,09:10
2018_01_CHI_GB,2018,1,REG,2018-09-09,20:20,CHI,GB,45.0,False,first_td,00-0033869,Mitchell Trubisky,QB,CHI,rush,1,07:11,469,drive_game_clock_end,07:16
2018_01_NYJ_DET,2018,1,REG,2018-09-10,19:10,NYJ,DET,44.0,False,first_td,00-0031608,Quandre Diggs,S,DET,return,1,14:40,20,drive_game_clock_end,14:53
2018_01_LA_OAK,2018,1,REG,2018-09-10,22:20,LA,OAK,47.5,False,first_td,00-0025399,Marshawn Lynch,RB,LV,rush,1,10:23,277,drive_game_clock_end,10:32
2018_02_BAL_CIN,2018,2,REG,2018-09-13,20:20,BAL,CIN,43.0,False,first_td,00-0027942,A.J. Green,WR,CIN,pass,1,10:35,265,drive_game_clock_end,10:40
2018_02_CAR_ATL,2018,2,REG,2018-09-16,13:00,CAR,ATL,44.0,True,first_td,00-0029572,Jarius Wright,WR,CAR,pass,2,08:42,1278,drive_game_clock_end,08:50
2018_02_LAC_BUF,2018,2,REG,2018-09-16,13:00,LAC,BUF,41.5,True,first_td,00-0033536,Mike Williams,WR,LAC,pass,1,09:26,334,drive_game_clock_end,09:32
2018_02_MIN_GB,2018,2,REG,2018-09-16,13:00,MIN,GB,45.0,True,first_td,00-0034751,Josh Jackson,CB,GB,other,1,07:28,452,drive_game_clock_end,07:33
2018_02_CLE_NO,2018,2,REG,2018-09-16,13:00,CLE,NO,51.0,True,first_td,00-0031045,Carlos Hyde,RB,CLE,rush,3,06:43,2297,drive_game_clock_end,06:48
2018_02_MIA_NYJ,2018,2,REG,2018-09-16,13:00,MIA,NYJ,43.0,True,first_td,00-0033118,Kenyan Drake,RB,MIA,rush,1,01:12,828,drive_game_clock_end,01:16
2018_02_KC_PIT,2018,2,REG,2018-09-16,13:00,KC,PIT,52.0,True,first_td,00-0032128,Chris Conley,WR,KC,pass,1,13:05,115,drive_game_clock_end,13:10
2018_02_PHI_TB,2018,2,REG,2018-09-16,13:00,PHI,TB,46.5,True,first_td,00-0026189,DeSean Jackson,WR,TB,pass,1,14:49,11,drive_game_clock_end,15:00
2018_02_HOU_TEN,2018,2,REG,2018-09-16,13:00,HOU,TEN,41.0,True,first_td,00-0034389,Dane Cruikshank,DB,TEN,pass,1,09:51,309,drive_game_clock_end,10:00
2018_02_IND_WAS,2018,2,REG,2018-09-16,13:00,IND,WAS,48.0,True,first_td,00-0031387,Eric Ebron,TE,IND,pass,1,09:25,335,drive_game_clock_end,09:30
2018_02_ARI_LA,2018,2,REG,2018-09-16,16:05,ARI,LA,43.5,False,first_td,00-0032241,Todd Gurley,RB,LA,rush,2,14:29,931,drive_game_clock_end,14:37
2018_02_DET_SF,2018,2,REG,2018-09-16,16:05,DET,SF,48.5,False,first_td,00-0033932,Kenny Golladay,WR,DET,pass,1,02:45,735,drive_game_clock_end,02:52
2018_02_OAK_DEN,2018,2,REG,2018-09-16,16:25,OAK,DEN,44.5,False,first_td,00-0025399,Marshawn Lynch,RB,LV,rush,2,00:35,1765,drive_game_clock_end,00:38
2018_02_NE_JAX,2018,2,REG,2018-09-16,16:25,NE,JAX,44.5,False,first_td,00-0031339,Donte Moncrief,WR,JAX,pass,1,07:46,434,drive_game_clock_end,07:52
2018_02_NYG_DAL,2018,2,REG,2018-09-16,20:20,NYG,DAL,42.0,False,first_td,00-0030525,Tavon Austin,WR,DAL,pass,1,13:26,94,drive_game_clock_end,13:37
2018_02_SEA_CHI,2018,2,REG,2018-09-17,20:15,SEA,CHI,42.5,False,first_td,00-0030710,Trey Burton,TE,CHI,pass,1,04:55,605,drive_game_clock_end,04:59
2018_03_NYJ_CLE,2018,3,REG,2018-09-20,20:20,NYJ,CLE,41.0,False,first_td,00-0030656,Isaiah Crowell,RB,NYJ,rush,2,14:56,904,drive_game_clock_end,15:00
2018_03_NO_ATL,2018,3,REG,2018-09-23,13:00,NO,ATL,54.0,True,first_td,00-0025396,Ted Ginn,WR,NO,pass,1,11:45,195,drive_game_clock_end,11:51
2018_03_DEN_BAL,2018,3,REG,2018-09-23,13:00,DEN,BAL,46.0,True,first_td,00-0034838,Royce Freeman,RB,DEN,rush,1,13:29,91,drive_game_clock_end,13:33
2018_03_CIN_CAR,2018,3,REG,2018-09-23,13:00,CIN,CAR,44.0,True,first_td,00-0030456,Giovani Bernard,RB,CIN,rush,1,07:40,440,drive_game_clock_end,07:47
2018_03_NYG_HOU,2018,3,REG,2018-09-23,13:00,NYG,HOU,44.0,True,first_td,00-0034844,Saquon Barkley,RB,NYG,rush,1,04:10,650,drive_game_clock_end,04:17
2018_03_TEN_JAX,2018,3,REG,2018-09-23,13:00,TEN,JAX,39.0,True,no_td,,,,,,,,,,
2018_03_SF_KC,2018,3,REG,2018-09-23,13:00,SF,KC,53.0,True,first_td,00-0033923,Kareem Hunt,RB,KC,rush,1,08:24,396,drive_game_clock_end,08:27
2018_03_OAK_MIA,2018,3,REG,2018-09-23,13:00,OAK,MIA,46.0,True,first_td,00-0026176,Jordy Nelson,WR,LV,pass,1,13:34,86,drive_game_clock_end,13:39
2018_03_BUF_MIN,2018,3,REG,2018-09-23,13:00,BUF,MIN,41.0,True,first_td,00-0034857,Josh Allen,QB,BUF,rush,1,10:01,299,drive_game_clock_end,10:11
2018_03_IND_PHI,2018,3,REG,2018-09-23,13:00,IND,PHI,45.5,True,first_td,00-0034351,Dallas Goedert,TE,PHI,pass,1,07:10,470,drive_game_clock_end,07:14
2018_03_GB_WAS,2018,3,REG,2018-09-23,13:00,GB,WAS,46.5,True,first_td,00-0031257,Paul Richardson,WR,WAS,pass,1,12:54,126,drive_game_clock_end,13:02
2018_03_LAC_LA,2018,3,REG,2018-09-23,16:05,LAC,LA,49.0,False,first_td,00-0032241,Todd Gurley,RB,LA,rush,1,06:14,526,drive_game_clock_end,06:19
2018_03_CHI_ARI,2018,3,REG,2018-09-23,16:25,CHI,ARI,39.0,False,first_td,00-0033611,Ricky Seals-Jones,TE,ARI,pass,1,12:12,168,drive_game_clock_end,12:20
2018_03_DAL_SEA,2018,3,REG,2018-09-23,16:25,DAL,SEA,40.0,False,first_td,00-0030300,Jaron Brown,WR,SEA,pass,2,09:28,1232,drive_game_clock_end,09:33
2018_03_NE_DET,2018,3,REG,2018-09-23,20:20,NE,DET,55.5,False,first_td,00-0033932,Kenny Golladay,WR,DET,pass,2,14:12,948,drive_game_clock_end,14:17
2018_03_PIT_TB,2018,3,REG,2018-09-24,20:15,PIT,TB,55.0,False,first_td,00-0031273,Cameron Brate,TE,TB,pass,1,07:21,459,drive_game_clock_end,07:26
2018_04_MIN_LA,2018,4,REG,2018-09-27,20:20,MIN,LA,48.5,False,first_td,00-0028116,Aldrick Robinson,WR,MIN,pass,1,07:55,425,drive_game_clock_end,08:01
2018_04_CIN_ATL,2018,4,REG,2018-09-30,13:00,CIN,ATL,52.0,True,first_td,00-0034378,Ito Smith,RB,ATL,rush,1,10:27,273,drive_game_clock_end,10:33
2018_04_TB_CHI,2018,4,REG,2018-09-30,13:00,TB,CHI,46.0,True,first_td,00-0030710,Trey Burton,TE,CHI,pass,1,12:20,160,drive_game_clock_end,12:27
2018_04_DET_DAL,2018,4,REG,2018-09-30,13:00,DET,DAL,44.0,True,first_td,00-0027891,Golden Tate,WR,DET,pass,1,00:19,881,drive_game_clock_end,00:30
2018_04_BUF_GB,2018,4,REG,2018-09-30,13:00,BUF,GB,44.0,True,first_td,00-0027696,Jimmy Graham,TE,GB,pass,1,05:15,585,drive_game_clock_end,05:19
2018_04_HOU_IND,2018,4,REG,2018-09-30,13:00,HOU,IND,48.0,True,first_td,00-0033251,Zach Pascal,WR,IND,pass,1,11:17,223,drive_game_clock_end,11:22
2018_04_NYJ_JAX,2018,4,REG,2018-09-30,13:00,NYJ,JAX,40.5,True,first_td,00-0032209,T.J. Yeldon,RB,JAX,pass,2,01:47,1693,drive_game_clock_end,01:56
2018_04_MIA_NE,2018,4,REG,2018-09-30,13:00,MIA,NE,50.5,True,first_td,00-0030578,Cordarrelle Patterson,RB,NE,pass,2,12:01,1079,drive_game_clock_end,12:11
2018_04_PHI_TEN,2018,4,REG,2018-09-30,13:00,PHI,TEN,41.5,True,first_td,00-0031299,Jordan Matthews,TE,PHI,pass,2,04:04,1556,drive_game_clock_end,04:12
2018_04_SEA_ARI,2018,4,REG,2018-09-30,16:05,SEA,ARI,40.0,False,first_td,00-0032063,Mike Davis,RB,SEA,rush,1,06:09,531,drive_game_clock_end,06:18
2018_04_CLE_OAK,2018,4,REG,2018-09-30,16:05,CLE,OAK,44.5,False,first_td,00-0033882,Gareon Conley,CB,LV,return,1,10:01,299,drive_game_clock_end,10:11
2018_04_SF_LAC,2018,4,REG,2018-09-30,16:25,SF,LAC,46.0,False,first_td,00-0031267,Antone Exum,S,SF,return,1,14:03,57,drive_game_clock_end,14:12
2018_04_NO_NYG,2018,4,REG,2018-09-30,16:25,NO,NYG,51.5,False,first_td,00-0032385,Sterling Shepard,WR,NYG,pass,1,08:24,396,drive_game_clock_end,08:30
2018_04_BAL_PIT,2018,4,REG,2018-09-30,20:20,BAL,PIT,51.0,False,first_td,00-0031051,John Brown,WR,BAL,pass,1,10:45,255,drive_game_clock_end,10:52
2018_04_KC_DEN,2018,4,REG,2018-10-01,20:15,KC,DEN,53.5,False,first_td,00-0033873,Patrick Mahomes,QB,KC,rush,2,09:33,1227,drive_game_clock_end,09:42
2018_05_IND_NE,2018,5,REG,2018-10-04,20:20,IND,NE,49.5,False,first_td,00-0030578,Cordarrelle Patterson,RB,NE,pass,1,08:58,362,drive_game_clock_end,09:03
2018_05_TEN_BUF,2018,5,REG,2018-10-07,13:00,TEN,BUF,38.0,True,first_td,00-0034857,Josh Allen,QB,BUF,rush,1,09:03,357,drive_game_clock_end,09:12
2018_05_NYG_CAR,2018,5,REG,2018-10-07,13:00,NYG,CAR,43.5,True,first_td,00-0033282,Curtis Samuel,WR,CAR,pass,1,04:38,622,drive_game_clock_end,04:49
2018_05_MIA_CIN,2018,5,REG,2018-10-07,13:00,MIA,CIN,47.5,True,first_td,00-0033118,Kenyan Drake,RB,MIA,pass,2,07:22,1358,drive_game_clock_end,07:28
2018_05_BAL_CLE,2018,5,REG,2018-10-07,13:00,BAL,CLE,44.5,True,first_td,00-0032977,Rashard Higgins,WR,CLE,pass,2,00:40,1760,drive_game_clock_end,00:44
2018_05_GB_DET,2018,5,REG,2018-10-07,13:00,GB,DET,50.0,True,first_td,00-0027325,LeGarrette Blount,RB,DET,rush,1,10:30,270,drive_game_clock_end,10:34
2018_05_JAX_KC,2018,5,REG,2018-10-07,13:00,JAX,KC,48.0,True,first_td,00-0033873,Patrick Mahomes,QB,KC,rush,1,06:39,501,drive_game_clock_end,06:44
2018_05_DEN_NYJ,2018,5,REG,2018-10-07,13:00,DEN,NYJ,42.0,True,first_td,00-0034348,Courtland Sutton,WR,DEN,pass,1,09:19,341,drive_game_clock_end,09:26
2018_05_ATL_PIT,2018,5,REG,2018-10-07,13:00,ATL,PIT,57.0,True,first_td,00-0033553,James Conner,RB,PIT,rush,1,10:44,256,drive_game_clock_end,10:51
2018_05_OAK_LAC,2018,5,REG,2018-10-07,16:05,OAK,LAC,52.0,False,first_td,00-0033699,Austin Ekeler,RB,LAC,pass,2,04:04,1556,drive_game_clock_end,04:14
2018_05_MIN_PHI,2018,5,REG,2018-10-07,16:25,MIN,PHI,48.0,False,first_td,00-0027885,Linval Joseph,DT,MIN,return,2,04:12,1548,drive_game_clock_end,04:24
2018_05_LA_SEA,2018,5,REG,2018-10-07,16:25,LA,SEA,50.5,False,first_td,00-0032063,Mike Davis,RB,SEA,rush,1,04:30,630,drive_game_clock_end,04:32
2018_05_ARI_SF,2018,5,REG,2018-10-07,16:25,ARI,SF,40.5,False,first_td,00-0033308,Matt Breida,RB,SF,pass,1,09:49,311,drive_game_clock_end,09:52
2018_05_DAL_HOU,2018,5,REG,2018-10-07,20:20,DAL,HOU,45.0,False,first_td,00-0034366,Keke Coutee,WR,HOU,pass,2,13:40,980,drive_game_clock_end,13:45
2018_05_WAS_NO,2018,5,REG,2018-10-08,20:15,WAS,NO,51.5,False,first_td,00-0027966,Mark Ingram,RB,NO,rush,1,10:41,259,drive_game_clock_end,10:45
2018_06_PHI_NYG,2018,6,REG,2018-10-11,20:20,PHI,NYG,45.5,False,first_td,00-0029137,Alshon Jeffery,WR,PHI,pass,1,13:15,105,drive_game_clock_end,13:27
2018_06_TB_ATL,2018,6,REG,2018-10-14,13:00,TB,ATL,57.5,True,first_td,00-0031273,Cameron Brate,TE,TB,pass,1,11:36,204,drive_game_clock_end,11:43
2018_06_PIT_CIN,2018,6,REG,2018-10-14,13:00,PIT,CIN,49.5,True,first_td,00-0033009,Tyler Boyd,WR,CIN,pass,1,04:36,624,drive_game_clock_end,04:41
2018_06_LAC_CLE,2018,6,REG,2018-10-14,13:00,LAC,CLE,47.0,True,first_td,00-0032144,Melvin Gordon,RB,LAC,rush,1,10:14,286,drive_game_clock_end,10:20
2018_06_BUF_HOU,2018,6,REG,2018-10-14,13:00,BUF,HOU,40.5,True,first_td,00-0030564,DeAndre Hopkins,WR,HOU,pass,1,04:43,617,drive_game_clock_end,04:48
2018_06_CHI_MIA,2018,6,REG,2018-10-14,13:00,CHI,MIA,40.5,True,first_td,00-0032117,Nick O'Leary,TE,MIA,pass,1,08:38,382,drive_game_clock_end,08:42
2018_06_ARI_MIN,2018,6,REG,2018-10-14,13:00,ARI,MIN,43.5,True,first_td,00-0030513,Latavius Murray,RB,MIN,rush,1,05:33,567,drive_game_clock_end,05:41
2018_06_IND_NYJ,2018,6,REG,2018-10-14,13:00,IND,NYJ,47.5,True,first_td,00-0029676,Morris Claiborne,CB,NYJ,return,1,14:48,12,drive_game_clock_end,14:55
2018_06_SEA_OAK,2018,6,REG,2018-10-14,13:00,SEA,OAK,47.5,True,first_td,00-0030300,Jaron Brown,WR,SEA,pass,1,07:24,456,drive_game_clock_end,07:29
2018_06_CAR_WAS,2018,6,REG,2018-10-14,13:00,CAR,WAS,44.5,True,first_td,00-0024221,Vernon Davis,TE,WAS,pass,1,10:20,280,drive_game_clock_end,10:26
2018_06_LA_DEN,2018,6,REG,2018-10-14,16:05,LA,DEN,50.0,False,first_td,00-0032241,Todd Gurley,RB,LA,rush,2,10:57,1143,drive_game_clock_end,11:02
2018_06_JAX_DAL,2018,6,REG,2018-10-14,16:25,JAX,DAL,39.5,False,first_td,00-0033077,Dak Prescott,QB,DAL,rush,1,03:47,673,drive_game_clock_end,03:52
2018_06_BAL_TEN,2018,6,REG,2018-10-14,16:25,BAL,TEN,43.5,False,first_td,00-0026986,Michael Crabtree,WR,BAL,pass,1,01:27,813,drive_game_clock_end,01:32
2018_06_KC_NE,2018,6,REG,2018-10-14,20:20,KC,NE,59.5,False,first_td,00-0034845,Sony Michel,RB,NE,rush,1,04:57,603,drive_game_clock_end,05:01
2018_06_SF_GB,2018,6,REG,2018-10-15,20:15,SF,GB,46.5,False,first_td,00-0033308,Matt Breida,RB,SF,rush,1,10:59,241,drive_game_clock_end,11:04
2018_07_DEN_ARI,2018,7,REG,2018-10-18,20:20,DEN,ARI,42.5,False,first_td,00-0031427,Todd Davis,ILB,DEN,return,1,14:01,59,drive_game_clock_end,14:10
2018_07_NE_CHI,2018,7,REG,2018-10-21,13:00,NE,CHI,49.0,True,first_td,00-0027150,Julian Edelman,WR,NE,pass,1,11:00,240,drive_game_clock_end,11:05
2018_07_BUF_IND,2018,7,REG,2018-10-21,13:00,BUF,IND,43.5,True,first_td,00-0030854,Erik Swoope,TE,IND,pass,2,13:31,989,drive_game_clock_end,13:38
2018_07_HOU_JAX,2018,7,REG,2018-10-21,13:00,HOU,JAX,43.0,True,first_td,00-0029615,Lamar Miller,RB,HOU,rush,2,05:31,1469,drive_game_clock_end,05:36
2018_07_DET_MIA,2018,7,REG,2018-10-21,13:00,DET,MIA,47.0,True,first_td,00-0033559,Michael Roberts,TE,DET,pass,1,09:12,348,drive_game_clock_end,09:18
2018_07_MIN_NYJ,2018,7,REG,2018-10-21,13:00,MIN,NYJ,45.0,True,first_td,00-0030035,Adam Thielen,WR,MIN,pass,1,13:22,98,drive_game_clock_end,13:28
2018_07_CAR_PHI,2018,7,REG,2018-10-21,13:00,CAR,PHI,45.0,True,first_td,00-0029137,Alshon Jeffery,WR,PHI,pass,2,11:39,1101,drive_game_clock_end,11:43
2018_07_CLE_TB,2018,7,REG,2018-10-21,13:00,CLE,TB,52.5,True,first_td,00-0026189,DeSean Jackson,WR,TB,rush,2,14:54,906,drive_game_clock_end,15:00
2018_07_NO_BAL,2018,7,REG,2018-10-21,16:05,NO,BAL,49.0,False,first_td,00-0022943,Benjamin Watson,TE,NO,pass,2,01:53,1687,drive_game_clock_end,01:57
2018_07_LA_SF,2018,7,REG,2018-10-21,16:25,LA,SF,52.0,False,first_td,00-0032241,Todd Gurley,RB,LA,rush,2,14:23,937,drive_game_clock_end,14:24
2018_07_DAL_WAS,2018,7,REG,2018-10-21,16:25,DAL,WAS,40.5,False,first_td,00-0031102,Kapri Bibbs,RB,WAS,pass,1,10:19,281,drive_game_clock_end,10:28
2018_07_CIN_KC,2018,7,REG,2018-10-21,20:20,CIN,KC,56.0,False,first_td,00-0033923,Kareem Hunt,RB,KC,pass,1,08:08,412,drive_game_clock_end,08:15
2018_07_TEN_LAC,2018,7,REG,2018-10-21,21:30,TEN,LAC,46.0,False,first_td,00-0032160,Tyrell Williams,WR,LAC,pass,1,09:35,325,drive_game_clock_end,09:44
2018_07_NYG_ATL,2018,7,REG,2018-10-22,20:15,NYG,ATL,52.0,False,first_td,00-0033094,Marvin Hall,WR,ATL,pass,2,04:51,1509,drive_game_clock_end,05:00
2018_08_MIA_HOU,2018,8,REG,2018-10-25,20:20,MIA,HOU,45.0,False,first_td,00-0033118,Kenyan Drake,RB,MIA,rush,1,04:58,602,drive_game_clock_end,05:03
2018_08_BAL_CAR,2018,8,REG,2018-10-28,13:00,BAL,CAR,44.0,True,first_td,00-0032426,Alex Collins,RB,BAL,rush,1,07:50,430,drive_game_clock_end,07:57
2018_08_NYJ_CHI,2018,8,REG,2018-10-28,13:00,NYJ,CHI,42.5,True,first_td,00-0033556,Tarik Cohen,RB,CHI,pass,1,05:24,576,drive_game_clock_end,05:35
2018_08_TB_CIN,2018,8,REG,2018-10-28,13:00,TB,CIN,55.0,True,first_td,00-0033897,Joe Mixon,RB,CIN,rush,1,03:04,716,drive_game_clock_end,03:06
2018_08_SEA_DET,2018,8,REG,2018-10-28,13:00,SEA,DET,47.5,True,first_td,00-0029293,Marvin Jones,WR,DET,pass,1,02:15,765,drive_game_clock_end,02:24
2018_08_DEN_KC,2018,8,REG,2018-10-28,13:00,DEN,KC,53.0,True,first_td,00-0034109,Phillip Lindsay,RB,DEN,rush,1,07:40,440,drive_game_clock_end,07:43
2018_08_WAS_NYG,2018,8,REG,2018-10-28,13:00,WAS,NYG,43.0,True,first_td,00-0025394,Adrian Peterson,RB,WAS,pass,1,02:53,727,drive_game_clock_end,03:00
2018_08_CLE_PIT,2018,8,REG,2018-10-28,13:00,CLE,PIT,47.5,True,first_td,00-0027793,Antonio Brown,WR,PIT,pass,2,11:26,1114,drive_game_clock_end,11:35
2018_08_IND_OAK,2018,8,REG,2018-10-28,16:05,IND,OAK,51.0,False,first_td,00-0033217,Mo Alie-Cox,TE,IND,pass,1,08:21,399,drive_game_clock_end,08:27
2018_08_SF_ARI,2018,8,REG,2018-10-28,16:25,SF,ARI,40.0,False,first_td,00-0030068,Marquise Goodwin,WR,SF,pass,3,06:22,2318,drive_game_clock_end,06:32
2018_08_GB_LA,2018,8,REG,2018-10-28,16:25,GB,LA,57.0,False,first_td,00-0033948,Jamaal Williams,RB,GB,rush,1,06:01,539,drive_game_clock_end,06:05
2018_08_NO_MIN,2018,8,REG,2018-10-28,20:20,NO,MIN,53.5,False,first_td,00-0033906,Alvin Kamara,RB,NO,pass,1,10:33,267,drive_game_clock_end,10:38
2018_08_PHI_JAX,2018,8,REG,2018-10-28,21:30,PHI,JAX,44.5,False,first_td,00-0034351,Dallas Goedert,TE,PHI,pass,2,00:29,1771,drive_game_clock_end,00:38
2018_08_NE_BUF,2018,8,REG,2018-10-29,20:15,NE,BUF,44.0,False,first_td,00-0031062,James White,RB,NE,rush,4,09:58,3002,drive_game_clock_end,10:01
2018_09_OAK_SF,2018,9,REG,2018-11-01,20:20,OAK,SF,44.0,False,first_td,00-0026345,Pierre Garcon,WR,SF,pass,1,06:47,493,drive_game_clock_end,06:53
2018_09_PIT_BAL,2018,9,REG,2018-11-04,13:00,PIT,BAL,47.0,True,first_td,00-0033553,James Conner,RB,PIT,pass,1,01:03,837,drive_game_clock_end,01:09
2018_09_CHI_BUF,2018,9,REG,2018-11-04,13:00,CHI,BUF,38.0,True,first_td,00-0032780,Jordan Howard,RB,CHI,rush,2,13:04,1016,drive_game_clock_end,13:06
2018_09_TB_CAR,2018,9,REG,2018-11-04,13:00,TB,CAR,55.5,True,first_td,00-0033296,Alex Armah,RB,CAR,rush,1,10:34,266,drive_game_clock_end,10:39
2018_09_KC_CLE,2018,9,REG,2018-11-04,13:00,KC,CLE,51.0,True,first_td,00-0033923,Kareem Hunt,RB,KC,pass,1,08:14,406,drive_game_clock_end,08:25
2018_09_NYJ_MIA,2018,9,REG,2018-11-04,13:00,NYJ,MIA,43.5,True,first_td,00-0034797,Jerome Baker,OLB,MIA,return,4,10:48,2952,drive_game_clock_end,10:56
2018_09_DET_MIN,2018,9,REG,2018-11-04,13:00,DET,MIN,47.0,True,first_td,00-0030513,Latavius Murray,RB,MIN,rush,1,09:53,307,drive_game_clock_end,09:59
2018_09_ATL_WAS,2018,9,REG,2018-11-04,13:00,ATL,WAS,46.5,True,first_td,00-0032058,Tevin Coleman,RB,ATL,pass,1,09:46,314,drive_game_clock_end,09:56
2018_09_HOU_DEN,2018,9,REG,2018-11-04,16:05,HOU,DEN,46.5,False,first_td,00-0034420,Jordan Thomas,LB,HOU,pass,1,10:53,247,drive_game_clock_end,10:59
2018_09_LAC_SEA,2018,9,REG,2018-11-04,16:05,LAC,SEA,48.5,False,first_td,00-0030300,Jaron Brown,WR,SEA,pass,1,06:55,485,drive_game_clock_end,07:02
2018_09_LA_NO,2018,9,REG,2018-11-04,16:25,LA,NO,57.5,False,first_td,00-0033906,Alvin Kamara,RB,NO,rush,1,09:25,335,drive_game_clock_end,09:33
2018_09_GB_NE,2018,9,REG,2018-11-04,20:20,GB,NE,56.0,False,first_td,00-0031062,James White,RB,NE,rush,1,11:40,200,drive_game_clock_end,11:44
2018_09_TEN_DAL,2018,9,REG,2018-11-05,20:15,TEN,DAL,40.0,False,first_td,00-0031544,Amari Cooper,WR,DAL,pass,1,06:12,528,drive_game_clock_end,06:18
2018_10_CAR_PIT,2018,10,REG,2018-11-08,20:20,CAR,PIT,51.0,False,first_td,00-0033280,Christian McCaffrey,RB,CAR,pass,1,10:29,271,drive_game_clock_end,10:36
2018_10_DET_CHI,2018,10,REG,2018-11-11,13:00,DET,CHI,44.5,True,first_td,00-0033556,Tarik Cohen,RB,CHI,rush,1,11:22,218,drive_game_clock_end,11:26
2018_10_NO_CIN,2018,10,REG,2018-11-11,13:00,NO,CIN,53.0,True,first_td,00-0032765,Michael Thomas,WR,NO,pass,1,06:30,510,drive_game_clock_end,06:34
2018_10_ATL_CLE,2018,10,REG,2018-11-11,13:00,ATL,CLE,49.5,True,first_td,00-0032977,Rashard Higgins,WR,CLE,pass,1,04:36,624,drive_game_clock_end,04:44
2018_10_JAX_IND,2018,10,REG,2018-11-11,13:00,JAX,IND,48.0,True,first_td,00-0031387,Eric Ebron,TE,IND,pass,1,11:26,214,drive_game_clock_end,11:36
2018_10_ARI_KC,2018,10,REG,2018-11-11,13:00,ARI,KC,49.5,True,first_td,00-0033040,Tyreek Hill,WR,KC,pass,1,14:04,56,drive_game_clock_end,14:10
2018_10_BUF_NYJ,2018,10,REG,2018-11-11,13:00,BUF,NYJ,38.0,True,first_td,00-0027029,LeSean McCoy,RB,BUF,rush,1,14:11,49,drive_game_clock_end,14:20
2018_10_WAS_TB,2018,10,REG,2018-11-11,13:00,WAS,TB,51.0,True,first_td,00-0032760,Josh Doctson,WR,WAS,pass,4,14:07,2753,drive_game_clock_end,14:16
2018_10_NE_TEN,2018,10,REG,2018-11-11,13:00,NE,TEN,47.0,True,first_td,00-0033858,Jonnu Smith,TE,TEN,pass,1,11:29,211,drive_game_clock_end,11:36
2018_10_LAC_OAK,2018,10,REG,2018-11-11,16:05,LAC,OAK,50.0,False,first_td,00-0030279,Keenan Allen,WR,LAC,pass,2,00:24,1776,drive_game_clock_end,00:28
2018_10_MIA_GB,2018,10,REG,2018-11-11,16:25,MIA,GB,48.5,False,first_td,00-0031381,Davante Adams,WR,GB,pass,1,06:07,533,drive_game_clock_end,06:07
2018_10_SEA_LA,2018,10,REG,2018-11-11,16:25,SEA,LA,51.0,False,first_td,00-0032394,Nick Vannett,TE,SEA,pass,1,11:16,224,drive_game_clock_end,11:23
2018_10_DAL_PHI,2018,10,REG,2018-11-11,20:20,DAL,PHI,45.5,False,first_td,00-0033077,Dak Prescott,QB,DAL,rush,2,00:19,1781,drive_game_clock_end,00:21
2018_10_NYG_SF,2018,10,REG,2018-11-12,20:15,NYG,SF,45.0,False,first_td,00-0031235,Odell Beckham Jr.,WR,NYG,pass,1,02:43,737,drive_game_clock_end,02:48
2018_11_GB_SEA,2018,11,REG,2018-11-15,20:20,GB,SEA,49.0,False,first_td,00-0033293,Aaron Jones,RB,GB,rush,1,13:46,74,drive_game_clock_end,13:51
2018_11_DAL_ATL,2018,11,REG,2018-11-18,13:00,DAL,ATL,50.0,True,first_td,00-0033077,Dak Prescott,QB,DAL,rush,4,14:19,2741,drive_game_clock_end,14:23
2018_11_CIN_BAL,2018,11,REG,2018-11-18,13:00,CIN,BAL,44.0,True,first_td,00-0032426,Alex Collins,RB,BAL,rush,1,07:31,449,drive_game_clock_end,07:37
2018_11_CAR_DET,2018,11,REG,2018-11-18,13:00,CAR,DET,48.0,True,first_td,00-0025418,Greg Olsen,TE,CAR,pass,1,09:27,333,drive_game_clock_end,09:31
2018_11_TEN_IND,2018,11,REG,2018-11-18,13:00,TEN,IND,50.0,True,first_td,00-0033951,Marlon Mack,RB,IND,rush,1,01:15,825,drive_game_clock_end,01:20
2018_11_PIT_JAX,2018,11,REG,2018-11-18,13:00,PIT,JAX,47.0,True,first_td,00-0033856,Leonard Fournette,RB,JAX,rush,3,02:09,2571,drive_game_clock_end,02:12
2018_11_TB_NYG,2018,11,REG,2018-11-18,13:00,TB,NYG,54.5,True,first_td,00-0034844,Saquon Barkley,RB,NYG,pass,1,11:42,198,drive_game_clock_end,11:47
2018_11_HOU_WAS,2018,11,REG,2018-11-18,13:00,HOU,WAS,40.5,True,first_td,00-0030564,DeAndre Hopkins,WR,HOU,pass,1,03:15,705,drive_game_clock_end,03:20
2018_11_OAK_ARI,2018,11,REG,2018-11-18,16:05,OAK,ARI,41.0,False,first_td,00-0027061,Jared Cook,TE,LV,pass,1,12:36,144,drive_game_clock_end,12:40
2018_11_DEN_LAC,2018,11,REG,2018-11-18,16:05,DEN,LAC,47.0,False,first_td,00-0034109,Phillip Lindsay,RB,DEN,rush,2,12:05,1075,drive_game_clock_end,12:14
2018_11_PHI_NO,2018,11,REG,2018-11-18,16:25,PHI,NO,56.5,False,first_td,00-0033382,Austin Carr,WR,NO,pass,1,03:12,708,drive_game_clock_end,03:16
2018_11_MIN_CHI,2018,11,REG,2018-11-18,20:20,MIN,CHI,44.0,False,first_td,00-0034353,Anthony Miller,WR,CHI,pass,2,06:00,1440,drive_game_clock_end,06:07
2018_11_KC_LA,2018,11,REG,2018-11-19,20:15,KC,LA,63.5,False,first_td,00-0030431,Robert Woods,WR,LA,pass,1,12:00,180,drive_game_clock_end,12:06
2018_12_CHI_DET,2018,12,REG,2018-11-22,12:30,CHI,DET,43.0,False,first_td,00-0027325,LeGarrette Blount,RB,DET,rush,2,09:03,1257,drive_game_clock_end,09:10
2018_12_WAS_DAL,2018,12,REG,2018-11-22,16:30,WAS,DAL,40.0,False,first_td,00-0033045,Ezekiel Elliott,RB,DAL,rush,1,10:02,298,drive_game_clock_end,10:09
2018_12_ATL_NO,2018,12,REG,2018-11-22,20:20,ATL,NO,61.0,False,first_td,00-0032881,Tommylee Lewis,WR,NO,pass,1,11:11,229,drive_game_clock_end,11:17
2018_12_OAK_BAL,2018,12,REG,2018-11-25,13:00,OAK,BAL,42.0,True,first_td,00-0029613,Doug Martin,RB,LV,rush,1,08:45,375,drive_game_clock_end,08:46
2018_12_JAX_BUF,2018,12,REG,2018-11-25,13:00,JAX,BUF,36.5,True,first_td,00-0033466,Isaiah McKenzie,WR,BUF,rush,1,05:02,598,drive_game_clock_end,05:06
2018_12_SEA_CAR,2018,12,REG,2018-11-25,13:00,SEA,CAR,46.5,True,first_td,00-0033282,Curtis Samuel,WR,CAR,pass,2,06:15,1425,drive_game_clock_end,06:19
2018_12_CLE_CIN,2018,12,REG,2018-11-25,13:00,CLE,CIN,46.5,True,first_td,00-0034791,Nick Chubb,RB,CLE,rush,1,09:11,349,drive_game_clock_end,09:16
2018_12_NE_NYJ,2018,12,REG,2018-11-25,13:00,NE,NYJ,46.5,True,first_td,00-0029159,Jermaine Kearse,WR,NYJ,pass,1,04:02,658,drive_game_clock_end,04:08
2018_12_NYG_PHI,2018,12,REG,2018-11-25,13:00,NYG,PHI,49.0,True,first_td,00-0034844,Saquon Barkley,RB,NYG,pass,1,10:38,262,drive_game_clock_end,10:44
2018_12_SF_TB,2018,12,REG,2018-11-25,13:00,SF,TB,54.5,True,first_td,00-0031273,Cameron Brate,TE,TB,pass,1,08:21,399,drive_game_clock_end,08:27
2018_12_ARI_LAC,2018,12,REG,2018-11-25,16:05,ARI,LAC,43.5,False,first_td,00-0022921,Larry Fitzgerald,WR,ARI,pass,1,10:20,280,drive_game_clock_end,10:27
2018_12_PIT_DEN,2018,12,REG,2018-11-25,16:25,PIT,DEN,47.5,False,first_td,00-0031744,Matt LaCosse,TE,DEN,pass,2,03:27,1593,drive_game_clock_end,03:33
2018_12_MIA_IND,2018,12,REG,2018-11-25,16:25,MIA,IND,52.5,False,first_td,00-0033118,Kenyan Drake,RB,MIA,pass,1,12:22,158,drive_game_clock_end,12:30
2018_12_GB_MIN,2018,12,REG,2018-11-25,20:20,GB,MIN,48.5,False,first_td,00-0031381,Davante Adams,WR,GB,pass,1,05:54,546,drive_game_clock_end,06:01
2018_12_TEN_HOU,2018,12,REG,2018-11-26,20:15,TEN,HOU,42.5,False,first_td,00-0033858,Jonnu Smith,TE,TEN,pass,1,09:21,339,drive_game_clock_end,09:31
2018_13_NO_DAL,2018,13,REG,2018-11-29,20:20,NO,DAL,51.5,False,first_td,00-0033045,Ezekiel Elliott,RB,DAL,pass,1,00:57,843,drive_game_clock_end,01:05
2018_13_BAL_ATL,2018,13,REG,2018-12-02,13:00,BAL,ATL,46.5,True,first_td,00-0034796,Lamar Jackson,QB,BAL,rush,1,04:17,643,drive_game_clock_end,04:24
2018_13_DEN_CIN,2018,13,REG,2018-12-02,13:00,DEN,CIN,45.0,True,first_td,00-0034109,Phillip Lindsay,RB,DEN,rush,2,01:56,1684,drive_game_clock_end,02:00
2018_13_LA_DET,2018,13,REG,2018-12-02,13:00,LA,DET,54.0,True,first_td,00-0030431,Robert Woods,WR,LA,pass,2,02:28,1652,drive_game_clock_end,02:33
2018_13_ARI_GB,2018,13,REG,2018-12-02,13:00,ARI,GB,41.0,True,first_td,00-0031381,Davante Adams,WR,GB,pass,2,11:29,1111,drive_game_clock_end,11:35
2018_13_CLE_HOU,2018,13,REG,2018-12-02,13:00,CLE,HOU,47.5,True,first_td,00-0034420,Jordan Thomas,LB,HOU,pass,1,00:38,862,drive_game_clock_end,00:44
2018_13_IND_JAX,2018,13,REG,2018-12-02,13:00,IND,JAX,45.5,True,no_td,,,,,,,,,,
2018_13_BUF_MIA,2018,13,REG,2018-12-02,13:00,BUF,MIA,40.0,True,first_td,00-0031547,DeVante Parker,WR,MIA,pass,1,09:42,318,drive_game_clock_end,09:49
2018_13_CHI_NYG,2018,13,REG,2018-12-02,13:00,CHI,NYG,44.0,True,first_td,00-0030527,Alec Ogletree,ILB,NYG,return,1,14:14,46,drive_game_clock_end,14:22
2018_13_CAR_TB,2018,13,REG,2018-12-02,13:00,CAR,TB,52.0,True,first_td,00-0032009,Adam Humphries,WR,TB,pass,1,09:46,314,drive_game_clock_end,09:53
2018_13_KC_OAK,2018,13,REG,2018-12-02,16:05,KC,OAK,53.5,False,first_td,00-0030506,Travis Kelce,TE,KC,pass,1,12:11,169,drive_game_clock_end,12:16
2018_13_NYJ_TEN,2018,13,REG,2018-12-02,16:05,NYJ,TEN,40.5,False,first_td,00-0029690,Trumaine Johnson,CB,NYJ,return,1,07:59,421,drive_game_clock_end,08:09
2018_13_MIN_NE,2018,13,REG,2018-12-02,16:25,MIN,NE,50.0,False,first_td,00-0027925,James Develin,FB,NE,rush,1,09:33,327,drive_game_clock_end,09:36
2018_13_SF_SEA,2018,13,REG,2018-12-02,16:25,SF,SEA,45.5,False,first_td,00-0030300,Jaron Brown,WR,SEA,pass,1,01:25,815,drive_game_clock_end,01:32
2018_13_LAC_PIT,2018,13,REG,2018-12-02,20:20,LAC,PIT,53.5,False,first_td,00-0033553,James Conner,RB,PIT,rush,1,09:20,340,drive_game_clock_end,09:25
2018_13_WAS_PHI,2018,13,REG,2018-12-03,20:15,WAS,PHI,45.0,False,first_td,00-0027891,Golden Tate,WR,PHI,pass,1,07:31,449,drive_game_clock_end,07:40
2018_14_JAX_TEN,2018,14,REG,2018-12-06,20:20,JAX,TEN,36.5,False,first_td,00-0032764,Derrick Henry,RB,TEN,rush,1,09:30,330,drive_game_clock_end,09:35
2018_14_NYJ_BUF,2018,14,REG,2018-12-09,13:00,NYJ,BUF,37.0,True,first_td,00-0034857,Josh Allen,QB,BUF,rush,1,09:12,348,drive_game_clock_end,09:19
2018_14_CAR_CLE,2018,14,REG,2018-12-09,13:00,CAR,CLE,48.0,True,first_td,00-0033280,Christian McCaffrey,RB,CAR,rush,1,09:17,343,drive_game_clock_end,09:21
2018_14_ATL_GB,2018,14,REG,2018-12-09,13:00,ATL,GB,51.0,True,first_td,00-0027944,Julio Jones,WR,ATL,pass,1,11:36,204,drive_game_clock_end,11:43
2018_14_IND_HOU,2018,14,REG,2018-12-09,13:00,IND,HOU,49.5,True,first_td,00-0031075,Alfred Blue,RB,HOU,rush,1,02:26,754,drive_game_clock_end,02:31
2018_14_BAL_KC,2018,14,REG,2018-12-09,13:00,BAL,KC,49.0,True,first_td,00-0030874,Damien Williams,RB,KC,rush,1,03:03,717,drive_game_clock_end,03:07
2018_14_NE_MIA,2018,14,REG,2018-12-09,13:00,NE,MIA,49.5,True,first_td,00-0027925,James Develin,FB,NE,rush,1,08:13,407,drive_game_clock_end,08:17
2018_14_NO_TB,2018,14,REG,2018-12-09,13:00,NO,TB,55.0,True,first_td,00-0031273,Cameron Brate,TE,TB,pass,1,12:19,161,drive_game_clock_end,12:24
2018_14_NYG_WAS,2018,14,REG,2018-12-09,13:00,NYG,WAS,40.5,True,first_td,00-0032042,Curtis Riley,FS,NYG,return,1,02:45,735,drive_game_clock_end,02:52
2018_14_CIN_LAC,2018,14,REG,2018-12-09,16:05,CIN,LAC,48.5,False,first_td,00-0030279,Keenan Allen,WR,LAC,pass,1,11:39,201,drive_game_clock_end,11:46
2018_14_DEN_SF,2018,14,REG,2018-12-09,16:05,DEN,SF,45.5,False,first_td,00-0033288,George Kittle,TE,SF,pass,2,09:47,1213,drive_game_clock_end,10:00
2018_14_DET_ARI,2018,14,REG,2018-12-09,16:25,DET,ARI,40.0,False,first_td,00-0030062,Darius Slay,CB,DET,return,3,03:03,2517,drive_game_clock_end,03:16
2018_14_PHI_DAL,2018,14,REG,2018-12-09,16:25,PHI,DAL,46.0,False,first_td,00-0029137,Alshon Jeffery,WR,PHI,pass,3,06:04,2336,drive_game_clock_end,06:08
2018_14_PIT_OAK,2018,14,REG,2018-12-09,16:25,PIT,OAK,51.0,False,first_td,00-0029613,Doug Martin,RB,LV,rush,1,10:44,256,drive_game_clock_end,10:47
2018_14_LA_CHI,2018,14,REG,2018-12-09,20:20,LA,CHI,50.5,False,first_td,00-0029091,Bradley Sowell,TE,CHI,pass,3,09:58,2102,drive_game_clock_end,10:01
2018_14_MIN_SEA,2018,14,REG,2018-12-10,20:15,MIN,SEA,45.5,False,first_td,00-0033594,Chris Carson,RB,SEA,rush,4,02:53,3427,drive_game_clock_end,02:57
2018_15_LAC_KC,2018,15,REG,2018-12-13,20:20,LAC,KC,54.0,False,first_td,00-0032775,Demarcus Robinson,WR,KC,pass,1,09:09,351,drive_game_clock_end,09:18
2018_15_HOU_NYJ,2018,15,REG,2018-12-15,16:30,HOU,NYJ,44.0,False,first_td,00-0030564,DeAndre Hopkins,WR,HOU,pass,2,08:14,1306,drive_game_clock_end,08:22
2018_15_CLE_DEN,2018,15,REG,2018-12-15,20:20,CLE,DEN,47.0,False,first_td,00-0032054,Breshad Perriman,WR,CLE,pass,1,11:49,191,drive_game_clock_end,11:59
2018_15_ARI_ATL,2018,15,REG,2018-12-16,13:00,ARI,ATL,43.5,True,first_td,00-0032187,David Johnson,RB,ARI,rush,1,08:25,395,drive_game_clock_end,08:30
2018_15_TB_BAL,2018,15,REG,2018-12-16,13:00,TB,BAL,44.5,True,first_td,00-0032741,Peyton Barber,RB,TB,rush,2,12:08,1072,drive_game_clock_end,12:12
2018_15_DET_BUF,2018,15,REG,2018-12-16,13:00,DET,BUF,40.0,True,first_td,00-0032707,Andy Jones,WR,DET,pass,2,10:45,1155,drive_game_clock_end,10:50
2018_15_GB_CHI,2018,15,REG,2018-12-16,13:00,GB,CHI,46.5,True,first_td,00-0032780,Jordan Howard,RB,CHI,rush,1,02:08,772,drive_game_clock_end,02:12
2018_15_OAK_CIN,2018,15,REG,2018-12-16,13:00,OAK,CIN,46.0,True,first_td,00-0033009,Tyler Boyd,WR,CIN,pass,1,03:00,720,drive_game_clock_end,03:04
2018_15_DAL_IND,2018,15,REG,2018-12-16,13:00,DAL,IND,47.0,True,first_td,00-0033951,Marlon Mack,RB,IND,rush,1,06:09,531,drive_game_clock_end,06:13
2018_15_WAS_JAX,2018,15,REG,2018-12-16,13:00,WAS,JAX,36.0,True,first_td,00-0033839,Dede Westbrook,WR,JAX,return,2,00:04,1796,drive_game_clock_end,00:23
2018_15_MIA_MIN,2018,15,REG,2018-12-16,13:00,MIA,MIN,45.0,True,first_td,00-0031588,Stefon Diggs,WR,MIN,pass,1,11:40,200,drive_game_clock_end,11:44
2018_15_TEN_NYG,2018,15,REG,2018-12-16,13:00,TEN,NYG,42.0,True,first_td,00-0032764,Derrick Henry,RB,TEN,rush,1,02:43,737,drive_game_clock_end,02:47
2018_15_SEA_SF,2018,15,REG,2018-12-16,16:05,SEA,SF,44.0,False,first_td,00-0028434,Doug Baldwin,WR,SEA,pass,1,09:27,333,drive_game_clock_end,09:31
2018_15_NE_PIT,2018,15,REG,2018-12-16,16:25,NE,PIT,55.0,False,first_td,00-0030470,Vance McDonald,TE,PIT,pass,1,08:40,380,drive_game_clock_end,08:45
2018_15_PHI_LA,2018,15,REG,2018-12-16,20:20,PHI,LA,52.5,False,first_td,00-0032241,Todd Gurley,RB,LA,rush,1,01:16,824,drive_game_clock_end,01:21
2018_15_NO_CAR,2018,15,REG,2018-12-17,20:15,NO,CAR,50.5,False,first_td,00-0031484,Chris Manhertz,TE,CAR,pass,1,04:02,658,drive_game_clock_end,04:12
2018_16_WAS_TEN,2018,16,REG,2018-12-22,16:30,WAS,TEN,38.0,False,first_td,00-0032764,Derrick Henry,RB,TEN,rush,1,05:37,563,drive_game_clock_end,05:41
2018_16_BAL_LAC,2018,16,REG,2018-12-22,20:20,BAL,LAC,42.5,False,first_td,00-0032144,Melvin Gordon,RB,LAC,rush,3,13:18,1902,drive_game_clock_end,13:21
2018_16_ATL_CAR,2018,16,REG,2018-12-23,13:00,ATL,CAR,46.5,True,first_td,00-0034365,Ian Thomas,TE,CAR,pass,1,06:57,483,drive_game_clock_end,07:05
2018_16_CIN_CLE,2018,16,REG,2018-12-23,13:00,CIN,CLE,44.0,True,first_td,00-0033885,David Njoku,TE,CLE,pass,2,10:20,1180,drive_game_clock_end,10:23
2018_16_TB_DAL,2018,16,REG,2018-12-23,13:00,TB,DAL,48.0,True,first_td,00-0033077,Dak Prescott,QB,DAL,rush,1,07:07,473,drive_game_clock_end,07:12
2018_16_MIN_DET,2018,16,REG,2018-12-23,13:00,MIN,DET,41.5,True,first_td,00-0031588,Stefon Diggs,WR,MIN,pass,2,01:32,1708,drive_game_clock_end,01:35
2018_16_NYG_IND,2018,16,REG,2018-12-23,13:00,NYG,IND,48.5,True,first_td,00-0034844,Saquon Barkley,RB,NYG,rush,1,08:11,409,drive_game_clock_end,08:16
2018_16_JAX_MIA,2018,16,REG,2018-12-23,13:00,JAX,MIA,39.5,True,first_td,00-0029239,Brandon Bolden,RB,MIA,pass,1,09:49,311,drive_game_clock_end,09:53
2018_16_BUF_NE,2018,16,REG,2018-12-23,13:00,BUF,NE,46.0,True,first_td,00-0034845,Sony Michel,RB,NE,rush,1,07:32,448,drive_game_clock_end,07:38
2018_16_GB_NYJ,2018,16,REG,2018-12-23,13:00,GB,NYJ,47.5,True,first_td,00-0033295,Elijah McGuire,RB,NYJ,rush,1,02:15,765,drive_game_clock_end,02:20
2018_16_HOU_PHI,2018,16,REG,2018-12-23,13:00,HOU,PHI,47.0,True,first_td,00-0023564,Darren Sproles,RB,PHI,pass,1,06:32,508,drive_game_clock_end,06:42
2018_16_LA_ARI,2018,16,REG,2018-12-23,16:05,LA,ARI,43.0,False,first_td,00-0030431,Robert Woods,WR,LA,rush,1,03:59,661,drive_game_clock_end,04:03
2018_16_CHI_SF,2018,16,REG,2018-12-23,16:05,CHI,SF,44.0,False,first_td,00-0034353,Anthony Miller,WR,CHI,pass,2,01:52,1688,drive_game_clock_end,01:56
2018_16_PIT_NO,2018,16,REG,2018-12-23,16:25,PIT,NO,53.0,False,first_td,00-0027966,Mark Ingram,RB,NO,rush,1,02:57,723,drive_game_clock_end,03:01
2018_16_KC_SEA,2018,16,REG,2018-12-23,20:20,KC,SEA,54.0,False,first_td,00-0033594,Chris Carson,RB,SEA,rush,1,08:55,365,drive_game_clock_end,09:01
2018_16_DEN_OAK,2018,16,REG,2018-12-24,20:15,DEN,OAK,42.5,False,first_td,00-0028114,Dwayne Harris,WR,LV,return,1,10:10,290,drive_game_clock_end,10:35
2018_17_MIA_BUF,2018,17,REG,2018-12-30,13:00,MIA,BUF,39.5,True,first_td,00-0034857,Josh Allen,QB,BUF,rush,1,10:14,286,drive_game_clock_end,10:17
2018_17_DET_GB,2018,17,REG,2018-12-30,13:00,DET,GB,44.5,True,first_td,00-0031189,T.J. Jones,WR,DET,pass,1,02:58,722,drive_game_clock_end,03:01
2018_17_JAX_HOU,2018,17,REG,2018-12-30,13:00,JAX,HOU,39.5,True,first_td,00-0033537,Deshaun Watson,QB,HOU,rush,2,14:56,904,drive_game_clock_end,15:00
2018_17_NYJ_NE,2018,17,REG,2018-12-30,13:00,NYJ,NE,47.0,True,first_td,00-0031062,James White,RB,NE,pass,1,05:16,584,drive_game_clock_end,05:23
2018_17_CAR_NO,2018,17,REG,2018-12-30,13:00,CAR,NO,42.0,True,first_td,00-0034577,Kyle Allen,QB,CAR,rush,1,06:58,482,drive_game_clock_end,10:17
2018_17_DAL_NYG,2018,17,REG,2018-12-30,13:00,DAL,NYG,38.5,True,first_td,00-0033658,Blake Jarwin,TE,DAL,pass,2,08:11,1309,drive_game_clock_end,08:17
2018_17_ATL_TB,2018,17,REG,2018-12-30,13:00,ATL,TB,52.0,True,first_td,00-0031408,Mike Evans,WR,TB,pass,1,03:48,672,drive_game_clock_end,03:53
2018_17_CLE_BAL,2018,17,REG,2018-12-30,16:25,CLE,BAL,41.0,False,first_td,00-0032054,Breshad Perriman,WR,CLE,pass,1,08:22,398,drive_game_clock_end,08:28
2018_17_LAC_DEN,2018,17,REG,2018-12-30,16:25,LAC,DEN,43.5,False,first_td,00-0032110,Kyle Emanuel,OLB,LAC,return,2,05:32,1468,drive_game_clock_end,05:44
2018_17_OAK_KC,2018,17,REG,2018-12-30,16:25,OAK,KC,54.0,False,first_td,00-0033040,Tyreek Hill,WR,KC,pass,1,12:41,139,drive_game_clock_end,12:51
2018_17_SF_LA,2018,17,REG,2018-12-30,16:25,SF,LA,50.5,False,first_td,00-0031236,Brandin Cooks,WR,LA,pass,1,11:57,183,drive_game_clock_end,12:03
2018_17_CHI_MIN,2018,17,REG,2018-12-30,16:25,CHI,MIN,39.5,False,first_td,00-0032780,Jordan Howard,RB,CHI,rush,1,10:38,262,drive_game_clock_end,10:43
2018_17_CIN_PIT,2018,17,REG,2018-12-30,16:25,CIN,PIT,45.5,False,first_td,00-0030471,Shawn Williams,S,CIN,return,2,12:37,1043,drive_game_clock_end,12:50
2018_17_ARI_SEA,2018,17,REG,2018-12-30,16:25,ARI,SEA,39.5,False,first_td,00-0032211,Tyler Lockett,WR,SEA,pass,1,01:25,815,drive_game_clock_end,01:31
2018_17_PHI_WAS,2018,17,REG,2018-12-30,16:25,PHI,WAS,43.0,False,first_td,00-0029137,Alshon Jeffery,WR,PHI,pass,2,00:30,1770,drive_game_clock_end,00:36
2018_17_IND_TEN,2018,17,REG,2018-12-30,20:20,IND,TEN,42.5,False,first_td,00-0028411,Dontrelle Inman,WR,IND,pass,1,06:39,501,drive_game_clock_end,06:49
2018_18_IND_HOU,2018,18,WC,2019-01-05,16:35,IND,HOU,48.5,False,first_td,00-0031387,Eric Ebron,TE,IND,pass,1,10:32,268,drive_game_clock_end,10:37
2018_18_SEA_DAL,2018,18,WC,2019-01-05,20:15,SEA,DAL,43.0,False,first_td,00-0034764,Michael Gallup,WR,DAL,pass,2,00:24,1776,drive_game_clock_end,00:28
2018_18_LAC_BAL,2018,18,WC,2019-01-06,13:05,LAC,BAL,43.0,False,first_td,00-0032144,Melvin Gordon,RB,LAC,rush,4,14:44,2716,drive_game_clock_end,14:58
2018_18_PHI_CHI,2018,18,WC,2019-01-06,16:40,PHI,CHI,42.5,False,first_td,00-0034351,Dallas Goedert,TE,PHI,pass,3,05:20,2380,drive_game_clock_end,05:26
2018_19_IND_KC,2018,19,DIV,2019-01-12,16:35,IND,KC,54.5,False,first_td,00-0030874,Damien Williams,RB,KC,rush,1,10:05,295,drive_game_clock_end,10:11
2018_19_DAL_LA,2018,19,DIV,2019-01-12,20:15,DAL,LA,48.0,False,first_td,00-0031544,Amari Cooper,WR,DAL,pass,1,06:03,537,drive_game_clock_end,06:10
2018_19_LAC_NE,2018,19,DIV,2019-01-13,13:05,LAC,NE,47.5,False,first_td,00-0034845,Sony Michel,RB,NE,rush,1,07:49,431,drive_game_clock_end,07:52
2018_19_PHI_NO,2018,19,DIV,2019-01-13,16:40,PHI,NO,52.0,False,first_td,00-0031299,Jordan Matthews,TE,PHI,pass,1,10:41,259,drive_game_clock_end,10:49
2018_20_LA_NO,2018,20,CON,2019-01-20,15:05,LA,NO,55.0,False,first_td,00-0033095,Garrett Griffin,TE,NO,pass,1,01:35,805,drive_game_clock_end,01:40
2018_20_NE_KC,2018,20,CON,2019-01-20,18:40,NE,KC,56.5,False,first_td,00-0034845,Sony Michel,RB,NE,rush,1,06:55,485,drive_game_clock_end,06:58
2018_21_NE_LA,2018,21,SB,2019-02-03,18:30,NE,LA,55.5,False,first_td,00-0034845,Sony Michel,RB,NE,rush,4,07:00,3180,drive_game_clock_end,07:03
2019_01_GB_CHI,2019,1,REG,2019-09-05,20:20,GB,CHI,47.0,False,first_td,00-0027696,Jimmy Graham,TE,GB,pass,2,13:08,1012,drive_game_clock_end,13:15
2019_01_LA_CAR,2019,1,REG,2019-09-08,13:00,LA,CAR,49.5,True,first_td,00-0031806,Malcolm Brown,RB,LA,rush,2,12:44,1036,drive_game_clock_end,12:50
2019_01_TEN_CLE,2019,1,REG,2019-09-08,13:00,TEN,CLE,44.0,True,first_td,00-0034253,Dontrell Hilliard,RB,CLE,rush,1,10:11,289,drive_game_clock_end,10:18
2019_01_KC_JAX,2019,1,REG,2019-09-08,13:00,KC,JAX,49.0,True,first_td,00-0031325,Sammy Watkins,WR,KC,pass,1,13:24,96,drive_game_clock_end,13:36
2019_01_BAL_MIA,2019,1,REG,2019-09-08,13:00,BAL,MIA,41.0,True,first_td,00-0027966,Mark Ingram,RB,BAL,rush,1,10:34,266,drive_game_clock_end,10:38
2019_01_ATL_MIN,2019,1,REG,2019-09-08,13:00,ATL,MIN,47.0,True,first_td,00-0030035,Adam Thielen,WR,MIN,pass,1,11:50,190,drive_game_clock_end,11:57
2019_01_BUF_NYJ,2019,1,REG,2019-09-08,13:00,BUF,NYJ,41.0,True,first_td,00-0031296,C.J. Mosley,ILB,NYJ,return,1,10:34,266,drive_game_clock_end,10:42
2019_01_WAS_PHI,2019,1,REG,2019-09-08,13:00,WAS,PHI,44.0,True,first_td,00-0024221,Vernon Davis,TE,WAS,pass,1,10:54,246,drive_game_clock_end,11:08
2019_01_IND_LAC,2019,1,REG,2019-09-08,16:05,IND,LAC,44.5,False,first_td,00-0033699,Austin Ekeler,RB,LAC,pass,1,02:55,725,drive_game_clock_end,03:00
2019_01_CIN_SEA,2019,1,REG,2019-09-08,16:05,CIN,SEA,44.0,False,first_td,00-0033594,Chris Carson,RB,SEA,rush,2,06:36,1404,drive_game_clock_end,06:39
2019_01_DET_ARI,2019,1,REG,2019-09-08,16:25,DET,ARI,45.5,False,first_td,00-0026035,Danny Amendola,WR,DET,pass,2,12:23,1057,drive_game_clock_end,12:34
2019_01_NYG_DAL,2019,1,REG,2019-09-08,16:25,NYG,DAL,44.0,False,first_td,00-0033881,Evan Engram,TE,NYG,pass,1,08:06,414,drive_game_clock_end,08:11
2019_01_SF_TB,2019,1,REG,2019-09-08,16:25,SF,TB,51.0,False,first_td,00-0032758,Vernon Hargreaves III,CB,TB,return,2,08:41,1279,drive_game_clock_end,08:47
2019_01_PIT_NE,2019,1,REG,2019-09-08,20:20,PIT,NE,49.0,False,first_td,00-0029664,Josh Gordon,WR,NE,pass,1,04:46,614,drive_game_clock_end,04:55
2019_01_HOU_NO,2019,1,REG,2019-09-09,19:10,HOU,NO,52.0,False,first_td,00-0033537,Deshaun Watson,QB,HOU,rush,2,14:13,947,drive_game_clock_end,14:19
2019_01_DEN_OAK,2019,1,REG,2019-09-09,22:20,DEN,OAK,42.5,False,first_td,00-0032160,Tyrell Williams,WR,LV,pass,1,08:52,368,drive_game_clock_end,08:56
2019_02_TB_CAR,2019,2,REG,2019-09-12,20:20,TB,CAR,48.0,False,first_td,00-0033921,Chris Godwin Jr.,WR,TB,pass,2,01:20,1720,drive_game_clock_end,01:25
2019_02_ARI_BAL,2019,2,REG,2019-09-15,13:00,ARI,BAL,46.0,True,first_td,00-0034753,Mark Andrews,TE,BAL,pass,1,08:06,414,drive_game_clock_end,08:12
2019_02_SF_CIN,2019,2,REG,2019-09-15,13:00,SF,CIN,46.0,True,first_td,00-0030068,Marquise Goodwin,WR,SF,pass,1,11:13,227,drive_game_clock_end,11:21
2019_02_LAC_DET,2019,2,REG,2019-09-15,13:00,LAC,DET,47.0,True,first_td,00-0033699,Austin Ekeler,RB,LAC,rush,1,07:57,423,drive_game_clock_end,08:02
2019_02_MIN_GB,2019,2,REG,2019-09-15,13:00,MIN,GB,43.0,True,first_td,00-0033948,Jamaal Williams,RB,GB,pass,1,12:50,130,drive_game_clock_end,12:59
2019_02_JAX_HOU,2019,2,REG,2019-09-15,13:00,JAX,HOU,43.0,True,first_td,00-0033537,Deshaun Watson,QB,HOU,rush,4,11:35,2905,drive_game_clock_end,11:41
2019_02_NE_MIA,2019,2,REG,2019-09-15,13:00,NE,MIA,48.5,True,first_td,00-0034845,Sony Michel,RB,NE,rush,1,07:46,434,drive_game_clock_end,07:49
2019_02_BUF_NYG,2019,2,REG,2019-09-15,13:00,BUF,NYG,44.5,True,first_td,00-0034844,Saquon Barkley,RB,NYG,rush,1,12:36,144,drive_game_clock_end,12:45
2019_02_SEA_PIT,2019,2,REG,2019-09-15,13:00,SEA,PIT,47.0,True,first_td,00-0033553,James Conner,RB,PIT,rush,2,14:44,916,drive_game_clock_end,14:47
2019_02_IND_TEN,2019,2,REG,2019-09-15,13:00,IND,TEN,43.5,True,first_td,00-0031387,Eric Ebron,TE,IND,pass,1,08:53,367,drive_game_clock_end,08:57
2019_02_DAL_WAS,2019,2,REG,2019-09-15,13:00,DAL,WAS,46.5,True,first_td,00-0025394,Adrian Peterson,RB,WAS,rush,2,14:15,945,drive_game_clock_end,14:18
2019_02_KC_OAK,2019,2,REG,2019-09-15,16:05,KC,OAK,53.5,False,first_td,00-0032160,Tyrell Williams,WR,LV,pass,1,04:46,614,drive_game_clock_end,04:50
2019_02_CHI_DEN,2019,2,REG,2019-09-15,16:25,CHI,DEN,41.0,False,first_td,00-0035685,David Montgomery,RB,CHI,rush,3,01:14,2626,drive_game_clock_end,01:17
2019_02_NO_LA,2019,2,REG,2019-09-15,16:25,NO,LA,52.5,False,first_td,00-0032241,Todd Gurley,RB,LA,rush,3,05:39,2361,drive_game_clock_end,05:43
2019_02_PHI_ATL,2019,2,REG,2019-09-15,20:20,PHI,ATL,53.0,False,first_td,00-0034837,Calvin Ridley,WR,ATL,pass,2,04:56,1504,drive_game_clock_end,05:04
2019_02_CLE_NYJ,2019,2,REG,2019-09-16,20:15,CLE,NYJ,45.5,False,first_td,00-0034791,Nick Chubb,RB,CLE,rush,2,10:16,1184,drive_game_clock_end,10:23
2019_03_TEN_JAX,2019,3,REG,2019-09-19,20:20,TEN,JAX,38.0,False,first_td,00-0031951,James O'Shaughnessy,TE,JAX,pass,1,13:02,118,drive_game_clock_end,13:07
2019_03_CIN_BUF,2019,3,REG,2019-09-22,13:00,CIN,BUF,43.5,True,first_td,00-0035689,Dawson Knox,TE,BUF,pass,1,03:03,717,drive_game_clock_end,03:07
2019_03_MIA_DAL,2019,3,REG,2019-09-22,13:00,MIA,DAL,46.5,True,first_td,00-0031544,Amari Cooper,WR,DAL,pass,1,05:57,543,drive_game_clock_end,06:02
2019_03_DEN_GB,2019,3,REG,2019-09-22,13:00,DEN,GB,42.0,True,first_td,00-0034272,Marquez Valdes-Scantling,WR,GB,pass,1,12:16,164,drive_game_clock_end,12:22
2019_03_ATL_IND,2019,3,REG,2019-09-22,13:00,ATL,IND,48.0,True,first_td,00-0033251,Zach Pascal,WR,IND,pass,1,01:25,815,drive_game_clock_end,01:31
2019_03_BAL_KC,2019,3,REG,2019-09-22,13:00,BAL,KC,52.0,True,first_td,00-0027966,Mark Ingram,RB,BAL,rush,1,04:24,636,drive_game_clock_end,04:28
2019_03_OAK_MIN,2019,3,REG,2019-09-22,13:00,OAK,MIN,43.0,True,first_td,00-0030035,Adam Thielen,WR,MIN,pass,1,11:21,219,drive_game_clock_end,11:31
2019_03_NYJ_NE,2019,3,REG,2019-09-22,13:00,NYJ,NE,43.0,True,first_td,00-0034845,Sony Michel,RB,NE,rush,1,07:55,425,drive_game_clock_end,08:00
2019_03_DET_PHI,2019,3,REG,2019-09-22,13:00,DET,PHI,45.0,True,first_td,00-0033572,Jamal Agnew,WR,DET,return,1,11:14,226,drive_game_clock_end,11:28
2019_03_CAR_ARI,2019,3,REG,2019-09-22,16:05,CAR,ARI,46.0,False,first_td,00-0022921,Larry Fitzgerald,WR,ARI,pass,1,04:30,630,drive_game_clock_end,04:34
2019_03_NYG_TB,2019,3,REG,2019-09-22,16:05,NYG,TB,48.0,False,first_td,00-0031408,Mike Evans,WR,TB,pass,1,09:47,313,drive_game_clock_end,09:54
2019_03_HOU_LAC,2019,3,REG,2019-09-22,16:25,HOU,LAC,49.0,False,first_td,00-0030279,Keenan Allen,WR,LAC,pass,1,09:41,319,drive_game_clock_end,09:47
2019_03_NO_SEA,2019,3,REG,2019-09-22,16:25,NO,SEA,44.0,False,first_td,00-0035215,Deonte Harty,WR,NO,return,1,12:06,174,drive_game_clock_end,12:19
2019_03_PIT_SF,2019,3,REG,2019-09-22,16:25,PIT,SF,44.5,False,first_td,00-0034115,Jeff Wilson,RB,SF,rush,3,09:17,2143,drive_game_clock_end,09:21
2019_03_LA_CLE,2019,3,REG,2019-09-22,20:20,LA,CLE,48.0,False,first_td,00-0033908,Cooper Kupp,WR,LA,pass,3,10:40,2060,drive_game_clock_end,10:44
2019_03_CHI_WAS,2019,3,REG,2019-09-23,20:15,CHI,WAS,41.0,False,first_td,00-0031333,Ha Ha Clinton-Dix,S,CHI,return,1,09:42,318,drive_game_clock_end,09:53
2019_04_PHI_GB,2019,4,REG,2019-09-26,20:20,PHI,GB,46.0,False,first_td,00-0033293,Aaron Jones,RB,GB,rush,1,10:31,269,drive_game_clock_end,10:36
2019_04_TEN_ATL,2019,4,REG,2019-09-29,13:00,TEN,ATL,46.0,True,first_td,00-0035676,A.J. Brown,WR,TEN,pass,1,11:57,183,drive_game_clock_end,12:09
2019_04_CLE_BAL,2019,4,REG,2019-09-29,13:00,CLE,BAL,47.0,True,first_td,00-0033611,Ricky Seals-Jones,TE,CLE,pass,1,02:50,730,drive_game_clock_end,02:57
2019_04_NE_BUF,2019,4,REG,2019-09-29,13:00,NE,BUF,41.5,True,first_td,00-0029239,Brandon Bolden,RB,NE,rush,1,07:35,445,drive_game_clock_end,07:39
2019_04_KC_DET,2019,4,REG,2019-09-29,13:00,KC,DET,54.5,True,first_td,00-0035229,T.J. Hockenson,TE,DET,pass,1,03:05,715,drive_game_clock_end,03:10
2019_04_CAR_HOU,2019,4,REG,2019-09-29,13:00,CAR,HOU,47.5,True,first_td,00-0033280,Christian McCaffrey,RB,CAR,rush,2,01:08,1732,drive_game_clock_end,01:11
2019_04_OAK_IND,2019,4,REG,2019-09-29,13:00,OAK,IND,46.0,True,first_td,00-0034981,Foster Moreau,TE,LV,pass,1,09:09,351,drive_game_clock_end,09:16
2019_04_LAC_MIA,2019,4,REG,2019-09-29,13:00,LAC,MIA,43.5,True,first_td,00-0031547,DeVante Parker,WR,MIA,pass,1,06:32,508,drive_game_clock_end,06:39
2019_04_WAS_NYG,2019,4,REG,2019-09-29,13:00,WAS,NYG,48.0,True,first_td,00-0033950,Wayne Gallman,RB,NYG,pass,1,08:45,375,drive_game_clock_end,08:51
2019_04_SEA_ARI,2019,4,REG,2019-09-29,16:05,SEA,ARI,49.0,False,first_td,00-0031364,Jadeveon Clowney,DE,SEA,return,1,04:15,645,drive_game_clock_end,04:23
2019_04_TB_LA,2019,4,REG,2019-09-29,16:05,TB,LA,48.5,False,first_td,00-0032741,Peyton Barber,RB,TB,rush,1,10:53,247,drive_game_clock_end,10:57
2019_04_MIN_CHI,2019,4,REG,2019-09-29,16:25,MIN,CHI,38.0,False,first_td,00-0033556,Tarik Cohen,RB,CHI,pass,1,07:44,436,drive_game_clock_end,07:50
2019_04_JAX_DEN,2019,4,REG,2019-09-29,16:25,JAX,DEN,37.0,False,first_td,00-0035644,Noah Fant,TE,DEN,pass,1,08:17,403,drive_game_clock_end,08:28
2019_04_DAL_NO,2019,4,REG,2019-09-29,20:20,DAL,NO,47.0,False,first_td,00-0033045,Ezekiel Elliott,RB,DAL,rush,3,07:47,2233,drive_game_clock_end,07:52
2019_04_CIN_PIT,2019,4,REG,2019-09-30,20:15,CIN,PIT,45.5,False,first_td,00-0033553,James Conner,RB,PIT,pass,2,10:32,1168,drive_game_clock_end,10:39
2019_05_LA_SEA,2019,5,REG,2019-10-03,20:20,LA,SEA,49.0,False,first_td,00-0032211,Tyler Lockett,WR,SEA,pass,1,00:49,851,drive_game_clock_end,00:59
2019_05_JAX_CAR,2019,5,REG,2019-10-06,13:00,JAX,CAR,41.0,True,first_td,00-0033280,Christian McCaffrey,RB,CAR,rush,1,09:23,337,drive_game_clock_end,09:29
2019_05_ARI_CIN,2019,5,REG,2019-10-06,13:00,ARI,CIN,45.0,True,first_td,00-0035228,Kyler Murray,QB,ARI,rush,1,03:40,680,drive_game_clock_end,03:46
2019_05_ATL_HOU,2019,5,REG,2019-10-06,13:00,ATL,HOU,49.0,True,first_td,00-0029632,Mohamed Sanu,WR,ATL,pass,1,09:03,357,drive_game_clock_end,09:10
2019_05_TB_NO,2019,5,REG,2019-10-06,13:00,TB,NO,46.0,True,first_td,00-0033921,Chris Godwin Jr.,WR,TB,pass,1,00:10,890,drive_game_clock_end,00:18
2019_05_MIN_NYG,2019,5,REG,2019-10-06,13:00,MIN,NYG,44.0,True,first_td,00-0030035,Adam Thielen,WR,MIN,pass,2,14:55,905,drive_game_clock_end,15:00
2019_05_CHI_OAK,2019,5,REG,2019-10-06,13:00,CHI,OAK,39.5,True,first_td,00-0035700,Josh Jacobs,RB,LV,rush,2,14:55,905,drive_game_clock_end,15:00
2019_05_NYJ_PHI,2019,5,REG,2019-10-06,13:00,NYJ,PHI,43.0,True,first_td,00-0032780,Jordan Howard,RB,PHI,rush,1,07:44,436,drive_game_clock_end,07:48
2019_05_BAL_PIT,2019,5,REG,2019-10-06,13:00,BAL,PIT,44.0,True,first_td,00-0027966,Mark Ingram,RB,BAL,rush,1,04:48,612,drive_game_clock_end,04:54
2019_05_BUF_TEN,2019,5,REG,2019-10-06,13:00,BUF,TEN,39.5,True,first_td,00-0028097,Lee Smith,TE,BUF,pass,2,02:36,1644,drive_game_clock_end,02:41
2019_05_NE_WAS,2019,5,REG,2019-10-06,13:00,NE,WAS,42.0,True,first_td,00-0034928,Steven Sims,WR,WAS,rush,1,09:26,334,drive_game_clock_end,09:39
2019_05_DEN_LAC,2019,5,REG,2019-10-06,16:05,DEN,LAC,46.0,False,first_td,00-0034109,Phillip Lindsay,RB,DEN,rush,1,11:06,234,drive_game_clock_end,11:11
2019_05_GB_DAL,2019,5,REG,2019-10-06,16:25,GB,DAL,46.5,False,first_td,00-0033293,Aaron Jones,RB,GB,rush,1,08:57,363,drive_game_clock_end,09:03
2019_05_IND_KC,2019,5,REG,2019-10-06,20:20,IND,KC,55.5,False,first_td,00-0033119,Jacoby Brissett,QB,IND,rush,1,03:44,676,drive_game_clock_end,03:47
2019_05_CLE_SF,2019,5,REG,2019-10-07,20:15,CLE,SF,47.5,False,first_td,00-0033308,Matt Breida,RB,SF,rush,1,13:17,103,drive_game_clock_end,13:28
2019_06_NYG_NE,2019,6,REG,2019-10-10,20:20,NYG,NE,43.0,False,first_td,00-0035654,Chase Winovich,DE,NE,other,1,01:41,799,drive_game_clock_end,01:48
2019_06_CAR_TB,2019,6,REG,2019-10-13,09:30,CAR,TB,48.5,False,first_td,00-0033280,Christian McCaffrey,RB,CAR,rush,1,01:05,835,drive_game_clock_end,01:11
2019_06_CIN_BAL,2019,6,REG,2019-10-13,13:00,CIN,BAL,47.0,True,first_td,00-0033791,Brandon Wilson,DB,CIN,return,1,14:48,12,drive_game_clock_end,15:00
2019_06_SEA_CLE,2019,6,REG,2019-10-13,13:00,SEA,CLE,45.5,True,first_td,00-0034791,Nick Chubb,RB,CLE,rush,1,13:01,119,drive_game_clock_end,13:05
2019_06_NO_JAX,2019,6,REG,2019-10-13,13:00,NO,JAX,42.5,True,first_td,00-0027061,Jared Cook,TE,NO,pass,4,11:49,2891,drive_game_clock_end,11:53
2019_06_HOU_KC,2019,6,REG,2019-10-13,13:00,HOU,KC,54.5,True,first_td,00-0033040,Tyreek Hill,WR,KC,pass,1,11:42,198,drive_game_clock_end,11:53
2019_06_WAS_MIA,2019,6,REG,2019-10-13,13:00,WAS,MIA,42.0,True,first_td,00-0035659,Terry McLaurin,WR,WAS,pass,2,11:34,1106,drive_game_clock_end,11:42
2019_06_PHI_MIN,2019,6,REG,2019-10-13,13:00,PHI,MIN,44.0,True,first_td,00-0030035,Adam Thielen,WR,MIN,pass,1,07:43,437,drive_game_clock_end,07:48
2019_06_ATL_ARI,2019,6,REG,2019-10-13,16:05,ATL,ARI,52.5,False,first_td,00-0034837,Calvin Ridley,WR,ATL,pass,1,09:23,337,drive_game_clock_end,09:30
2019_06_SF_LA,2019,6,REG,2019-10-13,16:05,SF,LA,49.5,False,first_td,00-0030431,Robert Woods,WR,LA,rush,1,09:17,343,drive_game_clock_end,09:25
2019_06_TEN_DEN,2019,6,REG,2019-10-13,16:25,TEN,DEN,41.0,False,first_td,00-0034109,Phillip Lindsay,RB,DEN,rush,3,04:56,2404,drive_game_clock_end,04:59
2019_06_DAL_NYJ,2019,6,REG,2019-10-13,16:25,DAL,NYJ,43.5,False,first_td,00-0030496,Le'Veon Bell,RB,NYJ,rush,1,03:24,696,drive_game_clock_end,03:30
2019_06_PIT_LAC,2019,6,REG,2019-10-13,20:20,PIT,LAC,42.5,False,first_td,00-0035525,Devin Bush,LB,PIT,return,1,10:51,249,drive_game_clock_end,11:01
2019_06_DET_GB,2019,6,REG,2019-10-14,20:15,DET,GB,47.0,False,first_td,00-0034349,Kerryon Johnson,RB,DET,rush,1,06:35,505,drive_game_clock_end,06:41
2019_07_KC_DEN,2019,7,REG,2019-10-17,20:20,KC,DEN,49.5,False,first_td,00-0034838,Royce Freeman,RB,DEN,rush,1,09:06,354,drive_game_clock_end,09:12
2019_07_LA_ATL,2019,7,REG,2019-10-20,13:00,LA,ATL,54.5,True,first_td,00-0032241,Todd Gurley,RB,LA,pass,2,11:16,1124,drive_game_clock_end,11:22
2019_07_MIA_BUF,2019,7,REG,2019-10-20,13:00,MIA,BUF,42.5,True,first_td,00-0034799,Kalen Ballage,RB,MIA,rush,2,14:49,911,drive_game_clock_end,15:00
2019_07_JAX_CIN,2019,7,REG,2019-10-20,13:00,JAX,CIN,44.5,True,first_td,00-0033897,Joe Mixon,RB,CIN,pass,2,01:25,1715,drive_game_clock_end,01:27
2019_07_MIN_DET,2019,7,REG,2019-10-20,13:00,MIN,DET,43.5,True,first_td,00-0029293,Marvin Jones,WR,DET,pass,1,07:34,446,drive_game_clock_end,07:41
2019_07_OAK_GB,2019,7,REG,2019-10-20,13:00,OAK,GB,48.0,True,first_td,00-0033293,Aaron Jones,RB,GB,pass,1,09:42,318,drive_game_clock_end,09:47
2019_07_HOU_IND,2019,7,REG,2019-10-20,13:00,HOU,IND,46.5,True,first_td,00-0033251,Zach Pascal,WR,IND,pass,1,05:01,599,drive_game_clock_end,05:08
2019_07_ARI_NYG,2019,7,REG,2019-10-20,13:00,ARI,NYG,49.5,True,first_td,00-0034681,Chase Edmonds,RB,ARI,rush,1,08:14,406,drive_game_clock_end,08:21
2019_07_SF_WAS,2019,7,REG,2019-10-20,13:00,SF,WAS,39.0,True,no_td,,,,,,,,,,
2019_07_LAC_TEN,2019,7,REG,2019-10-20,16:05,LAC,TEN,42.5,False,first_td,00-0032144,Melvin Gordon,RB,LAC,pass,2,03:38,1582,drive_game_clock_end,03:43
2019_07_NO_CHI,2019,7,REG,2019-10-20,16:25,NO,CHI,37.0,False,first_td,00-0030216,Josh Hill,TE,NO,pass,1,03:14,706,drive_game_clock_end,03:19
2019_07_BAL_SEA,2019,7,REG,2019-10-20,16:25,BAL,SEA,49.0,False,first_td,00-0032211,Tyler Lockett,WR,SEA,pass,2,14:46,914,drive_game_clock_end,14:52
2019_07_PHI_DAL,2019,7,REG,2019-10-20,20:20,PHI,DAL,50.0,False,first_td,00-0030525,Tavon Austin,WR,DAL,rush,1,10:08,292,drive_game_clock_end,10:17
2019_07_NE_NYJ,2019,7,REG,2019-10-21,20:15,NE,NYJ,43.0,False,first_td,00-0034845,Sony Michel,RB,NE,rush,1,06:13,527,drive_game_clock_end,06:17
2019_08_WAS_MIN,2019,8,REG,2019-10-24,20:20,WAS,MIN,42.0,False,first_td,00-0033893,Dalvin Cook,RB,MIN,rush,2,00:07,1793,drive_game_clock_end,00:11
2019_08_SEA_ATL,2019,8,REG,2019-10-27,13:00,SEA,ATL,48.5,True,first_td,00-0035640,DK Metcalf,WR,SEA,pass,2,11:47,1093,drive_game_clock_end,11:51
2019_08_PHI_BUF,2019,8,REG,2019-10-27,13:00,PHI,BUF,39.5,True,first_td,00-0029000,Cole Beasley,WR,BUF,pass,2,14:48,912,drive_game_clock_end,14:54
2019_08_LAC_CHI,2019,8,REG,2019-10-27,13:00,LAC,CHI,41.0,True,first_td,00-0032144,Melvin Gordon,RB,LAC,rush,2,02:12,1668,drive_game_clock_end,02:21
2019_08_NYG_DET,2019,8,REG,2019-10-27,13:00,NYG,DET,49.0,True,first_td,00-0031241,Devon Kennard,OLB,DET,return,1,07:12,468,drive_game_clock_end,07:20
2019_08_DEN_IND,2019,8,REG,2019-10-27,13:00,DEN,IND,41.0,True,first_td,00-0034838,Royce Freeman,RB,DEN,rush,3,11:38,2002,drive_game_clock_end,11:42
2019_08_NYJ_JAX,2019,8,REG,2019-10-27,13:00,NYJ,JAX,39.5,True,first_td,00-0033681,Keelan Cole,WR,JAX,pass,1,12:39,141,drive_game_clock_end,12:43
2019_08_CIN_LA,2019,8,REG,2019-10-27,13:00,CIN,LA,48.5,True,first_td,00-0033943,Josh Reynolds,WR,LA,pass,2,10:43,1157,drive_game_clock_end,10:49
2019_08_ARI_NO,2019,8,REG,2019-10-27,13:00,ARI,NO,47.5,True,first_td,00-0030513,Latavius Murray,RB,NO,rush,2,08:59,1261,drive_game_clock_end,09:03
2019_08_TB_TEN,2019,8,REG,2019-10-27,13:00,TB,TEN,45.5,True,first_td,00-0033858,Jonnu Smith,TE,TEN,pass,1,08:55,365,drive_game_clock_end,08:58
2019_08_CAR_SF,2019,8,REG,2019-10-27,16:05,CAR,SF,41.0,False,first_td,00-0027685,Emmanuel Sanders,WR,SF,pass,1,09:14,346,drive_game_clock_end,09:18
2019_08_OAK_HOU,2019,8,REG,2019-10-27,16:25,OAK,HOU,52.0,False,first_td,00-0034983,Hunter Renfrow,WR,LV,pass,1,03:40,680,drive_game_clock_end,03:51
2019_08_CLE_NE,2019,8,REG,2019-10-27,16:25,CLE,NE,43.0,False,first_td,00-0029669,Dont'a Hightower,OLB,NE,return,1,05:45,555,drive_game_clock_end,05:55
2019_08_GB_KC,2019,8,REG,2019-10-27,20:20,GB,KC,48.0,False,first_td,00-0033293,Aaron Jones,RB,GB,pass,1,08:43,377,drive_game_clock_end,08:49
2019_08_MIA_PIT,2019,8,REG,2019-10-28,20:15,MIA,PIT,44.0,False,first_td,00-0030669,Albert Wilson,WR,MIA,pass,1,10:55,245,drive_game_clock_end,10:58
2019_09_SF_ARI,2019,9,REG,2019-10-31,20:20,SF,ARI,43.5,False,first_td,00-0033118,Kenyan Drake,RB,ARI,rush,1,12:11,169,drive_game_clock_end,12:17
2019_09_HOU_JAX,2019,9,REG,2019-11-03,09:30,HOU,JAX,46.0,False,first_td,00-0029738,Darren Fells,TE,HOU,pass,2,05:55,1445,drive_game_clock_end,05:58
2019_09_WAS_BUF,2019,9,REG,2019-11-03,13:00,WAS,BUF,37.0,True,first_td,00-0029000,Cole Beasley,WR,BUF,pass,1,08:19,401,drive_game_clock_end,08:25
2019_09_TEN_CAR,2019,9,REG,2019-11-03,13:00,TEN,CAR,43.0,True,first_td,00-0033280,Christian McCaffrey,RB,CAR,pass,2,08:07,1313,drive_game_clock_end,08:10
2019_09_MIN_KC,2019,9,REG,2019-11-03,13:00,MIN,KC,46.0,True,first_td,00-0033040,Tyreek Hill,WR,KC,pass,1,08:21,399,drive_game_clock_end,08:28
2019_09_NYJ_MIA,2019,9,REG,2019-11-03,13:00,NYJ,MIA,42.5,True,first_td,00-0031941,Jamison Crowder,WR,NYJ,pass,1,09:37,323,drive_game_clock_end,09:42
2019_09_CHI_PHI,2019,9,REG,2019-11-03,13:00,CHI,PHI,41.0,True,first_td,00-0030061,Zach Ertz,TE,PHI,pass,2,06:21,1419,drive_game_clock_end,06:27
2019_09_IND_PIT,2019,9,REG,2019-11-03,13:00,IND,PIT,39.5,True,first_td,00-0030181,Jack Doyle,TE,IND,pass,2,11:57,1083,drive_game_clock_end,12:02
2019_09_DET_OAK,2019,9,REG,2019-11-03,16:05,DET,OAK,51.5,False,first_td,00-0035700,Josh Jacobs,RB,LV,rush,1,06:32,508,drive_game_clock_end,06:36
2019_09_TB_SEA,2019,9,REG,2019-11-03,16:05,TB,SEA,51.0,False,first_td,00-0034816,Ronald Jones,RB,TB,rush,1,11:30,210,drive_game_clock_end,11:37
2019_09_CLE_DEN,2019,9,REG,2019-11-03,16:25,CLE,DEN,39.0,False,first_td,00-0034348,Courtland Sutton,WR,DEN,pass,1,06:09,531,drive_game_clock_end,06:16
2019_09_GB_LAC,2019,9,REG,2019-11-03,16:25,GB,LAC,50.0,False,first_td,00-0032144,Melvin Gordon,RB,LAC,rush,3,03:56,2464,drive_game_clock_end,03:59
2019_09_NE_BAL,2019,9,REG,2019-11-03,20:20,NE,BAL,44.5,False,first_td,00-0034796,Lamar Jackson,QB,BAL,rush,1,08:13,407,drive_game_clock_end,08:20
2019_09_DAL_NYG,2019,9,REG,2019-11-04,20:15,DAL,NYG,48.5,False,first_td,00-0031344,Cody Latimer,WR,NYG,pass,2,11:55,1085,drive_game_clock_end,12:00
2019_10_LAC_OAK,2019,10,REG,2019-11-07,20:20,LAC,OAK,49.0,False,first_td,00-0032320,Erik Harris,FS,LV,return,1,06:02,538,drive_game_clock_end,06:14
2019_10_DET_CHI,2019,10,REG,2019-11-10,13:00,DET,CHI,38.0,True,first_td,00-0032661,Ben Braunecker,TE,CHI,pass,2,00:25,1775,drive_game_clock_end,00:32
2019_10_BAL_CIN,2019,10,REG,2019-11-10,13:00,BAL,CIN,44.0,True,first_td,00-0034753,Mark Andrews,TE,BAL,pass,1,12:18,162,drive_game_clock_end,12:22
2019_10_BUF_CLE,2019,10,REG,2019-11-10,13:00,BUF,CLE,42.0,True,first_td,00-0031382,Jarvis Landry,WR,CLE,pass,1,12:09,171,drive_game_clock_end,12:13
2019_10_ATL_NO,2019,10,REG,2019-11-10,13:00,ATL,NO,51.5,True,first_td,00-0032392,Austin Hooper,TE,ATL,pass,2,11:09,1131,drive_game_clock_end,11:13
2019_10_NYG_NYJ,2019,10,REG,2019-11-10,13:00,NYG,NYJ,43.0,True,first_td,00-0034869,Sam Darnold,QB,NYJ,rush,1,07:21,459,drive_game_clock_end,07:25
2019_10_ARI_TB,2019,10,REG,2019-11-10,13:00,ARI,TB,51.0,True,first_td,00-0034816,Ronald Jones,RB,TB,rush,1,03:42,678,drive_game_clock_end,03:46
2019_10_KC_TEN,2019,10,REG,2019-11-10,13:00,KC,TEN,49.0,True,first_td,00-0030506,Travis Kelce,TE,KC,pass,1,09:19,341,drive_game_clock_end,09:23
2019_10_MIA_IND,2019,10,REG,2019-11-10,16:05,MIA,IND,44.5,False,first_td,00-0023682,Ryan Fitzpatrick,QB,MIA,rush,2,01:52,1688,drive_game_clock_end,02:00
2019_10_CAR_GB,2019,10,REG,2019-11-10,16:25,CAR,GB,49.0,False,first_td,00-0033282,Curtis Samuel,WR,CAR,pass,1,07:18,462,drive_game_clock_end,07:22
2019_10_LA_PIT,2019,10,REG,2019-11-10,16:25,LA,PIT,43.0,False,first_td,00-0032052,Dante Fowler Jr.,LB,LA,return,1,14:46,14,drive_game_clock_end,14:53
2019_10_MIN_DAL,2019,10,REG,2019-11-10,20:20,MIN,DAL,48.5,False,first_td,00-0027981,Kyle Rudolph,TE,MIN,pass,1,09:25,335,drive_game_clock_end,09:33
2019_10_SEA_SF,2019,10,REG,2019-11-11,20:15,SEA,SF,47.0,False,first_td,00-0033307,Kendrick Bourne,WR,SF,pass,1,02:03,777,drive_game_clock_end,02:07
2019_11_PIT_CLE,2019,11,REG,2019-11-14,20:20,PIT,CLE,41.5,False,first_td,00-0034855,Baker Mayfield,QB,CLE,rush,1,11:07,233,drive_game_clock_end,11:13
2019_11_HOU_BAL,2019,11,REG,2019-11-17,13:00,HOU,BAL,51.0,True,first_td,00-0031166,Seth Roberts,WR,BAL,pass,2,09:17,1243,drive_game_clock_end,09:24
2019_11_ATL_CAR,2019,11,REG,2019-11-17,13:00,ATL,CAR,49.0,True,first_td,00-0030465,Kenjon Barner,RB,ATL,return,1,00:59,841,drive_game_clock_end,01:18
2019_11_DAL_DET,2019,11,REG,2019-11-17,13:00,DAL,DET,46.5,True,first_td,00-0034432,Bo Scarbrough,RB,DET,rush,1,12:33,147,drive_game_clock_end,12:38
2019_11_JAX_IND,2019,11,REG,2019-11-17,13:00,JAX,IND,41.5,True,first_td,00-0034777,DJ Chark,WR,JAX,pass,1,06:53,487,drive_game_clock_end,07:02
2019_11_BUF_MIA,2019,11,REG,2019-11-17,13:00,BUF,MIA,41.5,True,first_td,00-0031051,John Brown,WR,BUF,pass,2,13:09,1011,drive_game_clock_end,13:16
2019_11_DEN_MIN,2019,11,REG,2019-11-17,13:00,DEN,MIN,40.5,True,first_td,00-0034393,Troy Fumagalli,TE,DEN,pass,1,04:39,621,drive_game_clock_end,04:43
2019_11_NO_TB,2019,11,REG,2019-11-17,13:00,NO,TB,50.5,True,first_td,00-0032765,Michael Thomas,WR,NO,pass,1,00:00,900,drive_game_clock_end,00:03
2019_11_NYJ_WAS,2019,11,REG,2019-11-17,13:00,NYJ,WAS,37.5,True,first_td,00-0032098,Daniel Brown,TE,NYJ,pass,1,11:50,190,drive_game_clock_end,11:58
2019_11_ARI_SF,2019,11,REG,2019-11-17,16:05,ARI,SF,44.0,False,first_td,00-0022921,Larry Fitzgerald,WR,ARI,pass,1,04:04,656,drive_game_clock_end,04:07
2019_11_CIN_OAK,2019,11,REG,2019-11-17,16:25,CIN,OAK,48.0,False,first_td,00-0033897,Joe Mixon,RB,CIN,rush,1,03:03,717,drive_game_clock_end,03:09
2019_11_NE_PHI,2019,11,REG,2019-11-17,16:25,NE,PHI,45.0,False,first_td,00-0034351,Dallas Goedert,TE,PHI,pass,2,12:36,1044,drive_game_clock_end,12:40
2019_11_CHI_LA,2019,11,REG,2019-11-17,20:20,CHI,LA,40.0,False,first_td,00-0032241,Todd Gurley,RB,LA,rush,2,03:28,1592,drive_game_clock_end,03:33
2019_11_KC_LAC,2019,11,REG,2019-11-18,20:15,KC,LAC,52.5,False,first_td,00-0027029,LeSean McCoy,RB,KC,rush,2,08:45,1275,drive_game_clock_end,08:50
2019_12_IND_HOU,2019,12,REG,2019-11-21,20:20,IND,HOU,46.0,False,first_td,00-0033119,Jacoby Brissett,QB,IND,rush,2,04:28,1532,drive_game_clock_end,04:33
2019_12_TB_ATL,2019,12,REG,2019-11-24,13:00,TB,ATL,51.5,True,first_td,00-0033921,Chris Godwin Jr.,WR,TB,pass,1,06:45,495,drive_game_clock_end,06:57
2019_12_DEN_BUF,2019,12,REG,2019-11-24,13:00,DEN,BUF,37.0,True,first_td,00-0029000,Cole Beasley,WR,BUF,pass,3,12:57,1923,drive_game_clock_end,13:02
2019_12_NYG_CHI,2019,12,REG,2019-11-24,13:00,NYG,CHI,41.0,True,first_td,00-0034988,Kaden Smith,TE,NYG,pass,2,07:38,1342,drive_game_clock_end,07:43
2019_12_PIT_CIN,2019,12,REG,2019-11-24,13:00,PIT,CIN,37.5,True,first_td,00-0033009,Tyler Boyd,WR,CIN,pass,2,01:55,1685,drive_game_clock_end,02:00
2019_12_MIA_CLE,2019,12,REG,2019-11-24,13:00,MIA,CLE,45.5,True,first_td,00-0031382,Jarvis Landry,WR,CLE,pass,1,09:59,301,drive_game_clock_end,10:03
2019_12_CAR_NO,2019,12,REG,2019-11-24,13:00,CAR,NO,46.0,True,first_td,00-0030513,Latavius Murray,RB,NO,rush,1,10:39,261,drive_game_clock_end,10:47
2019_12_OAK_NYJ,2019,12,REG,2019-11-24,13:00,OAK,NYJ,45.0,True,first_td,00-0034869,Sam Darnold,QB,NYJ,rush,2,10:44,1156,drive_game_clock_end,10:48
2019_12_SEA_PHI,2019,12,REG,2019-11-24,13:00,SEA,PHI,45.5,True,first_td,00-0034867,Malik Turner,WR,SEA,pass,1,05:54,546,drive_game_clock_end,06:03
2019_12_DET_WAS,2019,12,REG,2019-11-24,13:00,DET,WAS,39.0,True,first_td,00-0034928,Steven Sims,WR,WAS,return,2,12:54,1026,drive_game_clock_end,13:09
2019_12_JAX_TEN,2019,12,REG,2019-11-24,16:05,JAX,TEN,42.0,False,first_td,00-0029701,Ryan Tannehill,QB,TEN,rush,2,06:29,1411,drive_game_clock_end,06:39
2019_12_DAL_NE,2019,12,REG,2019-11-24,16:25,DAL,NE,44.5,False,first_td,00-0035624,N'Keal Harry,TE,NE,pass,1,00:45,855,drive_game_clock_end,00:50
2019_12_GB_SF,2019,12,REG,2019-11-24,20:20,GB,SF,48.0,False,first_td,00-0032058,Tevin Coleman,RB,SF,rush,1,13:02,118,drive_game_clock_end,13:07
2019_12_BAL_LA,2019,12,REG,2019-11-25,20:15,BAL,LA,47.0,False,first_td,00-0035662,Marquise Brown,WR,BAL,pass,1,07:47,433,drive_game_clock_end,07:51
2019_13_CHI_DET,2019,13,REG,2019-11-28,12:30,CHI,DET,37.5,False,first_td,00-0031428,Allen Robinson,WR,CHI,pass,1,11:37,203,drive_game_clock_end,11:43
2019_13_BUF_DAL,2019,13,REG,2019-11-28,16:30,BUF,DAL,46.5,False,first_td,00-0022127,Jason Witten,TE,DAL,pass,1,10:34,266,drive_game_clock_end,10:39
2019_13_NO_ATL,2019,13,REG,2019-11-28,20:20,NO,ATL,48.0,False,first_td,00-0033357,Taysom Hill,TE,NO,pass,1,11:07,233,drive_game_clock_end,11:12
2019_13_SF_BAL,2019,13,REG,2019-12-01,13:00,SF,BAL,45.0,True,first_td,00-0035719,Deebo Samuel Sr.,WR,SF,pass,1,11:53,187,drive_game_clock_end,12:00
2019_13_WAS_CAR,2019,13,REG,2019-12-01,13:00,WAS,CAR,38.5,True,first_td,00-0033282,Curtis Samuel,WR,CAR,pass,1,10:39,261,drive_game_clock_end,10:45
2019_13_NYJ_CIN,2019,13,REG,2019-12-01,13:00,NYJ,CIN,43.0,True,first_td,00-0033009,Tyler Boyd,WR,CIN,pass,1,01:12,828,drive_game_clock_end,01:17
2019_13_TEN_IND,2019,13,REG,2019-12-01,13:00,TEN,IND,41.5,True,first_td,00-0030181,Jack Doyle,TE,IND,pass,1,11:03,237,drive_game_clock_end,11:10
2019_13_TB_JAX,2019,13,REG,2019-12-01,13:00,TB,JAX,46.5,True,first_td,00-0032741,Peyton Barber,RB,TB,rush,1,02:49,731,drive_game_clock_end,02:54
2019_13_PHI_MIA,2019,13,REG,2019-12-01,13:00,PHI,MIA,45.0,True,first_td,00-0035243,Miles Sanders,RB,PHI,pass,1,13:54,66,drive_game_clock_end,14:00
2019_13_GB_NYG,2019,13,REG,2019-12-01,13:00,GB,NYG,43.5,True,first_td,00-0031381,Davante Adams,WR,GB,pass,1,08:43,377,drive_game_clock_end,08:49
2019_13_CLE_PIT,2019,13,REG,2019-12-01,13:00,CLE,PIT,40.0,True,first_td,00-0033923,Kareem Hunt,RB,CLE,pass,2,07:40,1340,drive_game_clock_end,07:46
2019_13_LA_ARI,2019,13,REG,2019-12-01,16:05,LA,ARI,47.0,False,first_td,00-0033110,Tyler Higbee,TE,LA,pass,2,14:17,943,drive_game_clock_end,14:22
2019_13_LAC_DEN,2019,13,REG,2019-12-01,16:25,LAC,DEN,39.0,False,first_td,00-0034348,Courtland Sutton,WR,DEN,pass,1,04:33,627,drive_game_clock_end,04:40
2019_13_OAK_KC,2019,13,REG,2019-12-01,16:25,OAK,KC,49.5,False,first_td,00-0034301,Darrel Williams,RB,KC,pass,1,07:26,454,drive_game_clock_end,07:32
2019_13_NE_HOU,2019,13,REG,2019-12-01,20:20,NE,HOU,47.0,False,first_td,00-0032257,Duke Johnson,RB,HOU,pass,1,00:38,862,drive_game_clock_end,00:45
2019_13_MIN_SEA,2019,13,REG,2019-12-02,20:15,MIN,SEA,48.0,False,first_td,00-0033893,Dalvin Cook,RB,MIN,rush,1,08:12,408,drive_game_clock_end,08:16
2019_14_DAL_CHI,2019,14,REG,2019-12-05,20:20,DAL,CHI,43.0,False,first_td,00-0033045,Ezekiel Elliott,RB,DAL,rush,1,06:03,537,drive_game_clock_end,06:07
2019_14_CAR_ATL,2019,14,REG,2019-12-08,13:00,CAR,ATL,48.0,True,first_td,00-0034837,Calvin Ridley,WR,ATL,pass,2,05:15,1485,drive_game_clock_end,05:22
2019_14_BAL_BUF,2019,14,REG,2019-12-08,13:00,BAL,BUF,44.0,True,first_td,00-0031598,Nick Boyle,TE,BAL,pass,2,13:31,989,drive_game_clock_end,13:37
2019_14_CIN_CLE,2019,14,REG,2019-12-08,13:00,CIN,CLE,43.0,True,first_td,00-0034856,Denzel Ward,CB,CLE,return,1,05:36,564,drive_game_clock_end,05:46
2019_14_WAS_GB,2019,14,REG,2019-12-08,13:00,WAS,GB,42.5,True,first_td,00-0033293,Aaron Jones,RB,GB,rush,1,09:06,354,drive_game_clock_end,09:10
2019_14_DEN_HOU,2019,14,REG,2019-12-08,13:00,DEN,HOU,42.5,True,first_td,00-0035644,Noah Fant,TE,DEN,pass,1,07:27,453,drive_game_clock_end,07:31
2019_14_DET_MIN,2019,14,REG,2019-12-08,13:00,DET,MIN,43.5,True,first_td,00-0035006,Bisi Johnson,WR,MIN,pass,1,05:47,553,drive_game_clock_end,05:52
2019_14_SF_NO,2019,14,REG,2019-12-08,13:00,SF,NO,45.0,True,first_td,00-0027061,Jared Cook,TE,NO,pass,1,11:34,206,drive_game_clock_end,11:42
2019_14_MIA_NYJ,2019,14,REG,2019-12-08,13:00,MIA,NYJ,47.0,True,first_td,00-0032688,Robbie Chosen,WR,NYJ,pass,2,13:45,975,drive_game_clock_end,13:53
2019_14_IND_TB,2019,14,REG,2019-12-08,13:00,IND,TB,46.5,True,first_td,00-0032980,Marcus Johnson,WR,IND,pass,1,12:45,135,drive_game_clock_end,12:54
2019_14_LAC_JAX,2019,14,REG,2019-12-08,16:05,LAC,JAX,42.0,False,first_td,00-0032144,Melvin Gordon,RB,LAC,rush,1,05:46,554,drive_game_clock_end,05:50
2019_14_PIT_ARI,2019,14,REG,2019-12-08,16:25,PIT,ARI,43.5,False,first_td,00-0035216,Diontae Johnson,WR,PIT,return,1,02:52,728,drive_game_clock_end,03:13
2019_14_KC_NE,2019,14,REG,2019-12-08,16:25,KC,NE,49.5,False,first_td,00-0027150,Julian Edelman,WR,NE,pass,1,12:34,146,drive_game_clock_end,12:43
2019_14_TEN_OAK,2019,14,REG,2019-12-08,16:25,TEN,OAK,47.0,False,first_td,00-0032940,DeAndre Washington,RB,LV,rush,1,07:43,437,drive_game_clock_end,07:49
2019_14_SEA_LA,2019,14,REG,2019-12-08,20:20,SEA,LA,47.5,False,first_td,00-0031806,Malcolm Brown,RB,LA,rush,1,05:08,592,drive_game_clock_end,05:12
2019_14_NYG_PHI,2019,14,REG,2019-12-09,20:15,NYG,PHI,45.5,False,first_td,00-0035535,Darius Slayton,WR,NYG,pass,2,14:52,908,drive_game_clock_end,15:00
2019_15_NYJ_BAL,2019,15,REG,2019-12-12,20:20,NYJ,BAL,44.0,False,first_td,00-0027966,Mark Ingram,RB,BAL,rush,1,07:49,431,drive_game_clock_end,07:55
2019_15_SEA_CAR,2019,15,REG,2019-12-15,13:00,SEA,CAR,48.5,True,first_td,00-0033594,Chris Carson,RB,SEA,rush,1,10:26,274,drive_game_clock_end,10:34
2019_15_NE_CIN,2019,15,REG,2019-12-15,13:00,NE,CIN,42.0,True,first_td,00-0031062,James White,RB,NE,pass,1,11:44,196,drive_game_clock_end,11:52
2019_15_TB_DET,2019,15,REG,2019-12-15,13:00,TB,DET,46.0,True,first_td,00-0032054,Breshad Perriman,WR,TB,pass,1,07:25,455,drive_game_clock_end,07:30
2019_15_CHI_GB,2019,15,REG,2019-12-15,13:00,CHI,GB,40.0,True,first_td,00-0031381,Davante Adams,WR,GB,pass,1,04:47,613,drive_game_clock_end,04:53
2019_15_DEN_KC,2019,15,REG,2019-12-15,13:00,DEN,KC,43.0,True,first_td,00-0033040,Tyreek Hill,WR,KC,pass,1,09:42,318,drive_game_clock_end,09:50
2019_15_MIA_NYG,2019,15,REG,2019-12-15,13:00,MIA,NYG,47.0,True,first_td,00-0031547,DeVante Parker,WR,MIA,pass,2,09:03,1257,drive_game_clock_end,09:08
2019_15_HOU_TEN,2019,15,REG,2019-12-15,13:00,HOU,TEN,50.0,True,first_td,00-0030085,Kenny Stills,WR,HOU,pass,2,09:59,1201,drive_game_clock_end,10:04
2019_15_PHI_WAS,2019,15,REG,2019-12-15,13:00,PHI,WAS,38.0,True,first_td,00-0035659,Terry McLaurin,WR,WAS,pass,1,01:11,829,drive_game_clock_end,01:23
2019_15_CLE_ARI,2019,15,REG,2019-12-15,16:05,CLE,ARI,49.0,False,first_td,00-0033118,Kenyan Drake,RB,ARI,rush,1,10:09,291,drive_game_clock_end,10:15
2019_15_MIN_LAC,2019,15,REG,2019-12-15,16:05,MIN,LAC,45.0,False,first_td,00-0034970,Irv Smith,TE,MIN,pass,1,09:10,350,drive_game_clock_end,09:18
2019_15_JAX_OAK,2019,15,REG,2019-12-15,16:05,JAX,OAK,47.0,False,first_td,00-0032160,Tyrell Williams,WR,LV,pass,1,11:29,211,drive_game_clock_end,11:38
2019_15_LA_DAL,2019,15,REG,2019-12-15,16:25,LA,DAL,48.5,False,first_td,00-0022127,Jason Witten,TE,DAL,pass,1,01:47,793,drive_game_clock_end,01:53
2019_15_ATL_SF,2019,15,REG,2019-12-15,16:25,ATL,SF,50.0,False,first_td,00-0031687,Raheem Mostert,RB,SF,rush,2,12:55,1025,drive_game_clock_end,12:59
2019_15_BUF_PIT,2019,15,REG,2019-12-15,20:20,BUF,PIT,37.0,False,first_td,00-0034857,Josh Allen,QB,BUF,rush,2,14:22,938,drive_game_clock_end,14:26
2019_15_IND_NO,2019,15,REG,2019-12-16,20:15,IND,NO,48.5,False,first_td,00-0032765,Michael Thomas,WR,NO,pass,2,12:37,1043,drive_game_clock_end,12:43
2019_16_HOU_TB,2019,16,REG,2019-12-21,13:00,HOU,TB,50.0,False,first_td,00-0031372,Bradley Roby,CB,HOU,return,1,14:12,48,drive_game_clock_end,14:19
2019_16_BUF_NE,2019,16,REG,2019-12-21,16:30,BUF,NE,39.5,False,first_td,00-0031744,Matt LaCosse,TE,NE,pass,1,01:50,790,drive_game_clock_end,01:56
2019_16_LA_SF,2019,16,REG,2019-12-21,20:15,LA,SF,45.5,False,first_td,00-0031236,Brandin Cooks,WR,LA,pass,1,11:08,232,drive_game_clock_end,11:15
2019_16_JAX_ATL,2019,16,REG,2019-12-22,13:00,JAX,ATL,48.0,True,first_td,00-0031285,Devonta Freeman,RB,ATL,rush,1,11:27,213,drive_game_clock_end,11:34
2019_16_BAL_CLE,2019,16,REG,2019-12-22,13:00,BAL,CLE,48.5,True,first_td,00-0030155,Demetrius Harris,TE,CLE,pass,2,11:53,1087,drive_game_clock_end,11:58
2019_16_CAR_IND,2019,16,REG,2019-12-22,13:00,CAR,IND,46.0,True,first_td,00-0033119,Jacoby Brissett,QB,IND,rush,1,09:28,332,drive_game_clock_end,09:30
2019_16_CIN_MIA,2019,16,REG,2019-12-22,13:00,CIN,MIA,46.0,True,first_td,00-0035231,Christian Wilkins,DT,MIA,pass,1,08:32,388,drive_game_clock_end,08:39
2019_16_PIT_NYJ,2019,16,REG,2019-12-22,13:00,PIT,NYJ,36.5,True,first_td,00-0032688,Robbie Chosen,WR,NYJ,pass,1,10:27,273,drive_game_clock_end,10:32
2019_16_NO_TEN,2019,16,REG,2019-12-22,13:00,NO,TEN,49.0,True,first_td,00-0033858,Jonnu Smith,TE,TEN,pass,1,07:55,425,drive_game_clock_end,08:03
2019_16_NYG_WAS,2019,16,REG,2019-12-22,13:00,NYG,WAS,42.0,True,first_td,00-0032385,Sterling Shepard,WR,NYG,pass,1,12:21,159,drive_game_clock_end,12:27
2019_16_DET_DEN,2019,16,REG,2019-12-22,16:05,DET,DEN,40.0,False,first_td,00-0033572,Jamal Agnew,WR,DET,return,2,10:52,1148,drive_game_clock_end,11:10
2019_16_OAK_LAC,2019,16,REG,2019-12-22,16:05,OAK,LAC,45.0,False,first_td,00-0034983,Hunter Renfrow,WR,LV,pass,1,10:57,243,drive_game_clock_end,11:07
2019_16_DAL_PHI,2019,16,REG,2019-12-22,16:25,DAL,PHI,47.0,False,first_td,00-0034351,Dallas Goedert,TE,PHI,pass,1,04:03,657,drive_game_clock_end,04:08
2019_16_ARI_SEA,2019,16,REG,2019-12-22,16:25,ARI,SEA,51.0,False,first_td,00-0028292,Nick Bellore,LB,SEA,pass,1,08:50,370,drive_game_clock_end,08:54
2019_16_KC_CHI,2019,16,REG,2019-12-22,20:20,KC,CHI,45.5,False,first_td,00-0033873,Patrick Mahomes,QB,KC,rush,1,01:30,810,drive_game_clock_end,01:37
2019_16_GB_MIN,2019,16,REG,2019-12-23,20:15,GB,MIN,47.0,False,first_td,00-0031588,Stefon Diggs,WR,MIN,pass,2,13:33,987,drive_game_clock_end,13:39
2019_17_NYJ_BUF,2019,17,REG,2019-12-29,13:00,NYJ,BUF,37.0,True,first_td,00-0031941,Jamison Crowder,WR,NYJ,pass,4,13:31,2789,drive_game_clock_end,13:34
2019_17_NO_CAR,2019,17,REG,2019-12-29,13:00,NO,CAR,45.0,True,first_td,00-0033906,Alvin Kamara,RB,NO,rush,1,10:48,252,drive_game_clock_end,10:54
2019_17_CLE_CIN,2019,17,REG,2019-12-29,13:00,CLE,CIN,44.0,True,first_td,00-0034273,Damion Ratley,WR,CLE,pass,1,13:32,88,drive_game_clock_end,13:39
2019_17_GB_DET,2019,17,REG,2019-12-29,13:00,GB,DET,44.0,True,first_td,00-0035040,David Blough,QB,DET,pass,1,07:59,421,drive_game_clock_end,08:07
2019_17_LAC_KC,2019,17,REG,2019-12-29,13:00,LAC,KC,46.0,True,first_td,00-0030279,Keenan Allen,WR,LAC,pass,2,11:44,1096,drive_game_clock_end,11:49
2019_17_CHI_MIN,2019,17,REG,2019-12-29,13:00,CHI,MIN,36.5,True,first_td,00-0035685,David Montgomery,RB,CHI,rush,3,09:49,2111,drive_game_clock_end,09:58
2019_17_MIA_NE,2019,17,REG,2019-12-29,13:00,MIA,NE,46.0,True,first_td,00-0031555,Eric Rowe,CB,MIA,return,2,10:31,1169,drive_game_clock_end,10:41
2019_17_ATL_TB,2019,17,REG,2019-12-29,13:00,ATL,TB,48.0,True,first_td,00-0032147,Ty Sambrailo,OT,ATL,pass,1,10:33,267,drive_game_clock_end,10:40
2019_17_PIT_BAL,2019,17,REG,2019-12-29,16:25,PIT,BAL,35.0,False,first_td,00-0035217,Benny Snell,RB,PIT,rush,2,12:50,1030,drive_game_clock_end,12:56
2019_17_WAS_DAL,2019,17,REG,2019-12-29,16:25,WAS,DAL,47.5,False,first_td,00-0033045,Ezekiel Elliott,RB,DAL,pass,2,11:01,1139,drive_game_clock_end,11:09
2019_17_OAK_DEN,2019,17,REG,2019-12-29,16:25,OAK,DEN,41.5,False,first_td,00-0034959,Andrew Beck,FB,DEN,pass,2,00:28,1772,drive_game_clock_end,00:33
2019_17_TEN_HOU,2019,17,REG,2019-12-29,16:25,TEN,HOU,43.0,False,first_td,00-0032257,Duke Johnson,RB,HOU,rush,1,07:25,455,drive_game_clock_end,07:29
2019_17_IND_JAX,2019,17,REG,2019-12-29,16:25,IND,JAX,41.5,False,first_td,00-0033951,Marlon Mack,RB,IND,rush,1,00:41,859,drive_game_clock_end,00:47
2019_17_ARI_LA,2019,17,REG,2019-12-29,16:25,ARI,LA,46.0,False,first_td,00-0034011,Dan Arnold,TE,ARI,pass,1,03:54,666,drive_game_clock_end,04:00
2019_17_PHI_NYG,2019,17,REG,2019-12-29,16:25,PHI,NYG,44.0,False,first_td,00-0032599,Josh Perkins,TE,PHI,pass,2,01:52,1688,drive_game_clock_end,02:01
2019_17_SF_SEA,2019,17,REG,2019-12-29,20:20,SF,SEA,47.0,False,first_td,00-0035719,Deebo Samuel Sr.,WR,SF,rush,1,00:24,876,drive_game_clock_end,00:32
2019_18_BUF_HOU,2019,18,WC,2020-01-04,16:35,BUF,HOU,43.0,False,first_td,00-0034857,Josh Allen,QB,BUF,pass,1,11:41,199,drive_game_clock_end,11:51
2019_18_TEN_NE,2019,18,WC,2020-01-04,20:15,TEN,NE,45.0,False,first_td,00-0033455,Anthony Firkser,TE,TEN,pass,1,05:39,561,drive_game_clock_end,05:44
2019_18_MIN_NO,2019,18,WC,2020-01-05,13:05,MIN,NO,50.0,False,first_td,00-0033906,Alvin Kamara,RB,NO,rush,2,09:18,1242,drive_game_clock_end,09:23
2019_18_SEA_PHI,2019,18,WC,2020-01-05,16:40,SEA,PHI,44.0,False,first_td,00-0025399,Marshawn Lynch,RB,SEA,rush,2,01:06,1734,drive_game_clock_end,01:11
2019_19_MIN_SF,2019,19,DIV,2020-01-11,16:35,MIN,SF,44.5,False,first_td,00-0033307,Kendrick Bourne,WR,SF,pass,1,09:30,330,drive_game_clock_end,09:33
2019_19_TEN_BAL,2019,19,DIV,2020-01-11,20:15,TEN,BAL,47.5,False,first_td,00-0033858,Jonnu Smith,TE,TEN,pass,1,03:36,684,drive_game_clock_end,03:42
2019_19_HOU_KC,2019,19,DIV,2020-01-12,15:05,HOU,KC,50.5,False,first_td,00-0030085,Kenny Stills,WR,HOU,pass,1,11:59,181,drive_game_clock_end,12:07
2019_19_SEA_GB,2019,19,DIV,2020-01-12,18:40,SEA,GB,46.0,False,first_td,00-0031381,Davante Adams,WR,GB,pass,1,10:37,263,drive_game_clock_end,10:42
2019_20_TEN_KC,2019,20,CON,2020-01-19,15:05,TEN,KC,51.0,False,first_td,00-0032764,Derrick Henry,RB,TEN,rush,1,05:52,548,drive_game_clock_end,05:56
2019_20_GB_SF,2019,20,CON,2020-01-19,18:40,GB,SF,46.5,False,first_td,00-0031687,Raheem Mostert,RB,SF,rush,1,05:55,545,drive_game_clock_end,06:01
2019_21_SF_KC,2019,21,SB,2020-02-02,18:30,SF,KC,52.5,False,first_td,00-0033873,Patrick Mahomes,QB,KC,rush,1,00:31,869,drive_game_clock_end,00:36
2020_01_HOU_KC,2020,1,REG,2020-09-10,20:20,HOU,KC,53.5,False,first_td,00-0032187,David Johnson,RB,HOU,rush,1,04:54,606,drive_game_clock_end,05:02
2020_01_SEA_ATL,2020,1,REG,2020-09-13,13:00,SEA,ATL,49.5,True,first_td,00-0033594,Chris Carson,RB,SEA,pass,1,04:43,617,drive_game_clock_end,04:48
2020_01_CLE_BAL,2020,1,REG,2020-09-13,13:00,CLE,BAL,47.0,True,first_td,00-0034753,Mark Andrews,TE,BAL,pass,1,07:41,439,drive_game_clock_end,07:47
2020_01_NYJ_BUF,2020,1,REG,2020-09-13,13:00,NYJ,BUF,39.5,True,first_td,00-0034857,Josh Allen,QB,BUF,rush,1,05:38,562,drive_game_clock_end,05:44
2020_01_LV_CAR,2020,1,REG,2020-09-13,13:00,LV,CAR,48.0,True,first_td,00-0035700,Josh Jacobs,RB,LV,rush,1,05:47,553,drive_game_clock_end,05:51
2020_01_CHI_DET,2020,1,REG,2020-09-13,13:00,CHI,DET,42.5,True,first_td,00-0036275,D'Andre Swift,RB,DET,rush,2,00:19,1781,drive_game_clock_end,00:22
2020_01_IND_JAX,2020,1,REG,2020-09-13,13:00,IND,JAX,44.0,True,first_td,00-0034367,Nyheim Hines,RB,IND,rush,1,11:42,198,drive_game_clock_end,11:51
2020_01_GB_MIN,2020,1,REG,2020-09-13,13:00,GB,MIN,45.0,True,first_td,00-0033893,Dalvin Cook,RB,MIN,rush,1,03:24,696,drive_game_clock_end,03:27
2020_01_MIA_NE,2020,1,REG,2020-09-13,13:00,MIA,NE,41.5,True,first_td,00-0027939,Cam Newton,QB,NE,rush,2,13:12,1008,drive_game_clock_end,13:17
2020_01_PHI_WAS,2020,1,REG,2020-09-13,13:00,PHI,WAS,41.5,True,first_td,00-0030061,Zach Ertz,TE,PHI,pass,1,11:14,226,drive_game_clock_end,11:19
2020_01_LAC_CIN,2020,1,REG,2020-09-13,16:05,LAC,CIN,41.5,False,first_td,00-0036442,Joe Burrow,QB,CIN,rush,1,02:24,756,drive_game_clock_end,02:30
2020_01_TB_NO,2020,1,REG,2020-09-13,16:25,TB,NO,48.5,False,first_td,00-0019596,Tom Brady,QB,TB,rush,1,07:27,453,drive_game_clock_end,07:31
2020_01_ARI_SF,2020,1,REG,2020-09-13,16:25,ARI,SF,48.5,False,first_td,00-0031687,Raheem Mostert,RB,SF,pass,1,09:53,307,drive_game_clock_end,10:05
2020_01_DAL_LA,2020,1,REG,2020-09-13,20:20,DAL,LA,52.0,False,first_td,00-0031806,Malcolm Brown,RB,LA,rush,1,11:37,203,drive_game_clock_end,11:41
2020_01_PIT_NYG,2020,1,REG,2020-09-14,19:15,PIT,NYG,44.0,False,first_td,00-0035535,Darius Slayton,WR,NYG,pass,2,13:45,975,drive_game_clock_end,13:54
2020_01_TEN_DEN,2020,1,REG,2020-09-14,22:10,TEN,DEN,41.0,False,first_td,00-0035644,Noah Fant,TE,DEN,pass,1,00:26,874,drive_game_clock_end,00:33
2020_02_CIN_CLE,2020,2,REG,2020-09-17,20:20,CIN,CLE,44.5,False,first_td,00-0034791,Nick Chubb,RB,CLE,rush,1,01:48,792,drive_game_clock_end,01:55
2020_02_NYG_CHI,2020,2,REG,2020-09-20,13:00,NYG,CHI,42.5,True,first_td,00-0035685,David Montgomery,RB,CHI,pass,1,07:25,455,drive_game_clock_end,07:38
2020_02_ATL_DAL,2020,2,REG,2020-09-20,13:00,ATL,DAL,53.0,True,first_td,00-0034837,Calvin Ridley,WR,ATL,pass,1,10:58,242,drive_game_clock_end,11:06
2020_02_DET_GB,2020,2,REG,2020-09-20,13:00,DET,GB,51.0,True,first_td,00-0034349,Kerryon Johnson,RB,DET,rush,1,10:33,267,drive_game_clock_end,10:37
2020_02_MIN_IND,2020,2,REG,2020-09-20,13:00,MIN,IND,49.0,True,first_td,00-0036223,Jonathan Taylor,RB,IND,rush,2,11:45,1095,drive_game_clock_end,11:51
2020_02_BUF_MIA,2020,2,REG,2020-09-20,13:00,BUF,MIA,42.5,True,first_td,00-0036187,Reggie Gilliam,RB,BUF,pass,1,04:55,605,drive_game_clock_end,05:00
2020_02_SF_NYJ,2020,2,REG,2020-09-20,13:00,SF,NYJ,41.5,True,first_td,00-0031687,Raheem Mostert,RB,SF,rush,1,14:43,17,drive_game_clock_end,14:53
2020_02_LA_PHI,2020,2,REG,2020-09-20,13:00,LA,PHI,46.0,True,first_td,00-0033110,Tyler Higbee,TE,LA,pass,1,11:15,225,drive_game_clock_end,11:19
2020_02_DEN_PIT,2020,2,REG,2020-09-20,13:00,DEN,PIT,41.0,True,first_td,00-0033553,James Conner,RB,PIT,rush,1,04:23,637,drive_game_clock_end,04:27
2020_02_CAR_TB,2020,2,REG,2020-09-20,13:00,CAR,TB,47.0,True,first_td,00-0034816,Ronald Jones,RB,TB,rush,1,05:42,558,drive_game_clock_end,05:47
2020_02_JAX_TEN,2020,2,REG,2020-09-20,13:00,JAX,TEN,44.5,True,first_td,00-0033858,Jonnu Smith,TE,TEN,pass,1,13:22,98,drive_game_clock_end,13:28
2020_02_WAS_ARI,2020,2,REG,2020-09-20,16:05,WAS,ARI,46.5,False,first_td,00-0030564,DeAndre Hopkins,WR,ARI,pass,1,09:09,351,drive_game_clock_end,09:14
2020_02_BAL_HOU,2020,2,REG,2020-09-20,16:25,BAL,HOU,49.5,False,first_td,00-0033376,Patrick Ricard,RB,BAL,pass,2,12:55,1025,drive_game_clock_end,13:00
2020_02_KC_LAC,2020,2,REG,2020-09-20,16:25,KC,LAC,47.0,False,first_td,00-0036355,Justin Herbert,QB,LAC,rush,1,11:23,217,drive_game_clock_end,11:28
2020_02_NE_SEA,2020,2,REG,2020-09-20,20:20,NE,SEA,45.0,False,first_td,00-0027647,Devin McCourty,FS,NE,return,1,13:39,81,drive_game_clock_end,13:48
2020_02_NO_LV,2020,2,REG,2020-09-21,20:15,NO,LV,47.5,False,first_td,00-0033906,Alvin Kamara,RB,NO,rush,1,03:51,669,drive_game_clock_end,03:55
2020_03_MIA_JAX,2020,3,REG,2020-09-24,20:20,MIA,JAX,49.0,False,first_td,00-0035350,Preston Williams,WR,MIA,pass,1,08:09,411,drive_game_clock_end,08:15
2020_03_CHI_ATL,2020,3,REG,2020-09-27,13:00,CHI,ATL,46.0,True,first_td,00-0034830,Hayden Hurst,TE,ATL,pass,1,09:43,317,drive_game_clock_end,09:49
2020_03_LA_BUF,2020,3,REG,2020-09-27,13:00,LA,BUF,46.5,True,first_td,00-0028097,Lee Smith,TE,BUF,pass,1,01:41,799,drive_game_clock_end,01:46
2020_03_WAS_CLE,2020,3,REG,2020-09-27,13:00,WAS,CLE,45.0,True,first_td,00-0028411,Dontrelle Inman,WR,WAS,pass,1,01:44,796,drive_game_clock_end,01:50
2020_03_TEN_MIN,2020,3,REG,2020-09-27,13:00,TEN,MIN,49.5,True,first_td,00-0033893,Dalvin Cook,RB,MIN,rush,1,02:43,737,drive_game_clock_end,02:51
2020_03_LV_NE,2020,3,REG,2020-09-27,13:00,LV,NE,47.0,True,first_td,00-0030288,Rex Burkhead,RB,NE,pass,2,00:34,1766,drive_game_clock_end,00:42
2020_03_SF_NYG,2020,3,REG,2020-09-27,13:00,SF,NYG,44.0,True,first_td,00-0031376,Jerick McKinnon,RB,SF,rush,2,01:07,1733,drive_game_clock_end,01:13
2020_03_CIN_PHI,2020,3,REG,2020-09-27,13:00,CIN,PHI,46.5,True,first_td,00-0036410,Tee Higgins,WR,CIN,pass,2,01:29,1711,drive_game_clock_end,01:33
2020_03_HOU_PIT,2020,3,REG,2020-09-27,13:00,HOU,PIT,46.5,True,first_td,00-0028002,Randall Cobb,WR,HOU,pass,1,06:01,539,drive_game_clock_end,06:07
2020_03_NYJ_IND,2020,3,REG,2020-09-27,16:05,NYJ,IND,44.0,False,first_td,00-0030575,Xavier Rhodes,CB,IND,return,1,12:25,155,drive_game_clock_end,12:35
2020_03_CAR_LAC,2020,3,REG,2020-09-27,16:05,CAR,LAC,43.5,False,first_td,00-0033699,Austin Ekeler,RB,LAC,rush,2,14:14,946,drive_game_clock_end,14:22
2020_03_DET_ARI,2020,3,REG,2020-09-27,16:25,DET,ARI,55.5,False,first_td,00-0035527,Andy Isabella,WR,ARI,pass,1,00:14,886,drive_game_clock_end,00:20
2020_03_TB_DEN,2020,3,REG,2020-09-27,16:25,TB,DEN,42.5,False,first_td,00-0033921,Chris Godwin Jr.,WR,TB,pass,1,09:58,302,drive_game_clock_end,10:04
2020_03_DAL_SEA,2020,3,REG,2020-09-27,16:25,DAL,SEA,58.0,False,first_td,00-0032211,Tyler Lockett,WR,SEA,pass,1,06:39,501,drive_game_clock_end,06:46
2020_03_GB_NO,2020,3,REG,2020-09-27,20:20,GB,NO,52.0,False,first_td,00-0033906,Alvin Kamara,RB,NO,pass,1,05:07,593,drive_game_clock_end,05:15
2020_03_KC_BAL,2020,3,REG,2020-09-28,20:15,KC,BAL,55.0,False,first_td,00-0033873,Patrick Mahomes,QB,KC,rush,1,06:43,497,drive_game_clock_end,06:48
2020_04_DEN_NYJ,2020,4,REG,2020-10-01,20:20,DEN,NYJ,41.0,False,first_td,00-0034869,Sam Darnold,QB,NYJ,rush,1,11:25,215,drive_game_clock_end,11:37
2020_04_ARI_CAR,2020,4,REG,2020-10-04,13:00,ARI,CAR,52.5,True,first_td,00-0032063,Mike Davis,RB,CAR,rush,1,07:21,459,drive_game_clock_end,07:25
2020_04_JAX_CIN,2020,4,REG,2020-10-04,13:00,JAX,CIN,50.0,True,first_td,00-0034777,DJ Chark,WR,JAX,pass,1,00:21,879,drive_game_clock_end,00:27
2020_04_CLE_DAL,2020,4,REG,2020-10-04,13:00,CLE,DAL,56.5,True,first_td,00-0031235,Odell Beckham Jr.,WR,CLE,pass,1,12:13,167,drive_game_clock_end,12:21
2020_04_NO_DET,2020,4,REG,2020-10-04,13:00,NO,DET,51.5,True,first_td,00-0036275,D'Andre Swift,RB,DET,pass,1,11:58,182,drive_game_clock_end,12:02
2020_04_MIN_HOU,2020,4,REG,2020-10-04,13:00,MIN,HOU,52.5,True,first_td,00-0033893,Dalvin Cook,RB,MIN,rush,1,05:05,595,drive_game_clock_end,05:11
2020_04_SEA_MIA,2020,4,REG,2020-10-04,13:00,SEA,MIA,55.0,True,first_td,00-0033594,Chris Carson,RB,SEA,rush,1,10:00,300,drive_game_clock_end,10:05
2020_04_LAC_TB,2020,4,REG,2020-10-04,13:00,LAC,TB,42.5,True,first_td,00-0031273,Cameron Brate,TE,TB,pass,1,10:00,300,drive_game_clock_end,10:05
2020_04_BAL_WAS,2020,4,REG,2020-10-04,13:00,BAL,WAS,45.0,True,first_td,00-0027966,Mark Ingram,RB,BAL,rush,1,02:09,771,drive_game_clock_end,02:13
2020_04_NYG_LA,2020,4,REG,2020-10-04,16:05,NYG,LA,49.5,False,first_td,00-0033895,Gerald Everett,TE,LA,rush,1,06:19,521,drive_game_clock_end,06:23
2020_04_IND_CHI,2020,4,REG,2020-10-04,16:25,IND,CHI,43.5,False,first_td,00-0033217,Mo Alie-Cox,TE,IND,pass,1,08:08,412,drive_game_clock_end,08:15
2020_04_BUF_LV,2020,4,REG,2020-10-04,16:25,BUF,LV,53.0,False,first_td,00-0036196,Gabe Davis,WR,BUF,pass,1,10:37,263,drive_game_clock_end,10:44
2020_04_PHI_SF,2020,4,REG,2020-10-04,20:20,PHI,SF,45.5,False,first_td,00-0032950,Carson Wentz,QB,PHI,rush,1,03:51,669,drive_game_clock_end,03:56
2020_04_NE_KC,2020,4,REG,2020-10-05,19:05,NE,KC,52.5,False,first_td,00-0033040,Tyreek Hill,WR,KC,pass,3,00:42,2658,drive_game_clock_end,00:49
2020_04_ATL_GB,2020,4,REG,2020-10-05,21:00,ATL,GB,56.5,False,first_td,00-0033293,Aaron Jones,RB,GB,pass,1,10:01,299,drive_game_clock_end,10:05
2020_05_TB_CHI,2020,5,REG,2020-10-08,20:20,TB,CHI,44.0,False,first_td,00-0031408,Mike Evans,WR,TB,pass,1,00:56,844,drive_game_clock_end,00:59
2020_05_CAR_ATL,2020,5,REG,2020-10-11,13:00,CAR,ATL,53.5,True,first_td,00-0032241,Todd Gurley,RB,ATL,rush,1,08:19,401,drive_game_clock_end,08:26
2020_05_CIN_BAL,2020,5,REG,2020-10-11,13:00,CIN,BAL,49.0,True,first_td,00-0034753,Mark Andrews,TE,BAL,pass,1,00:40,860,drive_game_clock_end,00:44
2020_05_JAX_HOU,2020,5,REG,2020-10-11,13:00,JAX,HOU,55.0,True,first_td,00-0033681,Keelan Cole,WR,JAX,pass,2,06:33,1407,drive_game_clock_end,06:39
2020_05_LV_KC,2020,5,REG,2020-10-11,13:00,LV,KC,54.5,True,first_td,00-0033873,Patrick Mahomes,QB,KC,rush,1,02:06,774,drive_game_clock_end,02:12
2020_05_ARI_NYJ,2020,5,REG,2020-10-11,13:00,ARI,NYJ,48.5,True,first_td,00-0034681,Chase Edmonds,RB,ARI,rush,1,07:33,447,drive_game_clock_end,07:40
2020_05_PHI_PIT,2020,5,REG,2020-10-11,13:00,PHI,PIT,44.0,True,first_td,00-0036326,Chase Claypool,WR,PIT,rush,1,01:04,836,drive_game_clock_end,01:07
2020_05_LA_WAS,2020,5,REG,2020-10-11,13:00,LA,WAS,45.0,True,first_td,00-0035664,Darrell Henderson,RB,LA,rush,1,07:29,451,drive_game_clock_end,07:32
2020_05_MIA_SF,2020,5,REG,2020-10-11,16:05,MIA,SF,50.5,False,first_td,00-0033896,Adam Shaheen,TE,MIA,pass,1,10:45,255,drive_game_clock_end,10:49
2020_05_IND_CLE,2020,5,REG,2020-10-11,16:25,IND,CLE,48.5,False,first_td,00-0036223,Jonathan Taylor,RB,IND,rush,1,06:00,540,drive_game_clock_end,06:04
2020_05_NYG_DAL,2020,5,REG,2020-10-11,16:25,NYG,DAL,52.0,False,first_td,00-0033881,Evan Engram,TE,NYG,rush,1,06:53,487,drive_game_clock_end,06:59
2020_05_MIN_SEA,2020,5,REG,2020-10-11,20:20,MIN,SEA,54.0,False,first_td,00-0033893,Dalvin Cook,RB,MIN,rush,1,08:48,372,drive_game_clock_end,08:52
2020_05_LAC_NO,2020,5,REG,2020-10-12,20:15,LAC,NO,49.5,False,first_td,00-0030279,Keenan Allen,WR,LAC,pass,1,06:26,514,drive_game_clock_end,06:33
2020_05_BUF_TEN,2020,5,REG,2020-10-13,19:00,BUF,TEN,52.0,False,first_td,00-0035676,A.J. Brown,WR,TEN,pass,1,12:45,135,drive_game_clock_end,12:50
2020_06_CHI_CAR,2020,6,REG,2020-10-18,13:00,CHI,CAR,45.0,True,first_td,00-0036290,Cole Kmet,TE,CHI,pass,1,11:40,200,drive_game_clock_end,11:46
2020_06_CIN_IND,2020,6,REG,2020-10-18,13:00,CIN,IND,46.0,True,first_td,00-0030456,Giovani Bernard,RB,CIN,rush,1,11:17,223,drive_game_clock_end,11:20
2020_06_DET_JAX,2020,6,REG,2020-10-18,13:00,DET,JAX,52.5,True,first_td,00-0025394,Adrian Peterson,RB,DET,rush,1,07:37,443,drive_game_clock_end,07:42
2020_06_ATL_MIN,2020,6,REG,2020-10-18,13:00,ATL,MIN,53.0,True,first_td,00-0027944,Julio Jones,WR,ATL,pass,1,12:02,178,drive_game_clock_end,12:08
2020_06_DEN_NE,2020,6,REG,2020-10-18,13:00,DEN,NE,43.5,True,first_td,00-0027939,Cam Newton,QB,NE,rush,4,08:31,3089,drive_game_clock_end,08:33
2020_06_WAS_NYG,2020,6,REG,2020-10-18,13:00,WAS,NYG,42.5,True,first_td,00-0035535,Darius Slayton,WR,NYG,pass,1,01:36,804,drive_game_clock_end,01:41
2020_06_BAL_PHI,2020,6,REG,2020-10-18,13:00,BAL,PHI,46.5,True,first_td,00-0031598,Nick Boyle,TE,BAL,pass,1,08:02,418,drive_game_clock_end,08:11
2020_06_CLE_PIT,2020,6,REG,2020-10-18,13:00,CLE,PIT,50.0,True,first_td,00-0034789,Minkah Fitzpatrick,FS,PIT,return,1,08:58,362,drive_game_clock_end,09:05
2020_06_HOU_TEN,2020,6,REG,2020-10-18,13:00,HOU,TEN,52.0,True,first_td,00-0033455,Anthony Firkser,TE,TEN,pass,1,06:57,483,drive_game_clock_end,07:02
2020_06_NYJ_MIA,2020,6,REG,2020-10-18,16:05,NYJ,MIA,46.0,False,first_td,00-0033896,Adam Shaheen,TE,MIA,pass,1,06:55,485,drive_game_clock_end,07:00
2020_06_GB_TB,2020,6,REG,2020-10-18,16:25,GB,TB,55.0,False,first_td,00-0033293,Aaron Jones,RB,GB,rush,1,00:48,852,drive_game_clock_end,01:08
2020_06_LA_SF,2020,6,REG,2020-10-18,20:20,LA,SF,51.0,False,first_td,00-0035719,Deebo Samuel Sr.,WR,SF,pass,1,11:39,201,drive_game_clock_end,11:44
2020_06_KC_BUF,2020,6,REG,2020-10-19,17:00,KC,BUF,55.0,False,first_td,00-0030506,Travis Kelce,TE,KC,pass,1,03:05,715,drive_game_clock_end,03:12
2020_06_ARI_DAL,2020,6,REG,2020-10-19,20:15,ARI,DAL,55.5,False,first_td,00-0034775,Christian Kirk,WR,ARI,pass,2,12:58,1022,drive_game_clock_end,13:04
2020_07_NYG_PHI,2020,7,REG,2020-10-22,20:20,NYG,PHI,44.5,False,first_td,00-0032950,Carson Wentz,QB,PHI,rush,1,08:45,375,drive_game_clock_end,08:49
2020_07_DET_ATL,2020,7,REG,2020-10-25,13:00,DET,ATL,54.0,True,first_td,00-0036275,D'Andre Swift,RB,DET,rush,1,04:16,644,drive_game_clock_end,04:21
2020_07_CLE_CIN,2020,7,REG,2020-10-25,13:00,CLE,CIN,50.0,True,first_td,00-0036442,Joe Burrow,QB,CIN,rush,1,06:47,493,drive_game_clock_end,06:54
2020_07_GB_HOU,2020,7,REG,2020-10-25,13:00,GB,HOU,55.5,True,first_td,00-0031381,Davante Adams,WR,GB,pass,1,09:21,339,drive_game_clock_end,09:26
2020_07_CAR_NO,2020,7,REG,2020-10-25,13:00,CAR,NO,49.5,True,first_td,00-0027061,Jared Cook,TE,NO,pass,1,06:34,506,drive_game_clock_end,06:39
2020_07_BUF_NYJ,2020,7,REG,2020-10-25,13:00,BUF,NYJ,47.0,True,first_td,00-0036269,La'Mical Perine,RB,NYJ,rush,2,07:22,1358,drive_game_clock_end,07:28
2020_07_PIT_TEN,2020,7,REG,2020-10-25,13:00,PIT,TEN,51.0,True,first_td,00-0035216,Diontae Johnson,WR,PIT,pass,1,05:42,558,drive_game_clock_end,05:45
2020_07_DAL_WAS,2020,7,REG,2020-10-25,13:00,DAL,WAS,44.5,True,first_td,00-0036328,Antonio Gibson,RB,WAS,rush,1,03:48,672,drive_game_clock_end,03:53
2020_07_TB_LV,2020,7,REG,2020-10-25,16:05,TB,LV,51.5,False,first_td,00-0031549,Nelson Agholor,WR,LV,pass,1,09:55,305,drive_game_clock_end,10:02
2020_07_KC_DEN,2020,7,REG,2020-10-25,16:25,KC,DEN,46.0,False,first_td,00-0036360,Clyde Edwards-Helaire,RB,KC,rush,1,09:08,352,drive_game_clock_end,09:15
2020_07_JAX_LAC,2020,7,REG,2020-10-25,16:25,JAX,LAC,48.0,False,first_td,00-0036377,Joe Reed,WR,LAC,rush,1,00:05,895,drive_game_clock_end,00:10
2020_07_SF_NE,2020,7,REG,2020-10-25,16:25,SF,NE,44.0,False,first_td,00-0034115,Jeff Wilson,RB,SF,rush,1,09:56,304,drive_game_clock_end,10:02
2020_07_SEA_ARI,2020,7,REG,2020-10-25,20:20,SEA,ARI,55.5,False,first_td,00-0032211,Tyler Lockett,WR,SEA,pass,1,11:59,181,drive_game_clock_end,12:03
2020_07_CHI_LA,2020,7,REG,2020-10-26,20:15,CHI,LA,44.0,False,first_td,00-0033943,Josh Reynolds,WR,LA,pass,1,03:57,663,drive_game_clock_end,04:01
2020_08_ATL_CAR,2020,8,REG,2020-10-29,20:20,ATL,CAR,52.0,False,first_td,00-0033282,Curtis Samuel,WR,CAR,rush,1,08:14,406,drive_game_clock_end,08:19
2020_08_PIT_BAL,2020,8,REG,2020-11-01,13:00,PIT,BAL,44.0,True,first_td,00-0034720,Robert Spillane,LB,PIT,return,1,14:06,54,drive_game_clock_end,14:14
2020_08_NE_BUF,2020,8,REG,2020-11-01,13:00,NE,BUF,41.0,True,first_td,00-0036251,Zack Moss,RB,BUF,rush,1,05:29,571,drive_game_clock_end,05:34
2020_08_TEN_CIN,2020,8,REG,2020-11-01,13:00,TEN,CIN,49.5,True,first_td,00-0033526,Samaje Perine,RB,CIN,rush,2,10:26,1174,drive_game_clock_end,10:31
2020_08_LV_CLE,2020,8,REG,2020-11-01,13:00,LV,CLE,48.0,True,first_td,00-0034983,Hunter Renfrow,WR,LV,pass,4,14:53,2707,drive_game_clock_end,14:57
2020_08_IND_DET,2020,8,REG,2020-11-01,13:00,IND,DET,49.0,True,first_td,00-0029293,Marvin Jones,WR,DET,pass,1,05:42,558,drive_game_clock_end,05:49
2020_08_MIN_GB,2020,8,REG,2020-11-01,13:00,MIN,GB,47.0,True,first_td,00-0031381,Davante Adams,WR,GB,pass,1,07:01,479,drive_game_clock_end,07:05
2020_08_NYJ_KC,2020,8,REG,2020-11-01,13:00,NYJ,KC,49.0,True,first_td,00-0035140,Mecole Hardman,WR,KC,pass,1,11:08,232,drive_game_clock_end,11:15
2020_08_LA_MIA,2020,8,REG,2020-11-01,13:00,LA,MIA,46.5,True,first_td,00-0030431,Robert Woods,WR,LA,rush,1,11:13,227,drive_game_clock_end,11:18
2020_08_LAC_DEN,2020,8,REG,2020-11-01,16:05,LAC,DEN,44.5,False,first_td,00-0030279,Keenan Allen,WR,LAC,pass,2,01:48,1692,drive_game_clock_end,01:53
2020_08_NO_CHI,2020,8,REG,2020-11-01,16:25,NO,CHI,41.0,False,first_td,00-0031428,Allen Robinson,WR,CHI,pass,2,08:10,1310,drive_game_clock_end,08:17
2020_08_SF_SEA,2020,8,REG,2020-11-01,16:25,SF,SEA,54.5,False,first_td,00-0035640,DK Metcalf,WR,SEA,pass,1,00:00,900,drive_game_clock_end,00:08
2020_08_DAL_PHI,2020,8,REG,2020-11-01,20:20,DAL,PHI,43.0,False,first_td,00-0036387,Jalen Reagor,WR,PHI,pass,1,00:02,898,drive_game_clock_end,00:09
2020_08_TB_NYG,2020,8,REG,2020-11-02,20:15,TB,NYG,47.0,False,first_td,00-0028087,Dion Lewis,RB,NYG,pass,1,04:10,650,drive_game_clock_end,04:15
2020_09_GB_SF,2020,9,REG,2020-11-05,20:20,GB,SF,48.5,False,first_td,00-0031381,Davante Adams,WR,GB,pass,1,11:42,198,drive_game_clock_end,11:48
2020_09_DEN_ATL,2020,9,REG,2020-11-08,13:00,DEN,ATL,50.0,True,first_td,00-0035208,Olamide Zaccheaus,WR,ATL,pass,1,01:24,816,drive_game_clock_end,01:33
2020_09_SEA_BUF,2020,9,REG,2020-11-08,13:00,SEA,BUF,55.0,True,first_td,00-0033466,Isaiah McKenzie,WR,BUF,pass,1,13:35,85,drive_game_clock_end,13:41
2020_09_BAL_IND,2020,9,REG,2020-11-08,13:00,BAL,IND,48.0,True,first_td,00-0036223,Jonathan Taylor,RB,IND,rush,1,05:33,567,drive_game_clock_end,05:36
2020_09_HOU_JAX,2020,9,REG,2020-11-08,13:00,HOU,JAX,49.0,True,first_td,00-0034777,DJ Chark,WR,JAX,pass,1,14:08,52,drive_game_clock_end,14:19
2020_09_CAR_KC,2020,9,REG,2020-11-08,13:00,CAR,KC,51.5,True,first_td,00-0033280,Christian McCaffrey,RB,CAR,pass,1,06:07,533,drive_game_clock_end,06:13
2020_09_DET_MIN,2020,9,REG,2020-11-08,13:00,DET,MIN,51.5,True,first_td,00-0033893,Dalvin Cook,RB,MIN,rush,1,10:39,261,drive_game_clock_end,10:42
2020_09_CHI_TEN,2020,9,REG,2020-11-08,13:00,CHI,TEN,46.5,True,first_td,00-0035676,A.J. Brown,WR,TEN,pass,2,04:39,1521,drive_game_clock_end,04:47
2020_09_NYG_WAS,2020,9,REG,2020-11-08,13:00,NYG,WAS,43.0,True,first_td,00-0033950,Wayne Gallman,RB,NYG,rush,1,04:15,645,drive_game_clock_end,04:18
2020_09_LV_LAC,2020,9,REG,2020-11-08,16:05,LV,LAC,52.5,False,first_td,00-0032972,Devontae Booker,RB,LV,rush,1,04:42,618,drive_game_clock_end,04:49
2020_09_MIA_ARI,2020,9,REG,2020-11-08,16:25,MIA,ARI,49.0,False,first_td,00-0033096,Shaq Lawson,DE,MIA,return,1,10:37,263,drive_game_clock_end,10:48
2020_09_PIT_DAL,2020,9,REG,2020-11-08,16:25,PIT,DAL,44.0,False,first_td,00-0036358,CeeDee Lamb,WR,DAL,pass,2,07:45,1335,drive_game_clock_end,07:52
2020_09_NO_TB,2020,9,REG,2020-11-08,20:20,NO,TB,51.0,False,first_td,00-0034765,Tre'Quan Smith,WR,NO,pass,1,09:34,326,drive_game_clock_end,09:42
2020_09_NE_NYJ,2020,9,REG,2020-11-09,20:15,NE,NYJ,41.5,False,first_td,00-0027939,Cam Newton,QB,NE,rush,1,03:34,686,drive_game_clock_end,03:41
2020_10_IND_TEN,2020,10,REG,2020-11-12,20:20,IND,TEN,49.0,False,first_td,00-0033925,D'Onta Foreman,RB,TEN,pass,1,11:50,190,drive_game_clock_end,11:54
2020_10_TB_CAR,2020,10,REG,2020-11-15,13:00,TB,CAR,49.5,True,first_td,00-0033720,Colin Thompson,TE,CAR,pass,1,08:19,401,drive_game_clock_end,08:26
2020_10_HOU_CLE,2020,10,REG,2020-11-15,13:00,HOU,CLE,46.0,True,first_td,00-0034791,Nick Chubb,RB,CLE,rush,4,13:32,2788,drive_game_clock_end,13:36
2020_10_WAS_DET,2020,10,REG,2020-11-15,13:00,WAS,DET,46.0,True,first_td,00-0033094,Marvin Hall,WR,DET,pass,1,07:12,468,drive_game_clock_end,07:20
2020_10_JAX_GB,2020,10,REG,2020-11-15,13:00,JAX,GB,47.0,True,first_td,00-0034272,Marquez Valdes-Scantling,WR,GB,pass,2,14:47,913,drive_game_clock_end,15:00
2020_10_PHI_NYG,2020,10,REG,2020-11-15,13:00,PHI,NYG,45.0,True,first_td,00-0035710,Daniel Jones,QB,NYG,rush,1,11:11,229,drive_game_clock_end,11:19
2020_10_BUF_ARI,2020,10,REG,2020-11-15,16:05,BUF,ARI,55.5,False,first_td,00-0034857,Josh Allen,QB,BUF,pass,1,06:23,517,drive_game_clock_end,06:31
2020_10_DEN_LV,2020,10,REG,2020-11-15,16:05,DEN,LV,50.5,False,first_td,00-0035700,Josh Jacobs,RB,LV,rush,1,09:44,316,drive_game_clock_end,09:50
2020_10_LAC_MIA,2020,10,REG,2020-11-15,16:05,LAC,MIA,48.5,False,first_td,00-0036020,Salvon Ahmed,RB,MIA,rush,1,12:54,126,drive_game_clock_end,12:58
2020_10_SEA_LA,2020,10,REG,2020-11-15,16:25,SEA,LA,55.0,False,first_td,00-0032426,Alex Collins,RB,SEA,rush,1,06:00,540,drive_game_clock_end,06:08
2020_10_SF_NO,2020,10,REG,2020-11-15,16:25,SF,NO,49.5,False,first_td,00-0036261,Brandon Aiyuk,WR,SF,pass,1,07:43,437,drive_game_clock_end,07:47
2020_10_CIN_PIT,2020,10,REG,2020-11-15,16:25,CIN,PIT,45.5,False,first_td,00-0035216,Diontae Johnson,WR,PIT,pass,1,01:51,789,drive_game_clock_end,01:54
2020_10_BAL_NE,2020,10,REG,2020-11-15,20:20,BAL,NE,44.0,False,first_td,00-0030663,Willie Snead,WR,BAL,pass,2,14:54,906,drive_game_clock_end,15:00
2020_10_MIN_CHI,2020,10,REG,2020-11-16,20:15,MIN,CHI,44.0,False,first_td,00-0030035,Adam Thielen,WR,MIN,pass,1,06:29,511,drive_game_clock_end,06:34
2020_11_ARI_SEA,2020,11,REG,2020-11-19,20:20,ARI,SEA,56.5,False,first_td,00-0035640,DK Metcalf,WR,SEA,pass,1,08:45,375,drive_game_clock_end,08:53
2020_11_TEN_BAL,2020,11,REG,2020-11-22,13:00,TEN,BAL,50.5,True,first_td,00-0033858,Jonnu Smith,TE,TEN,pass,1,08:37,383,drive_game_clock_end,08:42
2020_11_DET_CAR,2020,11,REG,2020-11-22,13:00,DET,CAR,47.0,True,first_td,00-0032063,Mike Davis,RB,CAR,rush,1,02:21,759,drive_game_clock_end,02:24
2020_11_PHI_CLE,2020,11,REG,2020-11-22,13:00,PHI,CLE,45.5,True,first_td,00-0035646,Sione Takitaki,LB,CLE,return,2,13:35,985,drive_game_clock_end,13:47
2020_11_NE_HOU,2020,11,REG,2020-11-22,13:00,NE,HOU,49.5,True,first_td,00-0035657,Damien Harris,RB,NE,rush,1,06:52,488,drive_game_clock_end,06:57
2020_11_PIT_JAX,2020,11,REG,2020-11-22,13:00,PIT,JAX,47.0,True,first_td,00-0036326,Chase Claypool,WR,PIT,pass,2,07:00,1380,drive_game_clock_end,07:07
2020_11_ATL_NO,2020,11,REG,2020-11-22,13:00,ATL,NO,49.5,True,first_td,00-0033906,Alvin Kamara,RB,NO,rush,2,01:46,1694,drive_game_clock_end,01:51
2020_11_CIN_WAS,2020,11,REG,2020-11-22,13:00,CIN,WAS,48.0,True,first_td,00-0036328,Antonio Gibson,RB,WAS,rush,1,01:38,802,drive_game_clock_end,01:41
2020_11_MIA_DEN,2020,11,REG,2020-11-22,16:05,MIA,DEN,46.0,False,first_td,00-0031547,DeVante Parker,WR,MIA,pass,1,10:08,292,drive_game_clock_end,10:14
2020_11_NYJ_LAC,2020,11,REG,2020-11-22,16:05,NYJ,LAC,47.0,False,first_td,00-0036269,La'Mical Perine,RB,NYJ,rush,1,09:05,355,drive_game_clock_end,09:09
2020_11_GB_IND,2020,11,REG,2020-11-22,16:25,GB,IND,52.0,False,first_td,00-0033757,Robert Tonyan,TE,GB,pass,1,08:21,399,drive_game_clock_end,08:26
2020_11_DAL_MIN,2020,11,REG,2020-11-22,16:25,DAL,MIN,50.0,False,first_td,00-0033045,Ezekiel Elliott,RB,DAL,pass,1,09:26,334,drive_game_clock_end,09:32
2020_11_KC_LV,2020,11,REG,2020-11-22,20:20,KC,LV,56.5,False,first_td,00-0035700,Josh Jacobs,RB,LV,rush,1,11:25,215,drive_game_clock_end,11:29
2020_11_LA_TB,2020,11,REG,2020-11-23,20:15,LA,TB,47.5,False,first_td,00-0030431,Robert Woods,WR,LA,pass,1,03:55,665,drive_game_clock_end,04:00
2020_12_HOU_DET,2020,12,REG,2020-11-26,12:30,HOU,DET,52.5,False,first_td,00-0025394,Adrian Peterson,RB,DET,rush,1,06:54,486,drive_game_clock_end,06:57
2020_12_WAS_DAL,2020,12,REG,2020-11-26,16:30,WAS,DAL,46.0,False,first_td,00-0036328,Antonio Gibson,RB,WAS,rush,1,01:37,803,drive_game_clock_end,01:43
2020_12_LV_ATL,2020,12,REG,2020-11-29,13:00,LV,ATL,53.0,True,first_td,00-0034837,Calvin Ridley,WR,ATL,pass,2,02:17,1663,drive_game_clock_end,02:23
2020_12_LAC_BUF,2020,12,REG,2020-11-29,13:00,LAC,BUF,51.0,True,first_td,00-0035689,Dawson Knox,TE,BUF,pass,1,12:26,154,drive_game_clock_end,12:31
2020_12_NYG_CIN,2020,12,REG,2020-11-29,13:00,NYG,CIN,45.0,True,first_td,00-0033950,Wayne Gallman,RB,NYG,rush,1,10:01,299,drive_game_clock_end,10:04
2020_12_TEN_IND,2020,12,REG,2020-11-29,13:00,TEN,IND,51.5,True,first_td,00-0032764,Derrick Henry,RB,TEN,rush,1,09:12,348,drive_game_clock_end,09:19
2020_12_CLE_JAX,2020,12,REG,2020-11-29,13:00,CLE,JAX,48.5,True,first_td,00-0031382,Jarvis Landry,WR,CLE,pass,1,03:40,680,drive_game_clock_end,03:47
2020_12_CAR_MIN,2020,12,REG,2020-11-29,13:00,CAR,MIN,50.0,True,first_td,00-0036322,Justin Jefferson,WR,MIN,pass,1,05:34,566,drive_game_clock_end,05:39
2020_12_ARI_NE,2020,12,REG,2020-11-29,13:00,ARI,NE,51.0,True,first_td,00-0033118,Kenyan Drake,RB,ARI,rush,1,12:09,171,drive_game_clock_end,12:13
2020_12_MIA_NYJ,2020,12,REG,2020-11-29,13:00,MIA,NYJ,46.0,True,first_td,00-0034829,Mike Gesicki,TE,MIA,pass,2,08:56,1264,drive_game_clock_end,09:02
2020_12_NO_DEN,2020,12,REG,2020-11-29,16:05,NO,DEN,36.5,False,first_td,00-0033357,Taysom Hill,TE,NO,rush,2,10:19,1181,drive_game_clock_end,10:23
2020_12_SF_LA,2020,12,REG,2020-11-29,16:05,SF,LA,44.5,False,first_td,00-0031687,Raheem Mostert,RB,SF,rush,1,04:10,650,drive_game_clock_end,04:15
2020_12_KC_TB,2020,12,REG,2020-11-29,16:25,KC,TB,56.0,False,first_td,00-0033040,Tyreek Hill,WR,KC,pass,1,06:49,491,drive_game_clock_end,06:59
2020_12_CHI_GB,2020,12,REG,2020-11-29,20:20,CHI,GB,44.0,False,first_td,00-0031381,Davante Adams,WR,GB,pass,1,07:22,458,drive_game_clock_end,07:31
2020_12_SEA_PHI,2020,12,REG,2020-11-30,20:15,SEA,PHI,50.0,False,first_td,00-0033589,David Moore,WR,SEA,pass,2,10:56,1144,drive_game_clock_end,11:01
2020_12_BAL_PIT,2020,12,REG,2020-12-02,15:40,BAL,PIT,41.5,False,first_td,00-0027860,Joe Haden,CB,PIT,return,1,06:57,483,drive_game_clock_end,07:04
2020_13_NO_ATL,2020,13,REG,2020-12-06,13:00,NO,ATL,46.0,True,first_td,00-0034765,Tre'Quan Smith,WR,NO,pass,1,07:01,479,drive_game_clock_end,07:08
2020_13_DET_CHI,2020,13,REG,2020-12-06,13:00,DET,CHI,44.0,True,first_td,00-0035685,David Montgomery,RB,CHI,rush,1,06:13,527,drive_game_clock_end,06:21
2020_13_IND_HOU,2020,13,REG,2020-12-06,13:00,IND,HOU,50.0,True,first_td,00-0029608,T.Y. Hilton,WR,IND,pass,1,09:52,308,drive_game_clock_end,09:59
2020_13_CIN_MIA,2020,13,REG,2020-12-06,13:00,CIN,MIA,43.0,True,first_td,00-0033009,Tyler Boyd,WR,CIN,pass,1,03:20,700,drive_game_clock_end,03:32
2020_13_JAX_MIN,2020,13,REG,2020-12-06,13:00,JAX,MIN,51.0,True,first_td,00-0036268,Laviska Shenault Jr.,WR,JAX,pass,1,12:33,147,drive_game_clock_end,12:39
2020_13_LV_NYJ,2020,13,REG,2020-12-06,13:00,LV,NYJ,48.0,True,first_td,00-0031941,Jamison Crowder,WR,NYJ,pass,1,09:03,357,drive_game_clock_end,09:08
2020_13_CLE_TEN,2020,13,REG,2020-12-06,13:00,CLE,TEN,54.0,True,first_td,00-0031382,Jarvis Landry,WR,CLE,pass,1,03:19,701,drive_game_clock_end,03:25
2020_13_LA_ARI,2020,13,REG,2020-12-06,16:05,LA,ARI,49.0,False,first_td,00-0034011,Dan Arnold,TE,ARI,pass,1,13:25,95,drive_game_clock_end,13:35
2020_13_NYG_SEA,2020,13,REG,2020-12-06,16:05,NYG,SEA,48.5,False,first_td,00-0029141,Alfred Morris,RB,NYG,rush,3,07:40,2240,drive_game_clock_end,07:43
2020_13_PHI_GB,2020,13,REG,2020-12-06,16:25,PHI,GB,50.0,False,first_td,00-0031381,Davante Adams,WR,GB,pass,2,08:29,1291,drive_game_clock_end,08:33
2020_13_NE_LAC,2020,13,REG,2020-12-06,16:25,NE,LAC,47.0,False,first_td,00-0027939,Cam Newton,QB,NE,rush,1,07:50,430,drive_game_clock_end,07:52
2020_13_DEN_KC,2020,13,REG,2020-12-06,20:20,DEN,KC,51.0,False,first_td,00-0033375,Tim Patrick,WR,DEN,pass,2,06:26,1414,drive_game_clock_end,06:31
2020_13_WAS_PIT,2020,13,REG,2020-12-07,17:00,WAS,PIT,43.5,False,first_td,00-0035216,Diontae Johnson,WR,PIT,pass,2,10:33,1167,drive_game_clock_end,10:37
2020_13_BUF_SF,2020,13,REG,2020-12-07,20:15,BUF,SF,48.0,False,first_td,00-0036261,Brandon Aiyuk,WR,SF,pass,1,00:44,856,drive_game_clock_end,00:48
2020_13_DAL_BAL,2020,13,REG,2020-12-08,20:05,DAL,BAL,46.0,False,first_td,00-0034796,Lamar Jackson,QB,BAL,rush,1,00:25,875,drive_game_clock_end,00:32
2020_14_NE_LA,2020,14,REG,2020-12-10,20:20,NE,LA,43.5,False,first_td,00-0033106,Jared Goff,QB,LA,rush,1,11:21,219,drive_game_clock_end,11:23
2020_14_DEN_CAR,2020,14,REG,2020-12-13,13:00,DEN,CAR,46.0,True,first_td,00-0031319,Diontae Spencer,WR,DEN,return,1,10:18,282,drive_game_clock_end,10:39
2020_14_HOU_CHI,2020,14,REG,2020-12-13,13:00,HOU,CHI,46.0,True,first_td,00-0035685,David Montgomery,RB,CHI,rush,1,10:04,296,drive_game_clock_end,10:16
2020_14_DAL_CIN,2020,14,REG,2020-12-13,13:00,DAL,CIN,44.0,True,first_td,00-0027945,Aldon Smith,DE,DAL,return,1,06:15,525,drive_game_clock_end,06:28
2020_14_TEN_JAX,2020,14,REG,2020-12-13,13:00,TEN,JAX,53.0,True,first_td,00-0035676,A.J. Brown,WR,TEN,pass,1,07:56,424,drive_game_clock_end,08:07
2020_14_KC_MIA,2020,14,REG,2020-12-13,13:00,KC,MIA,51.5,True,first_td,00-0034829,Mike Gesicki,TE,MIA,pass,1,01:35,805,drive_game_clock_end,01:42
2020_14_ARI_NYG,2020,14,REG,2020-12-13,13:00,ARI,NYG,47.0,True,first_td,00-0034011,Dan Arnold,TE,ARI,pass,2,06:53,1387,drive_game_clock_end,06:59
2020_14_MIN_TB,2020,14,REG,2020-12-13,13:00,MIN,TB,52.5,True,first_td,00-0033893,Dalvin Cook,RB,MIN,rush,2,14:17,943,drive_game_clock_end,14:22
2020_14_IND_LV,2020,14,REG,2020-12-13,16:05,IND,LV,51.5,False,first_td,00-0029608,T.Y. Hilton,WR,IND,pass,1,02:59,721,drive_game_clock_end,03:05
2020_14_NYJ_SEA,2020,14,REG,2020-12-13,16:05,NYJ,SEA,49.5,False,first_td,00-0036247,Freddie Swain,WR,SEA,pass,1,07:16,464,drive_game_clock_end,07:23
2020_14_GB_DET,2020,14,REG,2020-12-13,16:25,GB,DET,55.5,False,first_td,00-0035229,T.J. Hockenson,TE,DET,pass,1,09:24,336,drive_game_clock_end,09:29
2020_14_ATL_LAC,2020,14,REG,2020-12-13,16:25,ATL,LAC,49.0,False,first_td,00-0030279,Keenan Allen,WR,LAC,pass,1,03:57,663,drive_game_clock_end,04:02
2020_14_NO_PHI,2020,14,REG,2020-12-13,16:25,NO,PHI,43.0,False,first_td,00-0029137,Alshon Jeffery,WR,PHI,pass,2,13:25,995,drive_game_clock_end,13:30
2020_14_WAS_SF,2020,14,REG,2020-12-13,16:25,WAS,SF,43.5,False,first_td,00-0034115,Jeff Wilson,RB,SF,rush,1,00:47,853,drive_game_clock_end,00:50
2020_14_PIT_BUF,2020,14,REG,2020-12-13,20:20,PIT,BUF,48.5,False,first_td,00-0034676,James Washington,WR,PIT,pass,2,08:21,1299,drive_game_clock_end,08:26
2020_14_BAL_CLE,2020,14,REG,2020-12-14,20:15,BAL,CLE,45.5,False,first_td,00-0034791,Nick Chubb,RB,CLE,rush,1,09:06,354,drive_game_clock_end,09:11
2020_15_LAC_LV,2020,15,REG,2020-12-17,20:20,LAC,LV,52.0,False,first_td,00-0033090,Hunter Henry,TE,LAC,pass,1,05:56,544,drive_game_clock_end,06:02
2020_15_BUF_DEN,2020,15,REG,2020-12-19,16:30,BUF,DEN,49.0,False,first_td,00-0035689,Dawson Knox,TE,BUF,pass,1,04:05,655,drive_game_clock_end,04:12
2020_15_CAR_GB,2020,15,REG,2020-12-19,20:15,CAR,GB,53.0,False,first_td,00-0033757,Robert Tonyan,TE,GB,pass,1,09:54,306,drive_game_clock_end,09:58
2020_15_TB_ATL,2020,15,REG,2020-12-20,13:00,TB,ATL,49.5,True,first_td,00-0034411,Russell Gage,WR,ATL,pass,1,10:34,266,drive_game_clock_end,10:39
2020_15_JAX_BAL,2020,15,REG,2020-12-20,13:00,JAX,BAL,49.5,True,first_td,00-0035703,Miles Boykin,WR,BAL,pass,1,06:35,505,drive_game_clock_end,06:43
2020_15_SF_DAL,2020,15,REG,2020-12-20,13:00,SF,DAL,46.0,True,first_td,00-0035261,Tony Pollard,RB,DAL,rush,1,09:34,326,drive_game_clock_end,09:38
2020_15_HOU_IND,2020,15,REG,2020-12-20,13:00,HOU,IND,52.5,True,first_td,00-0036223,Jonathan Taylor,RB,IND,rush,1,05:49,551,drive_game_clock_end,05:55
2020_15_NE_MIA,2020,15,REG,2020-12-20,13:00,NE,MIA,40.0,True,first_td,00-0036020,Salvon Ahmed,RB,MIA,rush,3,10:32,2068,drive_game_clock_end,10:36
2020_15_CHI_MIN,2020,15,REG,2020-12-20,13:00,CHI,MIN,47.5,True,first_td,00-0036309,Darnell Mooney,WR,CHI,pass,1,09:01,359,drive_game_clock_end,09:07
2020_15_DET_TEN,2020,15,REG,2020-12-20,13:00,DET,TEN,54.5,True,first_td,00-0032764,Derrick Henry,RB,TEN,rush,1,08:40,380,drive_game_clock_end,08:46
2020_15_SEA_WAS,2020,15,REG,2020-12-20,13:00,SEA,WAS,44.5,True,first_td,00-0033387,Jacob Hollister,TE,SEA,pass,2,01:45,1695,drive_game_clock_end,01:49
2020_15_PHI_ARI,2020,15,REG,2020-12-20,16:05,PHI,ARI,49.5,False,first_td,00-0035228,Kyler Murray,QB,ARI,rush,1,05:46,554,drive_game_clock_end,05:51
2020_15_NYJ_LA,2020,15,REG,2020-12-20,16:05,NYJ,LA,44.5,False,first_td,00-0035537,Ty Johnson,RB,NYJ,pass,1,06:25,515,drive_game_clock_end,06:33
2020_15_KC_NO,2020,15,REG,2020-12-20,16:25,KC,NO,53.5,False,first_td,00-0033040,Tyreek Hill,WR,KC,pass,1,06:18,522,drive_game_clock_end,06:24
2020_15_CLE_NYG,2020,15,REG,2020-12-20,20:20,CLE,NYG,44.5,False,first_td,00-0032392,Austin Hooper,TE,CLE,pass,2,12:31,1049,drive_game_clock_end,12:36
2020_15_PIT_CIN,2020,15,REG,2020-12-21,20:15,PIT,CIN,40.5,False,first_td,00-0030456,Giovani Bernard,RB,CIN,rush,2,12:05,1075,drive_game_clock_end,12:10
2020_16_MIN_NO,2020,16,REG,2020-12-25,16:30,MIN,NO,49.0,False,first_td,00-0033906,Alvin Kamara,RB,NO,rush,1,12:11,169,drive_game_clock_end,12:19
2020_16_TB_DET,2020,16,REG,2020-12-26,13:00,TB,DET,55.0,False,first_td,00-0027656,Rob Gronkowski,TE,TB,pass,1,11:43,197,drive_game_clock_end,11:51
2020_16_SF_ARI,2020,16,REG,2020-12-26,16:30,SF,ARI,49.0,False,first_td,00-0034115,Jeff Wilson,RB,SF,pass,1,02:44,736,drive_game_clock_end,02:51
2020_16_MIA_LV,2020,16,REG,2020-12-26,20:15,MIA,LV,50.0,False,first_td,00-0031280,Derek Carr,QB,LV,rush,1,08:25,395,drive_game_clock_end,08:27
2020_16_NYG_BAL,2020,16,REG,2020-12-27,13:00,NYG,BAL,43.5,True,first_td,00-0035662,Marquise Brown,WR,BAL,pass,1,06:48,492,drive_game_clock_end,06:53
2020_16_CIN_HOU,2020,16,REG,2020-12-27,13:00,CIN,HOU,46.0,True,first_td,00-0035631,Drew Sample,TE,CIN,pass,1,08:32,388,drive_game_clock_end,08:37
2020_16_CHI_JAX,2020,16,REG,2020-12-27,13:00,CHI,JAX,47.0,True,first_td,00-0027696,Jimmy Graham,TE,CHI,pass,1,03:18,702,drive_game_clock_end,03:25
2020_16_ATL_KC,2020,16,REG,2020-12-27,13:00,ATL,KC,54.0,True,first_td,00-0034830,Hayden Hurst,TE,ATL,pass,2,03:35,1585,drive_game_clock_end,03:40
2020_16_CLE_NYJ,2020,16,REG,2020-12-27,13:00,CLE,NYJ,45.0,True,first_td,00-0034419,Braxton Berrios,WR,NYJ,pass,1,00:34,866,drive_game_clock_end,00:42
2020_16_IND_PIT,2020,16,REG,2020-12-27,13:00,IND,PIT,43.0,True,first_td,00-0036223,Jonathan Taylor,RB,IND,rush,1,09:48,312,drive_game_clock_end,09:51
2020_16_DEN_LAC,2020,16,REG,2020-12-27,16:05,DEN,LAC,47.5,False,first_td,00-0033699,Austin Ekeler,RB,LAC,pass,2,08:23,1297,drive_game_clock_end,08:28
2020_16_CAR_WAS,2020,16,REG,2020-12-27,16:05,CAR,WAS,41.0,False,first_td,00-0034052,Brandon Zylstra,WR,CAR,return,1,01:42,798,drive_game_clock_end,01:53
2020_16_PHI_DAL,2020,16,REG,2020-12-27,16:25,PHI,DAL,50.0,False,first_td,00-0035243,Miles Sanders,RB,PHI,rush,1,09:00,360,drive_game_clock_end,09:04
2020_16_LA_SEA,2020,16,REG,2020-12-27,16:25,LA,SEA,48.0,False,first_td,00-0029263,Russell Wilson,QB,SEA,rush,3,10:32,2068,drive_game_clock_end,10:38
2020_16_TEN_GB,2020,16,REG,2020-12-27,20:20,TEN,GB,52.5,False,first_td,00-0031381,Davante Adams,WR,GB,pass,1,09:55,305,drive_game_clock_end,09:59
2020_16_BUF_NE,2020,16,REG,2020-12-28,20:15,BUF,NE,47.0,False,first_td,00-0036251,Zack Moss,RB,BUF,rush,2,14:50,910,drive_game_clock_end,14:56
2020_17_MIA_BUF,2020,17,REG,2021-01-03,13:00,MIA,BUF,42.5,True,first_td,00-0033466,Isaiah McKenzie,WR,BUF,pass,2,12:09,1071,drive_game_clock_end,12:14
2020_17_BAL_CIN,2020,17,REG,2021-01-03,13:00,BAL,CIN,46.0,True,first_td,00-0035703,Miles Boykin,WR,BAL,pass,1,03:48,672,drive_game_clock_end,03:54
2020_17_PIT_CLE,2020,17,REG,2021-01-03,13:00,PIT,CLE,45.0,True,first_td,00-0034791,Nick Chubb,RB,CLE,rush,1,09:29,331,drive_game_clock_end,09:38
2020_17_MIN_DET,2020,17,REG,2021-01-03,13:00,MIN,DET,54.0,True,first_td,00-0029293,Marvin Jones,WR,DET,pass,1,04:45,615,drive_game_clock_end,04:53
2020_17_NYJ_NE,2020,17,REG,2021-01-03,13:00,NYJ,NE,41.0,True,first_td,00-0031062,James White,RB,NE,pass,1,11:23,217,drive_game_clock_end,11:28
2020_17_DAL_NYG,2020,17,REG,2021-01-03,13:00,DAL,NYG,44.5,True,first_td,00-0032385,Sterling Shepard,WR,NYG,rush,1,11:46,194,drive_game_clock_end,11:55
2020_17_ATL_TB,2020,17,REG,2021-01-03,13:00,ATL,TB,51.0,True,first_td,00-0033921,Chris Godwin Jr.,WR,TB,pass,1,11:06,234,drive_game_clock_end,11:12
2020_17_NO_CAR,2020,17,REG,2021-01-03,16:25,NO,CAR,47.0,False,first_td,00-0027061,Jared Cook,TE,NO,pass,1,09:04,356,drive_game_clock_end,09:09
2020_17_GB_CHI,2020,17,REG,2021-01-03,16:25,GB,CHI,48.5,False,first_td,00-0035685,David Montgomery,RB,CHI,rush,1,07:31,449,drive_game_clock_end,07:37
2020_17_LV_DEN,2020,17,REG,2021-01-03,16:25,LV,DEN,50.5,False,first_td,00-0034393,Troy Fumagalli,TE,DEN,pass,1,00:17,883,drive_game_clock_end,00:22
2020_17_TEN_HOU,2020,17,REG,2021-01-03,16:25,TEN,HOU,55.5,False,first_td,00-0032764,Derrick Henry,RB,TEN,rush,2,14:51,909,drive_game_clock_end,15:00
2020_17_JAX_IND,2020,17,REG,2021-01-03,16:25,JAX,IND,48.0,False,first_td,00-0029608,T.Y. Hilton,WR,IND,pass,1,10:16,284,drive_game_clock_end,10:20
2020_17_LAC_KC,2020,17,REG,2021-01-03,16:25,LAC,KC,43.0,False,first_td,00-0034297,Byron Pringle,WR,KC,pass,1,11:19,221,drive_game_clock_end,11:24
2020_17_ARI_LA,2020,17,REG,2021-01-03,16:25,ARI,LA,42.0,False,first_td,00-0035924,Jonathan Ward,RB,ARI,pass,1,10:09,291,drive_game_clock_end,10:15
2020_17_SEA_SF,2020,17,REG,2021-01-03,16:25,SEA,SF,45.0,False,first_td,00-0034115,Jeff Wilson,RB,SF,rush,4,14:22,2738,drive_game_clock_end,14:26
2020_17_WAS_PHI,2020,17,REG,2021-01-03,20:20,WAS,PHI,43.5,False,first_td,00-0035659,Terry McLaurin,WR,WAS,pass,1,04:19,641,drive_game_clock_end,04:24
2020_18_IND_BUF,2020,18,WC,2021-01-09,13:05,IND,BUF,50.5,False,first_td,00-0035689,Dawson Knox,TE,BUF,pass,1,01:49,791,drive_game_clock_end,01:56
2020_18_LA_SEA,2020,18,WC,2021-01-09,16:40,LA,SEA,42.0,False,first_td,00-0034203,Darious Williams,CB,LA,return,2,06:40,1400,drive_game_clock_end,06:46
2020_18_TB_WAS,2020,18,WC,2021-01-09,20:15,TB,WAS,45.0,False,first_td,00-0027793,Antonio Brown,WR,TB,pass,1,02:51,729,drive_game_clock_end,02:58
2020_18_BAL_TEN,2020,18,WC,2021-01-10,13:05,BAL,TEN,53.0,False,first_td,00-0035676,A.J. Brown,WR,TEN,pass,1,05:39,561,drive_game_clock_end,05:44
2020_18_CHI_NO,2020,18,WC,2021-01-10,16:40,CHI,NO,48.0,False,first_td,00-0032765,Michael Thomas,WR,NO,pass,1,05:09,591,drive_game_clock_end,05:14
2020_18_CLE_PIT,2020,18,WC,2021-01-10,20:15,CLE,PIT,47.5,False,first_td,00-0032888,Karl Joseph,FS,CLE,return,1,14:46,14,drive_game_clock_end,14:54
2020_19_LA_GB,2020,19,DIV,2021-01-16,16:35,LA,GB,45.0,False,first_td,00-0031381,Davante Adams,WR,GB,pass,2,11:37,1103,drive_game_clock_end,11:40
2020_19_BAL_BUF,2020,19,DIV,2021-01-16,20:15,BAL,BUF,50.0,False,first_td,00-0031588,Stefon Diggs,WR,BUF,pass,3,09:29,2131,drive_game_clock_end,09:33
2020_19_CLE_KC,2020,19,DIV,2021-01-17,15:05,CLE,KC,55.5,False,first_td,00-0033873,Patrick Mahomes,QB,KC,rush,1,09:11,349,drive_game_clock_end,09:16
2020_19_TB_NO,2020,19,DIV,2021-01-17,18:40,TB,NO,53.0,False,first_td,00-0031408,Mike Evans,WR,TB,pass,2,11:16,1124,drive_game_clock_end,11:20
2020_20_TB_GB,2020,20,CON,2021-01-24,15:05,TB,GB,53.0,False,first_td,00-0031408,Mike Evans,WR,TB,pass,1,10:59,241,drive_game_clock_end,11:04
2020_20_BUF_KC,2020,20,CON,2021-01-24,18:40,BUF,KC,54.5,False,first_td,00-0035689,Dawson Knox,TE,BUF,pass,1,06:14,526,drive_game_clock_end,06:19
2020_21_KC_TB,2020,21,SB,2021-02-07,18:30,KC,TB,55.0,False,first_td,00-0027656,Rob Gronkowski,TE,TB,pass,1,00:37,863,drive_game_clock_end,00:41
2021_01_DAL_TB,2021,1,REG,2021-09-09,20:20,DAL,TB,52.5,False,first_td,00-0033921,Chris Godwin Jr.,WR,TB,pass,1,05:23,577,drive_game_clock_end,05:26
2021_01_PHI_ATL,2021,1,REG,2021-09-12,13:00,PHI,ATL,49.0,True,first_td,00-0036912,DeVonta Smith,WR,PHI,pass,1,06:17,523,drive_game_clock_end,06:23
2021_01_PIT_BUF,2021,1,REG,2021-09-12,13:00,PIT,BUF,48.0,True,first_td,00-0036196,Gabe Davis,WR,BUF,pass,2,00:22,1778,drive_game_clock_end,00:27
2021_01_NYJ_CAR,2021,1,REG,2021-09-12,13:00,NYJ,CAR,44.5,True,first_td,00-0032688,Robbie Chosen,WR,CAR,pass,2,04:06,1554,drive_game_clock_end,04:14
2021_01_MIN_CIN,2021,1,REG,2021-09-12,13:00,MIN,CIN,47.0,True,first_td,00-0030035,Adam Thielen,WR,MIN,pass,2,06:39,1401,drive_game_clock_end,06:42
2021_01_SF_DET,2021,1,REG,2021-09-12,13:00,SF,DET,46.0,True,first_td,00-0034487,Trent Sherfield,WR,SF,pass,1,05:41,559,drive_game_clock_end,05:46
2021_01_JAX_HOU,2021,1,REG,2021-09-12,13:00,JAX,HOU,45.5,True,first_td,00-0027966,Mark Ingram,RB,HOU,rush,1,06:39,501,drive_game_clock_end,06:43
2021_01_SEA_IND,2021,1,REG,2021-09-12,13:00,SEA,IND,49.0,True,first_td,00-0032211,Tyler Lockett,WR,SEA,pass,1,01:26,814,drive_game_clock_end,01:31
2021_01_ARI_TEN,2021,1,REG,2021-09-12,13:00,ARI,TEN,54.0,True,first_td,00-0030564,DeAndre Hopkins,WR,ARI,pass,1,08:11,409,drive_game_clock_end,08:18
2021_01_LAC_WAS,2021,1,REG,2021-09-12,13:00,LAC,WAS,45.5,True,first_td,00-0033699,Austin Ekeler,RB,LAC,rush,1,09:14,346,drive_game_clock_end,09:18
2021_01_CLE_KC,2021,1,REG,2021-09-12,16:25,CLE,KC,54.5,False,first_td,00-0034791,Nick Chubb,RB,CLE,rush,1,07:53,427,drive_game_clock_end,07:58
2021_01_MIA_NE,2021,1,REG,2021-09-12,16:25,MIA,NE,43.5,False,first_td,00-0036212,Tua Tagovailoa,QB,MIA,rush,1,05:29,571,drive_game_clock_end,05:35
2021_01_GB_NO,2021,1,REG,2021-09-12,16:25,GB,NO,49.0,False,first_td,00-0033906,Alvin Kamara,RB,NO,pass,2,14:18,942,drive_game_clock_end,14:24
2021_01_DEN_NYG,2021,1,REG,2021-09-12,16:25,DEN,NYG,41.5,False,first_td,00-0032385,Sterling Shepard,WR,NYG,pass,2,08:56,1264,drive_game_clock_end,09:07
2021_01_CHI_LA,2021,1,REG,2021-09-12,20:20,CHI,LA,46.0,False,first_td,00-0036415,Van Jefferson,WR,LA,pass,1,10:36,264,drive_game_clock_end,10:48
2021_01_BAL_LV,2021,1,REG,2021-09-13,20:15,BAL,LV,50.5,False,first_td,00-0036457,Ty'Son Williams,RB,BAL,rush,1,01:47,793,drive_game_clock_end,01:54
2021_02_NYG_WAS,2021,2,REG,2021-09-16,20:20,NYG,WAS,42.0,False,first_td,00-0035710,Daniel Jones,QB,NYG,rush,1,07:35,445,drive_game_clock_end,07:39
2021_02_NO_CAR,2021,2,REG,2021-09-19,13:00,NO,CAR,45.0,True,first_td,00-0034052,Brandon Zylstra,WR,CAR,pass,1,12:00,180,drive_game_clock_end,12:07
2021_02_CIN_CHI,2021,2,REG,2021-09-19,13:00,CIN,CHI,44.5,True,first_td,00-0031428,Allen Robinson,WR,CHI,pass,1,09:58,302,drive_game_clock_end,10:01
2021_02_HOU_CLE,2021,2,REG,2021-09-19,13:00,HOU,CLE,48.5,True,first_td,00-0032956,Andy Janovich,FB,CLE,rush,1,09:56,304,drive_game_clock_end,10:00
2021_02_LA_IND,2021,2,REG,2021-09-19,13:00,LA,IND,48.0,True,first_td,00-0033908,Cooper Kupp,WR,LA,pass,1,03:18,702,drive_game_clock_end,03:23
2021_02_DEN_JAX,2021,2,REG,2021-09-19,13:00,DEN,JAX,45.0,True,first_td,00-0029293,Marvin Jones,WR,JAX,pass,1,09:21,339,drive_game_clock_end,09:27
2021_02_BUF_MIA,2021,2,REG,2021-09-19,13:00,BUF,MIA,48.0,True,first_td,00-0035250,Devin Singletary,RB,BUF,rush,1,12:33,147,drive_game_clock_end,12:41
2021_02_NE_NYJ,2021,2,REG,2021-09-19,13:00,NE,NYJ,43.0,True,first_td,00-0031062,James White,RB,NE,rush,1,00:57,843,drive_game_clock_end,01:02
2021_02_SF_PHI,2021,2,REG,2021-09-19,13:00,SF,PHI,49.0,True,first_td,00-0036259,Jauan Jennings,WR,SF,pass,2,00:12,1788,drive_game_clock_end,00:17
2021_02_LV_PIT,2021,2,REG,2021-09-19,13:00,LV,PIT,46.5,True,first_td,00-0033857,JuJu Smith-Schuster,WR,PIT,rush,2,06:25,1415,drive_game_clock_end,06:29
2021_02_MIN_ARI,2021,2,REG,2021-09-19,16:05,MIN,ARI,51.0,False,first_td,00-0036345,K.J. Osborn,WR,MIN,pass,1,14:16,44,drive_game_clock_end,14:27
2021_02_ATL_TB,2021,2,REG,2021-09-19,16:05,ATL,TB,52.0,False,first_td,00-0027656,Rob Gronkowski,TE,TB,pass,1,12:22,158,drive_game_clock_end,12:28
2021_02_DAL_LAC,2021,2,REG,2021-09-19,16:25,DAL,LAC,55.0,False,first_td,00-0035261,Tony Pollard,RB,DAL,rush,1,08:09,411,drive_game_clock_end,08:14
2021_02_TEN_SEA,2021,2,REG,2021-09-19,16:25,TEN,SEA,53.5,False,first_td,00-0032211,Tyler Lockett,WR,SEA,pass,2,06:34,1406,drive_game_clock_end,06:47
2021_02_KC_BAL,2021,2,REG,2021-09-19,20:20,KC,BAL,53.5,False,first_td,00-0030459,Tyrann Mathieu,FS,KC,return,1,14:10,50,drive_game_clock_end,14:19
2021_02_DET_GB,2021,2,REG,2021-09-20,20:15,DET,GB,49.5,False,first_td,00-0036277,Quintez Cephus,WR,DET,pass,1,10:36,264,drive_game_clock_end,10:42
2021_03_CAR_HOU,2021,3,REG,2021-09-23,20:20,CAR,HOU,43.0,False,first_td,00-0034869,Sam Darnold,QB,CAR,rush,1,06:36,504,drive_game_clock_end,06:41
2021_03_WAS_BUF,2021,3,REG,2021-09-26,13:00,WAS,BUF,45.5,True,first_td,00-0027685,Emmanuel Sanders,WR,BUF,pass,1,10:53,247,drive_game_clock_end,11:01
2021_03_CHI_CLE,2021,3,REG,2021-09-26,13:00,CHI,CLE,45.0,True,first_td,00-0032392,Austin Hooper,TE,CLE,pass,2,00:19,1781,drive_game_clock_end,00:23
2021_03_BAL_DET,2021,3,REG,2021-09-26,13:00,BAL,DET,51.0,True,first_td,00-0036331,Devin Duvernay,WR,BAL,pass,2,03:15,1605,drive_game_clock_end,03:21
2021_03_ARI_JAX,2021,3,REG,2021-09-26,13:00,ARI,JAX,51.5,True,first_td,00-0035228,Kyler Murray,QB,ARI,rush,1,06:42,498,drive_game_clock_end,06:48
2021_03_LAC_KC,2021,3,REG,2021-09-26,13:00,LAC,KC,55.0,True,first_td,00-0030279,Keenan Allen,WR,LAC,pass,2,13:57,963,drive_game_clock_end,14:01
2021_03_NO_NE,2021,3,REG,2021-09-26,13:00,NO,NE,44.0,True,first_td,00-0033906,Alvin Kamara,RB,NO,pass,1,07:35,445,drive_game_clock_end,07:40
2021_03_ATL_NYG,2021,3,REG,2021-09-26,13:00,ATL,NYG,48.0,True,first_td,00-0035208,Olamide Zaccheaus,WR,ATL,pass,2,01:33,1707,drive_game_clock_end,01:38
2021_03_CIN_PIT,2021,3,REG,2021-09-26,13:00,CIN,PIT,42.5,True,first_td,00-0033009,Tyler Boyd,WR,CIN,pass,1,02:54,726,drive_game_clock_end,03:03
2021_03_IND_TEN,2021,3,REG,2021-09-26,13:00,IND,TEN,47.0,True,first_td,00-0032355,Chester Rogers,WR,TEN,pass,1,06:34,506,drive_game_clock_end,06:38
2021_03_NYJ_DEN,2021,3,REG,2021-09-26,16:05,NYJ,DEN,42.0,False,first_td,00-0036997,Javonte Williams,RB,DEN,rush,1,03:27,693,drive_game_clock_end,03:32
2021_03_MIA_LV,2021,3,REG,2021-09-26,16:05,MIA,LV,45.0,False,first_td,00-0032442,Elandon Roberts,OLB,MIA,return,1,06:34,506,drive_game_clock_end,06:49
2021_03_TB_LA,2021,3,REG,2021-09-26,16:25,TB,LA,55.0,False,first_td,00-0033110,Tyler Higbee,TE,LA,pass,2,12:22,1058,drive_game_clock_end,12:28
2021_03_SEA_MIN,2021,3,REG,2021-09-26,16:25,SEA,MIN,53.5,False,first_td,00-0035640,DK Metcalf,WR,SEA,pass,1,10:26,274,drive_game_clock_end,10:32
2021_03_GB_SF,2021,3,REG,2021-09-26,20:20,GB,SF,50.5,False,first_td,00-0031381,Davante Adams,WR,GB,pass,1,03:19,701,drive_game_clock_end,03:23
2021_03_PHI_DAL,2021,3,REG,2021-09-27,20:15,PHI,DAL,51.5,False,first_td,00-0033045,Ezekiel Elliott,RB,DAL,rush,1,11:47,193,drive_game_clock_end,11:52
2021_04_JAX_CIN,2021,4,REG,2021-09-30,20:20,JAX,CIN,46.0,False,first_td,00-0035831,James Robinson,RB,JAX,rush,1,01:28,812,drive_game_clock_end,01:32
2021_04_WAS_ATL,2021,4,REG,2021-10-03,13:00,WAS,ATL,47.5,True,first_td,00-0030578,Cordarrelle Patterson,RB,ATL,pass,2,11:07,1133,drive_game_clock_end,11:16
2021_04_HOU_BUF,2021,4,REG,2021-10-03,13:00,HOU,BUF,47.5,True,first_td,00-0035689,Dawson Knox,TE,BUF,pass,1,01:59,781,drive_game_clock_end,02:06
2021_04_DET_CHI,2021,4,REG,2021-10-03,13:00,DET,CHI,42.0,True,first_td,00-0035685,David Montgomery,RB,CHI,rush,1,08:49,371,drive_game_clock_end,08:53
2021_04_CAR_DAL,2021,4,REG,2021-10-03,13:00,CAR,DAL,51.5,True,first_td,00-0033045,Ezekiel Elliott,RB,DAL,rush,1,07:27,453,drive_game_clock_end,07:31
2021_04_IND_MIA,2021,4,REG,2021-10-03,13:00,IND,MIA,41.5,True,first_td,00-0036223,Jonathan Taylor,RB,IND,rush,2,02:47,1633,drive_game_clock_end,02:54
2021_04_CLE_MIN,2021,4,REG,2021-10-03,13:00,CLE,MIN,52.0,True,first_td,00-0036322,Justin Jefferson,WR,MIN,pass,1,07:26,454,drive_game_clock_end,07:31
2021_04_NYG_NO,2021,4,REG,2021-10-03,13:00,NYG,NO,43.0,True,first_td,00-0033460,John Ross,WR,NYG,pass,2,08:51,1269,drive_game_clock_end,08:59
2021_04_TEN_NYJ,2021,4,REG,2021-10-03,13:00,TEN,NYJ,44.5,True,first_td,00-0036924,Michael Carter,RB,NYJ,rush,2,04:49,1511,drive_game_clock_end,04:57
2021_04_KC_PHI,2021,4,REG,2021-10-03,13:00,KC,PHI,53.5,True,first_td,00-0036360,Clyde Edwards-Helaire,RB,KC,pass,1,08:02,418,drive_game_clock_end,08:06
2021_04_ARI_LA,2021,4,REG,2021-10-03,16:05,ARI,LA,53.5,False,first_td,00-0027942,A.J. Green,WR,ARI,pass,1,05:50,550,drive_game_clock_end,05:58
2021_04_SEA_SF,2021,4,REG,2021-10-03,16:05,SEA,SF,52.0,False,first_td,00-0034073,Ross Dwelley,TE,SF,pass,1,09:35,325,drive_game_clock_end,09:40
2021_04_BAL_DEN,2021,4,REG,2021-10-03,16:25,BAL,DEN,44.0,False,first_td,00-0035644,Noah Fant,TE,DEN,pass,2,14:18,942,drive_game_clock_end,14:22
2021_04_PIT_GB,2021,4,REG,2021-10-03,16:25,PIT,GB,45.0,False,first_td,00-0035216,Diontae Johnson,WR,PIT,pass,1,10:04,296,drive_game_clock_end,10:11
2021_04_TB_NE,2021,4,REG,2021-10-03,20:20,TB,NE,49.5,False,first_td,00-0033090,Hunter Henry,TE,NE,pass,2,08:28,1292,drive_game_clock_end,08:35
2021_04_LV_LAC,2021,4,REG,2021-10-04,20:15,LV,LAC,52.0,False,first_td,00-0035329,Donald Parham,TE,LAC,pass,1,08:01,419,drive_game_clock_end,08:06
2021_05_LA_SEA,2021,5,REG,2021-10-07,20:20,LA,SEA,53.5,False,first_td,00-0035640,DK Metcalf,WR,SEA,pass,2,09:04,1256,drive_game_clock_end,09:10
2021_05_NYJ_ATL,2021,5,REG,2021-10-10,09:30,NYJ,ATL,45.5,False,first_td,00-0036970,Kyle Pitts,TE,ATL,pass,1,01:42,798,drive_game_clock_end,01:47
2021_05_PHI_CAR,2021,5,REG,2021-10-10,13:00,PHI,CAR,46.0,True,first_td,00-0037005,Tommy Tremble,TE,CAR,pass,1,03:09,711,drive_game_clock_end,03:12
2021_05_GB_CIN,2021,5,REG,2021-10-10,13:00,GB,CIN,50.0,True,first_td,00-0033526,Samaje Perine,RB,CIN,pass,1,01:15,825,drive_game_clock_end,01:19
2021_05_NE_HOU,2021,5,REG,2021-10-10,13:00,NE,HOU,39.5,True,first_td,00-0033421,Antony Auclair,TE,HOU,pass,1,04:54,606,drive_game_clock_end,04:58
2021_05_TEN_JAX,2021,5,REG,2021-10-10,13:00,TEN,JAX,49.0,True,first_td,00-0033132,Kevin Byard,FS,TEN,return,1,14:00,60,drive_game_clock_end,14:19
2021_05_DET_MIN,2021,5,REG,2021-10-10,13:00,DET,MIN,49.5,True,first_td,00-0034972,Alexander Mattison,RB,MIN,pass,2,02:20,1660,drive_game_clock_end,02:29
2021_05_DEN_PIT,2021,5,REG,2021-10-10,13:00,DEN,PIT,40.0,True,first_td,00-0035216,Diontae Johnson,WR,PIT,pass,1,12:02,178,drive_game_clock_end,12:09
2021_05_MIA_TB,2021,5,REG,2021-10-10,13:00,MIA,TB,48.0,True,first_td,00-0030456,Giovani Bernard,RB,TB,pass,1,07:04,476,drive_game_clock_end,07:09
2021_05_NO_WAS,2021,5,REG,2021-10-10,13:00,NO,WAS,43.5,True,first_td,00-0035215,Deonte Harty,WR,NO,pass,1,11:13,227,drive_game_clock_end,11:23
2021_05_CLE_LAC,2021,5,REG,2021-10-10,16:05,CLE,LAC,46.5,False,first_td,00-0035329,Donald Parham,TE,LAC,pass,1,02:44,736,drive_game_clock_end,02:52
2021_05_CHI_LV,2021,5,REG,2021-10-10,16:05,CHI,LV,46.0,False,first_td,00-0035562,Jesper Horsted,TE,CHI,pass,2,13:11,1009,drive_game_clock_end,13:16
2021_05_SF_ARI,2021,5,REG,2021-10-10,16:25,SF,ARI,48.5,False,first_td,00-0033553,James Conner,RB,ARI,rush,1,09:02,358,drive_game_clock_end,09:06
2021_05_NYG_DAL,2021,5,REG,2021-10-10,16:25,NYG,DAL,53.0,False,first_td,00-0036358,CeeDee Lamb,WR,DAL,pass,2,11:59,1081,drive_game_clock_end,12:06
2021_05_BUF_KC,2021,5,REG,2021-10-10,20:20,BUF,KC,57.0,False,first_td,00-0034857,Josh Allen,QB,BUF,rush,1,04:36,624,drive_game_clock_end,04:41
2021_05_IND_BAL,2021,5,REG,2021-10-11,20:15,IND,BAL,46.5,False,first_td,00-0036223,Jonathan Taylor,RB,IND,pass,1,12:59,121,drive_game_clock_end,13:11
2021_06_TB_PHI,2021,6,REG,2021-10-14,20:20,TB,PHI,53.0,False,first_td,00-0033879,O.J. Howard,TE,TB,pass,1,09:26,334,drive_game_clock_end,09:32
2021_06_MIA_JAX,2021,6,REG,2021-10-17,09:30,MIA,JAX,47.5,False,first_td,00-0036613,Jaylen Waddle,WR,MIA,pass,1,07:45,435,drive_game_clock_end,07:48
2021_06_LAC_BAL,2021,6,REG,2021-10-17,13:00,LAC,BAL,50.5,True,first_td,00-0030513,Latavius Murray,RB,BAL,rush,1,05:12,588,drive_game_clock_end,05:17
2021_06_MIN_CAR,2021,6,REG,2021-10-17,13:00,MIN,CAR,45.5,True,first_td,00-0036555,Chuba Hubbard,RB,CAR,rush,1,08:27,393,drive_game_clock_end,08:31
2021_06_GB_CHI,2021,6,REG,2021-10-17,13:00,GB,CHI,44.0,True,first_td,00-0036906,Khalil Herbert,RB,CHI,rush,1,06:45,495,drive_game_clock_end,06:48
2021_06_CIN_DET,2021,6,REG,2021-10-17,13:00,CIN,DET,46.5,True,first_td,00-0036857,Chris Evans,RB,CIN,pass,1,08:26,394,drive_game_clock_end,08:31
2021_06_HOU_IND,2021,6,REG,2021-10-17,13:00,HOU,IND,43.5,True,first_td,00-0035639,Parris Campbell,WR,IND,pass,1,01:52,788,drive_game_clock_end,01:59
2021_06_LA_NYG,2021,6,REG,2021-10-17,13:00,LA,NYG,49.5,True,first_td,00-0030431,Robert Woods,WR,LA,pass,2,10:28,1172,drive_game_clock_end,10:34
2021_06_KC_WAS,2021,6,REG,2021-10-17,13:00,KC,WAS,54.0,True,first_td,00-0034301,Darrel Williams,RB,KC,rush,1,09:09,351,drive_game_clock_end,09:13
2021_06_ARI_CLE,2021,6,REG,2021-10-17,16:05,ARI,CLE,48.0,False,first_td,00-0034775,Christian Kirk,WR,ARI,pass,1,08:34,386,drive_game_clock_end,08:40
2021_06_LV_DEN,2021,6,REG,2021-10-17,16:25,LV,DEN,45.5,False,first_td,00-0036357,Henry Ruggs III,WR,LV,pass,1,11:54,186,drive_game_clock_end,12:03
2021_06_DAL_NE,2021,6,REG,2021-10-17,16:25,DAL,NE,50.5,False,first_td,00-0035657,Damien Harris,RB,NE,rush,1,10:20,280,drive_game_clock_end,10:27
2021_06_SEA_PIT,2021,6,REG,2021-10-17,20:20,SEA,PIT,43.0,False,first_td,00-0036893,Najee Harris,RB,PIT,pass,2,10:01,1199,drive_game_clock_end,10:04
2021_06_BUF_TEN,2021,6,REG,2021-10-18,20:15,BUF,TEN,53.5,False,first_td,00-0032764,Derrick Henry,RB,TEN,rush,2,11:20,1120,drive_game_clock_end,11:31
2021_07_DEN_CLE,2021,7,REG,2021-10-21,20:20,DEN,CLE,40.5,False,first_td,00-0035628,D'Ernest Johnson,RB,CLE,rush,1,12:20,160,drive_game_clock_end,12:29
2021_07_CIN_BAL,2021,7,REG,2021-10-24,13:00,CIN,BAL,45.5,True,first_td,00-0032134,C.J. Uzomah,TE,CIN,pass,2,06:29,1411,drive_game_clock_end,06:40
2021_07_WAS_GB,2021,7,REG,2021-10-24,13:00,WAS,GB,48.0,True,first_td,00-0031381,Davante Adams,WR,GB,pass,1,07:11,469,drive_game_clock_end,07:20
2021_07_ATL_MIA,2021,7,REG,2021-10-24,13:00,ATL,MIA,48.5,True,first_td,00-0033471,Isaiah Ford,WR,MIA,pass,1,07:53,427,drive_game_clock_end,07:58
2021_07_NYJ_NE,2021,7,REG,2021-10-24,13:00,NYJ,NE,43.0,True,first_td,00-0031549,Nelson Agholor,WR,NE,pass,1,12:43,137,drive_game_clock_end,12:49
2021_07_CAR_NYG,2021,7,REG,2021-10-24,13:00,CAR,NYG,42.5,True,first_td,00-0034860,Dante Pettis,WR,NYG,pass,3,00:59,2641,drive_game_clock_end,01:05
2021_07_KC_TEN,2021,7,REG,2021-10-24,13:00,KC,TEN,57.5,True,first_td,00-0031585,MyCole Pruitt,TE,TEN,pass,1,10:50,250,drive_game_clock_end,10:55
2021_07_DET_LA,2021,7,REG,2021-10-24,16:05,DET,LA,51.0,False,first_td,00-0036275,D'Andre Swift,RB,DET,pass,1,12:07,173,drive_game_clock_end,12:21
2021_07_PHI_LV,2021,7,REG,2021-10-24,16:05,PHI,LV,48.0,False,first_td,00-0036919,Kenny Gainwell,RB,PHI,pass,1,11:01,239,drive_game_clock_end,11:08
2021_07_HOU_ARI,2021,7,REG,2021-10-24,16:25,HOU,ARI,47.0,False,first_td,00-0030564,DeAndre Hopkins,WR,ARI,pass,2,09:01,1259,drive_game_clock_end,09:05
2021_07_CHI_TB,2021,7,REG,2021-10-24,16:25,CHI,TB,47.0,False,first_td,00-0033856,Leonard Fournette,RB,TB,rush,1,11:58,182,drive_game_clock_end,12:03
2021_07_IND_SF,2021,7,REG,2021-10-24,20:20,IND,SF,41.5,False,first_td,00-0036567,Elijah Mitchell,RB,SF,rush,1,10:12,288,drive_game_clock_end,10:18
2021_07_NO_SEA,2021,7,REG,2021-10-25,20:15,NO,SEA,42.0,False,first_td,00-0035640,DK Metcalf,WR,SEA,pass,1,10:08,292,drive_game_clock_end,10:22
2021_08_GB_ARI,2021,8,REG,2021-10-28,20:20,GB,ARI,51.0,False,first_td,00-0034681,Chase Edmonds,RB,ARI,rush,1,06:17,523,drive_game_clock_end,06:21
2021_08_CAR_ATL,2021,8,REG,2021-10-31,13:00,CAR,ATL,47.0,True,first_td,00-0030578,Cordarrelle Patterson,RB,ATL,pass,2,13:58,962,drive_game_clock_end,14:06
2021_08_MIA_BUF,2021,8,REG,2021-10-31,13:00,MIA,BUF,48.5,True,first_td,00-0036196,Gabe Davis,WR,BUF,pass,3,03:49,2471,drive_game_clock_end,03:56
2021_08_SF_CHI,2021,8,REG,2021-10-31,13:00,SF,CHI,40.0,True,first_td,00-0032135,Jesse James,TE,CHI,pass,2,12:03,1077,drive_game_clock_end,12:09
2021_08_PIT_CLE,2021,8,REG,2021-10-31,13:00,PIT,CLE,43.0,True,first_td,00-0035628,D'Ernest Johnson,RB,CLE,rush,3,09:36,2124,drive_game_clock_end,09:41
2021_08_PHI_DET,2021,8,REG,2021-10-31,13:00,PHI,DET,48.5,True,first_td,00-0034414,Boston Scott,RB,PHI,rush,1,03:11,709,drive_game_clock_end,03:14
2021_08_LA_HOU,2021,8,REG,2021-10-31,13:00,LA,HOU,47.0,True,first_td,00-0035664,Darrell Henderson,RB,LA,pass,1,09:32,328,drive_game_clock_end,09:36
2021_08_TEN_IND,2021,8,REG,2021-10-31,13:00,TEN,IND,51.0,True,first_td,00-0036252,Michael Pittman,WR,IND,pass,1,08:41,379,drive_game_clock_end,08:45
2021_08_CIN_NYJ,2021,8,REG,2021-10-31,13:00,CIN,NYJ,43.5,True,first_td,00-0036924,Michael Carter,RB,NYJ,rush,1,08:38,382,drive_game_clock_end,08:44
2021_08_NE_LAC,2021,8,REG,2021-10-31,16:05,NE,LAC,50.5,False,first_td,00-0033699,Austin Ekeler,RB,LAC,rush,1,10:54,246,drive_game_clock_end,11:03
2021_08_JAX_SEA,2021,8,REG,2021-10-31,16:05,JAX,SEA,44.0,False,first_td,00-0030565,Geno Smith,QB,SEA,rush,1,04:19,641,drive_game_clock_end,04:22
2021_08_WAS_DEN,2021,8,REG,2021-10-31,16:25,WAS,DEN,45.0,False,first_td,00-0032144,Melvin Gordon,RB,DEN,pass,2,01:11,1729,drive_game_clock_end,01:18
2021_08_TB_NO,2021,8,REG,2021-10-31,16:25,TB,NO,48.5,False,first_td,00-0033921,Chris Godwin Jr.,WR,TB,pass,1,08:28,392,drive_game_clock_end,08:35
2021_08_DAL_MIN,2021,8,REG,2021-10-31,20:20,DAL,MIN,49.5,False,first_td,00-0030035,Adam Thielen,WR,MIN,pass,1,11:49,191,drive_game_clock_end,11:55
2021_08_NYG_KC,2021,8,REG,2021-11-01,20:15,NYG,KC,53.0,False,first_td,00-0033040,Tyreek Hill,WR,KC,pass,1,06:12,528,drive_game_clock_end,06:19
2021_09_NYJ_IND,2021,9,REG,2021-11-04,20:20,NYJ,IND,46.0,False,first_td,00-0034367,Nyheim Hines,RB,IND,rush,1,06:55,485,drive_game_clock_end,07:04
2021_09_MIN_BAL,2021,9,REG,2021-11-07,13:00,MIN,BAL,51.0,True,first_td,00-0036322,Justin Jefferson,WR,MIN,pass,1,08:32,388,drive_game_clock_end,08:39
2021_09_NE_CAR,2021,9,REG,2021-11-07,13:00,NE,CAR,41.5,True,first_td,00-0035657,Damien Harris,RB,NE,rush,2,08:19,1301,drive_game_clock_end,08:24
2021_09_CLE_CIN,2021,9,REG,2021-11-07,13:00,CLE,CIN,47.5,True,first_td,00-0034856,Denzel Ward,CB,CLE,return,1,08:43,377,drive_game_clock_end,08:58
2021_09_DEN_DAL,2021,9,REG,2021-11-07,13:00,DEN,DAL,50.0,True,first_td,00-0032144,Melvin Gordon,RB,DEN,rush,1,01:48,792,drive_game_clock_end,01:52
2021_09_BUF_JAX,2021,9,REG,2021-11-07,13:00,BUF,JAX,48.0,True,no_td,,,,,,,,,,
2021_09_HOU_MIA,2021,9,REG,2021-11-07,13:00,HOU,MIA,45.0,True,first_td,00-0035311,Myles Gaskin,RB,MIA,rush,1,04:37,623,drive_game_clock_end,04:41
2021_09_ATL_NO,2021,9,REG,2021-11-07,13:00,ATL,NO,43.0,True,first_td,00-0035208,Olamide Zaccheaus,WR,ATL,pass,2,00:06,1794,drive_game_clock_end,00:09
2021_09_LV_NYG,2021,9,REG,2021-11-07,13:00,LV,NYG,47.0,True,first_td,00-0033881,Evan Engram,TE,NYG,pass,1,10:46,254,drive_game_clock_end,10:53
2021_09_LAC_PHI,2021,9,REG,2021-11-07,16:05,LAC,PHI,49.5,False,first_td,00-0032725,Stephen Anderson,TE,LAC,pass,1,00:50,850,drive_game_clock_end,00:54
2021_09_GB_KC,2021,9,REG,2021-11-07,16:25,GB,KC,48.0,False,first_td,00-0030506,Travis Kelce,TE,KC,pass,1,05:56,544,drive_game_clock_end,06:00
2021_09_ARI_SF,2021,9,REG,2021-11-07,16:25,ARI,SF,44.5,False,first_td,00-0033553,James Conner,RB,ARI,rush,1,06:08,532,drive_game_clock_end,06:13
2021_09_TEN_LA,2021,9,REG,2021-11-07,20:20,TEN,LA,53.5,False,first_td,00-0032141,Geoff Swaim,TE,TEN,pass,2,12:21,1059,drive_game_clock_end,12:25
2021_09_CHI_PIT,2021,9,REG,2021-11-08,20:15,CHI,PIT,40.0,False,first_td,00-0036893,Najee Harris,RB,PIT,rush,1,09:42,318,drive_game_clock_end,09:46
2021_10_BAL_MIA,2021,10,REG,2021-11-11,20:20,BAL,MIA,46.5,False,first_td,00-0033050,Xavien Howard,CB,MIA,return,4,11:23,2917,drive_game_clock_end,11:40
2021_10_ATL_DAL,2021,10,REG,2021-11-14,13:00,ATL,DAL,55.0,True,first_td,00-0036358,CeeDee Lamb,WR,DAL,pass,1,11:42,198,drive_game_clock_end,11:48
2021_10_JAX_IND,2021,10,REG,2021-11-14,13:00,JAX,IND,47.5,True,first_td,00-0034987,E.J. Speed,LB,IND,other,1,08:23,397,drive_game_clock_end,08:32
2021_10_CLE_NE,2021,10,REG,2021-11-14,13:00,CLE,NE,45.5,True,first_td,00-0032392,Austin Hooper,TE,CLE,pass,1,10:05,295,drive_game_clock_end,10:09
2021_10_BUF_NYJ,2021,10,REG,2021-11-14,13:00,BUF,NYJ,47.0,True,first_td,00-0033308,Matt Breida,RB,BUF,pass,1,12:15,165,drive_game_clock_end,12:22
2021_10_DET_PIT,2021,10,REG,2021-11-14,13:00,DET,PIT,43.0,True,first_td,00-0034676,James Washington,WR,PIT,pass,1,09:40,320,drive_game_clock_end,09:45
2021_10_NO_TEN,2021,10,REG,2021-11-14,13:00,NO,TEN,44.0,True,first_td,00-0034765,Tre'Quan Smith,WR,NO,pass,2,12:59,1021,drive_game_clock_end,13:04
2021_10_TB_WAS,2021,10,REG,2021-11-14,13:00,TB,WAS,51.0,True,first_td,00-0031763,DeAndre Carter,WR,WAS,pass,2,12:21,1059,drive_game_clock_end,12:27
2021_10_CAR_ARI,2021,10,REG,2021-11-14,16:05,CAR,ARI,42.0,False,first_td,00-0027939,Cam Newton,QB,CAR,rush,1,11:12,228,drive_game_clock_end,11:18
2021_10_MIN_LAC,2021,10,REG,2021-11-14,16:05,MIN,LAC,53.5,False,first_td,00-0034270,Tyler Conklin,TE,MIN,pass,2,03:26,1594,drive_game_clock_end,03:30
2021_10_PHI_DEN,2021,10,REG,2021-11-14,16:25,PHI,DEN,44.5,False,first_td,00-0036912,DeVonta Smith,WR,PHI,pass,1,03:16,704,drive_game_clock_end,03:24
2021_10_SEA_GB,2021,10,REG,2021-11-14,16:25,SEA,GB,49.5,False,first_td,00-0036265,AJ Dillon,RB,GB,rush,4,10:37,2963,drive_game_clock_end,10:42
2021_10_KC_LV,2021,10,REG,2021-11-14,20:20,KC,LV,53.5,False,first_td,00-0033040,Tyreek Hill,WR,KC,pass,1,02:51,729,drive_game_clock_end,02:56
2021_10_LA_SF,2021,10,REG,2021-11-15,20:15,LA,SF,50.0,False,first_td,00-0033288,George Kittle,TE,SF,pass,1,01:54,786,drive_game_clock_end,01:59
2021_11_NE_ATL,2021,11,REG,2021-11-18,20:20,NE,ATL,47.5,False,first_td,00-0031549,Nelson Agholor,WR,NE,pass,2,13:44,976,drive_game_clock_end,13:51
2021_11_IND_BUF,2021,11,REG,2021-11-21,13:00,IND,BUF,49.5,True,first_td,00-0036223,Jonathan Taylor,RB,IND,rush,1,08:55,365,drive_game_clock_end,08:59
2021_11_WAS_CAR,2021,11,REG,2021-11-21,13:00,WAS,CAR,43.0,True,first_td,00-0034827,DJ Moore,WR,CAR,pass,1,09:32,328,drive_game_clock_end,09:37
2021_11_BAL_CHI,2021,11,REG,2021-11-21,13:00,BAL,CHI,43.0,True,first_td,00-0036309,Darnell Mooney,WR,CHI,pass,3,08:02,2218,drive_game_clock_end,08:12
2021_11_DET_CLE,2021,11,REG,2021-11-21,13:00,DET,CLE,42.5,True,first_td,00-0031382,Jarvis Landry,WR,CLE,rush,2,14:52,908,drive_game_clock_end,15:00
2021_11_SF_JAX,2021,11,REG,2021-11-21,13:00,SF,JAX,45.0,True,first_td,00-0035719,Deebo Samuel Sr.,WR,SF,rush,2,11:24,1116,drive_game_clock_end,11:33
2021_11_GB_MIN,2021,11,REG,2021-11-21,13:00,GB,MIN,48.0,True,first_td,00-0033893,Dalvin Cook,RB,MIN,rush,1,01:48,792,drive_game_clock_end,01:51
2021_11_MIA_NYJ,2021,11,REG,2021-11-21,13:00,MIA,NYJ,44.5,True,first_td,00-0036613,Jaylen Waddle,WR,MIA,rush,1,09:04,356,drive_game_clock_end,09:09
2021_11_NO_PHI,2021,11,REG,2021-11-21,13:00,NO,PHI,42.5,True,first_td,00-0036389,Jalen Hurts,QB,PHI,rush,1,07:17,463,drive_game_clock_end,07:21
2021_11_HOU_TEN,2021,11,REG,2021-11-21,13:00,HOU,TEN,44.5,True,first_td,00-0028118,Tyrod Taylor,QB,HOU,rush,2,07:43,1337,drive_game_clock_end,07:50
2021_11_CIN_LV,2021,11,REG,2021-11-21,16:05,CIN,LV,50.5,False,first_td,00-0033897,Joe Mixon,RB,CIN,rush,2,04:15,1545,drive_game_clock_end,04:24
2021_11_DAL_KC,2021,11,REG,2021-11-21,16:25,DAL,KC,56.0,False,first_td,00-0030506,Travis Kelce,TE,KC,rush,1,10:01,299,drive_game_clock_end,10:07
2021_11_ARI_SEA,2021,11,REG,2021-11-21,16:25,ARI,SEA,46.0,False,first_td,00-0030061,Zach Ertz,TE,ARI,pass,1,02:47,733,drive_game_clock_end,02:51
2021_11_PIT_LAC,2021,11,REG,2021-11-21,20:20,PIT,LAC,47.5,False,first_td,00-0033699,Austin Ekeler,RB,LAC,rush,1,02:09,771,drive_game_clock_end,02:13
2021_11_NYG_TB,2021,11,REG,2021-11-22,20:15,NYG,TB,49.5,False,first_td,00-0033921,Chris Godwin Jr.,WR,TB,pass,1,11:03,237,drive_game_clock_end,11:09
2021_12_CHI_DET,2021,12,REG,2021-11-25,12:30,CHI,DET,41.5,False,first_td,00-0033943,Josh Reynolds,WR,DET,pass,1,09:26,334,drive_game_clock_end,09:33
2021_12_LV_DAL,2021,12,REG,2021-11-25,16:30,LV,DAL,51.0,False,first_td,00-0026189,DeSean Jackson,WR,LV,pass,1,11:45,195,drive_game_clock_end,11:55
2021_12_BUF_NO,2021,12,REG,2021-11-25,20:20,BUF,NO,45.0,False,first_td,00-0035689,Dawson Knox,TE,BUF,pass,1,07:09,471,drive_game_clock_end,07:15
2021_12_PIT_CIN,2021,12,REG,2021-11-28,13:00,PIT,CIN,43.5,True,first_td,00-0036442,Joe Burrow,QB,CIN,rush,1,09:29,331,drive_game_clock_end,09:38
2021_12_NYJ_HOU,2021,12,REG,2021-11-28,13:00,NYJ,HOU,44.5,True,first_td,00-0036556,Brevin Jordan,TE,HOU,pass,2,14:18,942,drive_game_clock_end,14:23
2021_12_TB_IND,2021,12,REG,2021-11-28,13:00,TB,IND,53.0,True,first_td,00-0033856,Leonard Fournette,RB,TB,rush,2,13:22,998,drive_game_clock_end,13:25
2021_12_ATL_JAX,2021,12,REG,2021-11-28,13:00,ATL,JAX,46.0,True,first_td,00-0030578,Cordarrelle Patterson,RB,ATL,rush,1,00:38,862,drive_game_clock_end,00:46
2021_12_CAR_MIA,2021,12,REG,2021-11-28,13:00,CAR,MIA,41.0,True,first_td,00-0031796,Justin Coleman,CB,MIA,other,1,09:11,349,drive_game_clock_end,09:18
2021_12_TEN_NE,2021,12,REG,2021-11-28,13:00,TEN,NE,43.0,True,first_td,00-0033307,Kendrick Bourne,WR,NE,pass,1,07:37,443,drive_game_clock_end,07:42
2021_12_PHI_NYG,2021,12,REG,2021-11-28,13:00,PHI,NYG,45.5,True,first_td,00-0035345,Chris Myarick,TE,NYG,pass,3,06:50,2290,drive_game_clock_end,06:55
2021_12_LAC_DEN,2021,12,REG,2021-11-28,16:05,LAC,DEN,47.5,False,first_td,00-0031237,Teddy Bridgewater,QB,DEN,rush,1,04:31,629,drive_game_clock_end,04:39
2021_12_LA_GB,2021,12,REG,2021-11-28,16:25,LA,GB,47.0,False,first_td,00-0023459,Aaron Rodgers,QB,GB,rush,1,02:11,769,drive_game_clock_end,02:16
2021_12_MIN_SF,2021,12,REG,2021-11-28,16:25,MIN,SF,49.0,False,first_td,00-0030035,Adam Thielen,WR,MIN,pass,1,08:27,393,drive_game_clock_end,08:32
2021_12_CLE_BAL,2021,12,REG,2021-11-28,20:20,CLE,BAL,47.0,False,first_td,00-0034753,Mark Andrews,TE,BAL,pass,3,09:48,2112,drive_game_clock_end,09:56
2021_12_SEA_WAS,2021,12,REG,2021-11-29,20:15,SEA,WAS,47.0,False,first_td,00-0033895,Gerald Everett,TE,SEA,pass,1,00:20,880,drive_game_clock_end,00:25
2021_13_DAL_NO,2021,13,REG,2021-12-02,20:20,DAL,NO,46.0,False,first_td,00-0034764,Michael Gallup,WR,DAL,pass,1,00:59,841,drive_game_clock_end,01:05
2021_13_TB_ATL,2021,13,REG,2021-12-05,13:00,TB,ATL,51.0,True,first_td,00-0033856,Leonard Fournette,RB,TB,pass,1,09:53,307,drive_game_clock_end,10:00
2021_13_ARI_CHI,2021,13,REG,2021-12-05,13:00,ARI,CHI,43.5,True,first_td,00-0030564,DeAndre Hopkins,WR,ARI,pass,1,10:55,245,drive_game_clock_end,11:02
2021_13_LAC_CIN,2021,13,REG,2021-12-05,13:00,LAC,CIN,49.5,True,first_td,00-0030279,Keenan Allen,WR,LAC,pass,1,11:31,209,drive_game_clock_end,11:36
2021_13_MIN_DET,2021,13,REG,2021-12-05,13:00,MIN,DET,47.5,True,first_td,00-0035229,T.J. Hockenson,TE,DET,pass,2,13:50,970,drive_game_clock_end,13:54
2021_13_IND_HOU,2021,13,REG,2021-12-05,13:00,IND,HOU,45.5,True,first_td,00-0036223,Jonathan Taylor,RB,IND,rush,1,11:26,214,drive_game_clock_end,11:29
2021_13_NYG_MIA,2021,13,REG,2021-12-05,13:00,NYG,MIA,40.0,True,first_td,00-0033555,Mack Hollins,WR,MIA,pass,2,00:26,1774,drive_game_clock_end,00:31
2021_13_PHI_NYJ,2021,13,REG,2021-12-05,13:00,PHI,NYJ,44.0,True,first_td,00-0036980,Elijah Moore,WR,NYJ,pass,1,12:42,138,drive_game_clock_end,12:46
2021_13_JAX_LA,2021,13,REG,2021-12-05,16:05,JAX,LA,48.0,False,first_td,00-0034845,Sony Michel,RB,LA,rush,1,10:25,275,drive_game_clock_end,10:31
2021_13_WAS_LV,2021,13,REG,2021-12-05,16:05,WAS,LV,47.5,False,first_td,00-0031260,Logan Thomas,TE,WAS,pass,1,09:39,321,drive_game_clock_end,09:44
2021_13_BAL_PIT,2021,13,REG,2021-12-05,16:25,BAL,PIT,44.0,False,first_td,00-0031285,Devonta Freeman,RB,BAL,rush,2,08:37,1283,drive_game_clock_end,08:40
2021_13_SF_SEA,2021,13,REG,2021-12-05,16:25,SF,SEA,44.5,False,first_td,00-0035594,Travis Homer,RB,SEA,rush,1,13:11,109,drive_game_clock_end,13:22
2021_13_DEN_KC,2021,13,REG,2021-12-05,20:20,DEN,KC,46.5,False,first_td,00-0033873,Patrick Mahomes,QB,KC,rush,1,06:56,484,drive_game_clock_end,07:05
2021_13_NE_BUF,2021,13,REG,2021-12-06,20:15,NE,BUF,40.0,False,first_td,00-0035657,Damien Harris,RB,NE,rush,1,05:18,582,drive_game_clock_end,05:28
2021_14_PIT_MIN,2021,14,REG,2021-12-09,20:20,PIT,MIN,45.0,False,first_td,00-0036322,Justin Jefferson,WR,MIN,pass,1,03:31,689,drive_game_clock_end,03:37
2021_14_ATL_CAR,2021,14,REG,2021-12-12,13:00,ATL,CAR,41.0,True,first_td,00-0027939,Cam Newton,QB,CAR,rush,1,08:19,401,drive_game_clock_end,08:26
2021_14_BAL_CLE,2021,14,REG,2021-12-12,13:00,BAL,CLE,44.0,True,first_td,00-0031382,Jarvis Landry,WR,CLE,pass,1,00:38,862,drive_game_clock_end,00:44
2021_14_SEA_HOU,2021,14,REG,2021-12-12,13:00,SEA,HOU,40.5,True,first_td,00-0036556,Brevin Jordan,TE,HOU,pass,1,11:02,238,drive_game_clock_end,11:09
2021_14_LV_KC,2021,14,REG,2021-12-12,13:00,LV,KC,48.0,True,first_td,00-0034843,Mike Hughes,CB,KC,return,1,14:43,17,drive_game_clock_end,14:52
2021_14_NO_NYJ,2021,14,REG,2021-12-12,13:00,NO,NYJ,42.0,True,first_td,00-0033906,Alvin Kamara,RB,NO,rush,2,03:42,1578,drive_game_clock_end,03:49
2021_14_JAX_TEN,2021,14,REG,2021-12-12,13:00,JAX,TEN,44.5,True,first_td,00-0033925,D'Onta Foreman,RB,TEN,rush,1,10:03,297,drive_game_clock_end,10:07
2021_14_DAL_WAS,2021,14,REG,2021-12-12,13:00,DAL,WAS,48.0,True,first_td,00-0031544,Amari Cooper,WR,DAL,pass,1,03:42,678,drive_game_clock_end,03:45
2021_14_DET_DEN,2021,14,REG,2021-12-12,16:05,DET,DEN,42.0,False,first_td,00-0036997,Javonte Williams,RB,DEN,rush,1,09:46,314,drive_game_clock_end,09:51
2021_14_NYG_LAC,2021,14,REG,2021-12-12,16:05,NYG,LAC,44.0,False,first_td,00-0033699,Austin Ekeler,RB,LAC,rush,1,04:44,616,drive_game_clock_end,04:48
2021_14_SF_CIN,2021,14,REG,2021-12-12,16:25,SF,CIN,49.0,False,first_td,00-0035719,Deebo Samuel Sr.,WR,SF,rush,2,12:05,1075,drive_game_clock_end,12:12
2021_14_BUF_TB,2021,14,REG,2021-12-12,16:25,BUF,TB,52.5,False,first_td,00-0033856,Leonard Fournette,RB,TB,rush,1,08:13,407,drive_game_clock_end,08:22
2021_14_CHI_GB,2021,14,REG,2021-12-12,20:20,CHI,GB,43.0,False,first_td,00-0032791,Jakeem Grant,WR,CHI,pass,2,11:09,1131,drive_game_clock_end,11:17
2021_14_LA_ARI,2021,14,REG,2021-12-13,20:15,LA,ARI,51.0,False,first_td,00-0031235,Odell Beckham Jr.,WR,LA,pass,2,12:53,1027,drive_game_clock_end,12:56
2021_15_KC_LAC,2021,15,REG,2021-12-16,20:20,KC,LAC,54.0,False,first_td,00-0031595,Michael Burton,FB,KC,rush,1,07:34,446,drive_game_clock_end,07:38
2021_15_NE_IND,2021,15,REG,2021-12-18,20:20,NE,IND,46.0,False,first_td,00-0034367,Nyheim Hines,RB,IND,pass,1,03:53,667,drive_game_clock_end,04:00
2021_15_CAR_BUF,2021,15,REG,2021-12-19,13:00,CAR,BUF,43.0,True,first_td,00-0035250,Devin Singletary,RB,BUF,rush,2,14:13,947,drive_game_clock_end,14:20
2021_15_ARI_DET,2021,15,REG,2021-12-19,13:00,ARI,DET,48.0,True,first_td,00-0036963,Amon-Ra St. Brown,WR,DET,pass,2,14:53,907,drive_game_clock_end,15:00
2021_15_HOU_JAX,2021,15,REG,2021-12-19,13:00,HOU,JAX,40.0,True,first_td,00-0031236,Brandin Cooks,WR,HOU,pass,1,06:39,501,drive_game_clock_end,06:46
2021_15_NYJ_MIA,2021,15,REG,2021-12-19,13:00,NYJ,MIA,42.0,True,first_td,00-0034419,Braxton Berrios,WR,NYJ,rush,1,07:02,478,drive_game_clock_end,07:08
2021_15_DAL_NYG,2021,15,REG,2021-12-19,13:00,DAL,NYG,43.0,True,first_td,00-0033045,Ezekiel Elliott,RB,DAL,rush,1,06:31,509,drive_game_clock_end,06:37
2021_15_TEN_PIT,2021,15,REG,2021-12-19,13:00,TEN,PIT,44.0,True,first_td,00-0029701,Ryan Tannehill,QB,TEN,rush,1,07:41,439,drive_game_clock_end,07:44
2021_15_CIN_DEN,2021,15,REG,2021-12-19,16:05,CIN,DEN,45.0,False,first_td,00-0033375,Tim Patrick,WR,DEN,pass,3,01:15,2625,drive_game_clock_end,01:21
2021_15_ATL_SF,2021,15,REG,2021-12-19,16:05,ATL,SF,48.0,False,first_td,00-0029892,Kyle Juszczyk,FB,SF,rush,2,09:14,1246,drive_game_clock_end,09:19
2021_15_GB_BAL,2021,15,REG,2021-12-19,16:25,GB,BAL,45.5,False,first_td,00-0034753,Mark Andrews,TE,BAL,pass,1,02:33,747,drive_game_clock_end,02:39
2021_15_NO_TB,2021,15,REG,2021-12-19,20:20,NO,TB,45.5,False,no_td,,,,,,,,,,
2021_15_LV_CLE,2021,15,REG,2021-12-20,17:00,LV,CLE,41.0,False,first_td,00-0036365,Bryan Edwards,WR,LV,pass,1,03:41,679,drive_game_clock_end,03:44
2021_15_MIN_CHI,2021,15,REG,2021-12-20,20:15,MIN,CHI,48.0,False,first_td,00-0036322,Justin Jefferson,WR,MIN,pass,1,05:03,597,drive_game_clock_end,05:09
2021_15_SEA_LA,2021,15,REG,2021-12-21,19:00,SEA,LA,47.0,False,first_td,00-0036425,DeeJay Dallas,RB,SEA,rush,3,09:23,2137,drive_game_clock_end,09:27
2021_15_WAS_PHI,2021,15,REG,2021-12-21,19:00,WAS,PHI,39.5,False,first_td,00-0036328,Antonio Gibson,RB,WAS,rush,1,08:15,405,drive_game_clock_end,08:20
2021_16_SF_TEN,2021,16,REG,2021-12-23,20:20,SF,TEN,45.5,False,first_td,00-0034115,Jeff Wilson,RB,SF,rush,1,09:57,303,drive_game_clock_end,10:01
2021_16_CLE_GB,2021,16,REG,2021-12-25,16:30,CLE,GB,46.5,False,first_td,00-0034791,Nick Chubb,RB,CLE,rush,1,12:21,159,drive_game_clock_end,12:27
2021_16_IND_ARI,2021,16,REG,2021-12-25,20:15,IND,ARI,48.0,False,first_td,00-0029608,T.Y. Hilton,WR,IND,pass,1,06:11,529,drive_game_clock_end,06:16
2021_16_DET_ATL,2021,16,REG,2021-12-26,13:00,DET,ATL,42.5,True,first_td,00-0030578,Cordarrelle Patterson,RB,ATL,rush,2,10:53,1147,drive_game_clock_end,11:00
2021_16_TB_CAR,2021,16,REG,2021-12-26,13:00,TB,CAR,44.5,True,first_td,00-0036450,Ke'Shawn Vaughn,RB,TB,rush,1,04:13,647,drive_game_clock_end,04:24
2021_16_BAL_CIN,2021,16,REG,2021-12-26,13:00,BAL,CIN,43.0,True,first_td,00-0036550,Rashod Bateman,WR,BAL,pass,1,05:56,544,drive_game_clock_end,06:00
2021_16_LAC_HOU,2021,16,REG,2021-12-26,13:00,LAC,HOU,46.0,True,first_td,00-0030288,Rex Burkhead,RB,HOU,rush,1,06:25,515,drive_game_clock_end,06:32
2021_16_LA_MIN,2021,16,REG,2021-12-26,13:00,LA,MIN,48.5,True,first_td,00-0034845,Sony Michel,RB,LA,rush,1,07:13,467,drive_game_clock_end,07:18
2021_16_BUF_NE,2021,16,REG,2021-12-26,13:00,BUF,NE,43.5,True,first_td,00-0033466,Isaiah McKenzie,WR,BUF,pass,1,06:37,503,drive_game_clock_end,06:43
2021_16_JAX_NYJ,2021,16,REG,2021-12-26,13:00,JAX,NYJ,42.5,True,first_td,00-0037013,Zach Wilson,QB,NYJ,rush,1,03:54,666,drive_game_clock_end,04:08
2021_16_NYG_PHI,2021,16,REG,2021-12-26,13:00,NYG,PHI,41.0,True,first_td,00-0034414,Boston Scott,RB,PHI,rush,3,12:02,1978,drive_game_clock_end,12:07
2021_16_CHI_SEA,2021,16,REG,2021-12-26,16:05,CHI,SEA,41.0,False,first_td,00-0035640,DK Metcalf,WR,SEA,pass,1,09:00,360,drive_game_clock_end,09:08
2021_16_PIT_KC,2021,16,REG,2021-12-26,16:25,PIT,KC,44.0,False,first_td,00-0036360,Clyde Edwards-Helaire,RB,KC,rush,1,04:07,653,drive_game_clock_end,04:12
2021_16_DEN_LV,2021,16,REG,2021-12-26,16:25,DEN,LV,42.0,False,first_td,00-0034983,Hunter Renfrow,WR,LV,pass,2,11:01,1139,drive_game_clock_end,11:07
2021_16_WAS_DAL,2021,16,REG,2021-12-26,20:20,WAS,DAL,45.5,False,first_td,00-0033045,Ezekiel Elliott,RB,DAL,pass,1,07:42,438,drive_game_clock_end,07:47
2021_16_MIA_NO,2021,16,REG,2021-12-27,20:15,MIA,NO,37.5,False,first_td,00-0035346,Nik Needham,DB,MIA,return,1,10:25,275,drive_game_clock_end,10:33
2021_17_LA_BAL,2021,17,REG,2022-01-02,13:00,LA,BAL,47.0,True,first_td,00-0033294,Chuck Clark,SAF,BAL,return,1,01:58,782,drive_game_clock_end,02:03
2021_17_ATL_BUF,2021,17,REG,2022-01-02,13:00,ATL,BUF,46.5,True,first_td,00-0034857,Josh Allen,QB,BUF,rush,1,03:15,705,drive_game_clock_end,03:19
2021_17_NYG_CHI,2021,17,REG,2022-01-02,13:00,NYG,CHI,36.5,True,first_td,00-0035685,David Montgomery,RB,CHI,rush,1,14:42,18,drive_game_clock_end,14:45
2021_17_KC_CIN,2021,17,REG,2022-01-02,13:00,KC,CIN,51.0,True,first_td,00-0032775,Demarcus Robinson,WR,KC,pass,1,09:21,339,drive_game_clock_end,09:26
2021_17_LV_IND,2021,17,REG,2022-01-02,13:00,LV,IND,46.5,True,first_td,00-0035700,Josh Jacobs,RB,LV,rush,1,07:51,429,drive_game_clock_end,07:56
2021_17_JAX_NE,2021,17,REG,2022-01-02,13:00,JAX,NE,42.0,True,first_td,00-0035657,Damien Harris,RB,NE,rush,1,05:49,551,drive_game_clock_end,05:54
2021_17_TB_NYJ,2021,17,REG,2022-01-02,13:00,TB,NYJ,48.0,True,first_td,00-0034419,Braxton Berrios,WR,NYJ,rush,1,12:04,176,drive_game_clock_end,12:09
2021_17_MIA_TEN,2021,17,REG,2022-01-02,13:00,MIA,TEN,41.0,True,first_td,00-0032141,Geoff Swaim,TE,TEN,pass,1,01:24,816,drive_game_clock_end,01:27
2021_17_PHI_WAS,2021,17,REG,2022-01-02,13:00,PHI,WAS,44.5,True,first_td,00-0036755,Jaret Patterson,RB,WAS,rush,1,11:54,186,drive_game_clock_end,12:00
2021_17_DEN_LAC,2021,17,REG,2022-01-02,16:05,DEN,LAC,45.5,False,first_td,00-0033699,Austin Ekeler,RB,LAC,rush,1,11:49,191,drive_game_clock_end,11:54
2021_17_HOU_SF,2021,17,REG,2022-01-02,16:05,HOU,SF,44.0,False,first_td,00-0031236,Brandin Cooks,WR,HOU,pass,2,01:57,1683,drive_game_clock_end,02:00
2021_17_ARI_DAL,2021,17,REG,2022-01-02,16:25,ARI,DAL,53.0,False,first_td,00-0035126,Antoine Wesley,WR,ARI,pass,2,05:27,1473,drive_game_clock_end,05:32
2021_17_CAR_NO,2021,17,REG,2022-01-02,16:25,CAR,NO,37.0,False,first_td,00-0036555,Chuba Hubbard,RB,CAR,rush,2,13:09,1011,drive_game_clock_end,13:22
2021_17_DET_SEA,2021,17,REG,2022-01-02,16:25,DET,SEA,41.5,False,first_td,00-0034750,Rashaad Penny,RB,SEA,rush,1,05:46,554,drive_game_clock_end,05:51
2021_17_MIN_GB,2021,17,REG,2022-01-02,20:20,MIN,GB,42.0,False,first_td,00-0034521,Allen Lazard,WR,GB,pass,2,04:11,1549,drive_game_clock_end,04:18
2021_17_CLE_PIT,2021,17,REG,2022-01-03,20:15,CLE,PIT,43.5,False,first_td,00-0035216,Diontae Johnson,WR,PIT,pass,2,10:39,1161,drive_game_clock_end,10:42
2021_18_KC_DEN,2021,18,REG,2022-01-08,16:30,KC,DEN,44.5,False,first_td,00-0030506,Travis Kelce,TE,KC,pass,1,06:08,532,drive_game_clock_end,06:13
2021_18_DAL_PHI,2021,18,REG,2022-01-08,20:15,DAL,PHI,46.0,False,first_td,00-0035356,Tyree Jackson,TE,PHI,pass,1,09:41,319,drive_game_clock_end,09:44
2021_18_PIT_BAL,2021,18,REG,2022-01-09,13:00,PIT,BAL,41.0,True,first_td,00-0030513,Latavius Murray,RB,BAL,rush,3,12:32,1948,drive_game_clock_end,12:40
2021_18_CIN_CLE,2021,18,REG,2022-01-09,13:00,CIN,CLE,38.0,True,first_td,00-0031382,Jarvis Landry,WR,CLE,pass,1,00:56,844,drive_game_clock_end,01:03
2021_18_GB_DET,2021,18,REG,2022-01-09,13:00,GB,DET,45.0,True,first_td,00-0034521,Allen Lazard,WR,GB,pass,1,07:42,438,drive_game_clock_end,07:46
2021_18_TEN_HOU,2021,18,REG,2022-01-09,13:00,TEN,HOU,43.0,True,first_td,00-0033455,Anthony Firkser,TE,TEN,pass,2,07:40,1340,drive_game_clock_end,07:45
2021_18_IND_JAX,2021,18,REG,2022-01-09,13:00,IND,JAX,43.0,True,first_td,00-0032951,Laquon Treadwell,WR,JAX,pass,1,07:48,432,drive_game_clock_end,07:55
2021_18_CHI_MIN,2021,18,REG,2022-01-09,13:00,CHI,MIN,45.5,True,first_td,00-0030874,Damien Williams,RB,CHI,pass,2,00:31,1769,drive_game_clock_end,00:36
2021_18_WAS_NYG,2021,18,REG,2022-01-09,13:00,WAS,NYG,36.0,True,first_td,00-0031587,Bobby McCain,CB,WAS,return,3,03:41,2479,drive_game_clock_end,03:48
2021_18_SEA_ARI,2021,18,REG,2022-01-09,16:25,SEA,ARI,48.0,False,first_td,00-0035248,Zach Allen,DE,ARI,return,1,14:48,12,drive_game_clock_end,14:55
2021_18_NO_ATL,2021,18,REG,2022-01-09,16:25,NO,ATL,40.0,False,first_td,00-0036422,Adam Trautman,TE,NO,pass,1,08:29,391,drive_game_clock_end,08:36
2021_18_NYJ_BUF,2021,18,REG,2022-01-09,16:25,NYJ,BUF,43.0,False,first_td,00-0031588,Stefon Diggs,WR,BUF,pass,1,10:42,258,drive_game_clock_end,10:50
2021_18_SF_LA,2021,18,REG,2022-01-09,16:25,SF,LA,46.5,False,first_td,00-0033110,Tyler Higbee,TE,LA,pass,2,10:26,1174,drive_game_clock_end,10:31
2021_18_NE_MIA,2021,18,REG,2022-01-09,16:25,NE,MIA,41.0,False,first_td,00-0036613,Jaylen Waddle,WR,MIA,pass,1,07:34,446,drive_game_clock_end,07:39
2021_18_CAR_TB,2021,18,REG,2022-01-09,16:25,CAR,TB,43.0,False,first_td,00-0036555,Chuba Hubbard,RB,CAR,pass,1,07:22,458,drive_game_clock_end,07:27
2021_18_LAC_LV,2021,18,REG,2022-01-09,20:20,LAC,LV,48.0,False,first_td,00-0034983,Hunter Renfrow,WR,LV,pass,1,03:14,706,drive_game_clock_end,03:20
2021_19_LV_CIN,2021,19,WC,2022-01-15,16:30,LV,CIN,48.5,False,first_td,00-0032134,C.J. Uzomah,TE,CIN,pass,1,04:31,629,drive_game_clock_end,04:35
2021_19_NE_BUF,2021,19,WC,2022-01-15,20:15,NE,BUF,43.0,False,first_td,00-0035689,Dawson Knox,TE,BUF,pass,1,09:45,315,drive_game_clock_end,09:58
2021_19_PHI_TB,2021,19,WC,2022-01-16,13:00,PHI,TB,45.5,False,first_td,00-0030456,Giovani Bernard,RB,TB,rush,1,10:00,300,drive_game_clock_end,10:05
2021_19_SF_DAL,2021,19,WC,2022-01-16,16:30,SF,DAL,51.0,False,first_td,00-0036567,Elijah Mitchell,RB,SF,rush,1,10:54,246,drive_game_clock_end,10:59
2021_19_PIT_KC,2021,19,WC,2022-01-16,20:15,PIT,KC,46.0,False,first_td,00-0033886,T.J. Watt,OLB,PIT,return,2,10:41,1159,drive_game_clock_end,10:51
2021_19_ARI_LA,2021,19,WC,2022-01-17,20:15,ARI,LA,49.5,False,first_td,00-0031235,Odell Beckham Jr.,WR,LA,pass,1,03:50,670,drive_game_clock_end,03:55
2021_20_CIN_TEN,2021,20,DIV,2022-01-22,16:30,CIN,TEN,48.5,False,first_td,00-0032764,Derrick Henry,RB,TEN,rush,2,06:07,1433,drive_game_clock_end,06:12
2021_20_SF_GB,2021,20,DIV,2022-01-22,20:15,SF,GB,47.0,False,first_td,00-0036265,AJ Dillon,RB,GB,rush,1,09:25,335,drive_game_clock_end,09:30
2021_20_LA_TB,2021,20,DIV,2022-01-23,15:00,LA,TB,48.0,False,first_td,00-0035603,Kendall Blanton,TE,LA,pass,1,03:28,692,drive_game_clock_end,03:34
2021_20_BUF_KC,2021,20,DIV,2022-01-23,18:30,BUF,KC,54.0,False,first_td,00-0035250,Devin Singletary,RB,BUF,rush,1,08:03,417,drive_game_clock_end,08:07
2021_21_CIN_KC,2021,21,CON,2022-01-30,15:00,CIN,KC,54.5,False,first_td,00-0033040,Tyreek Hill,WR,KC,pass,1,07:17,463,drive_game_clock_end,07:25
2021_21_SF_LA,2021,21,CON,2022-01-30,18:30,SF,LA,45.5,False,first_td,00-0033908,Cooper Kupp,WR,LA,pass,2,08:46,1274,drive_game_clock_end,08:50
2021_22_LA_CIN,2021,22,SB,2022-02-13,18:30,LA,CIN,48.5,False,first_td,00-0031235,Odell Beckham Jr.,WR,LA,pass,1,06:22,518,drive_game_clock_end,06:26
2022_01_BUF_LA,2022,1,REG,2022-09-08,20:20,BUF,LA,51.5,False,first_td,00-0036196,Gabe Davis,WR,BUF,pass,1,09:56,304,drive_game_clock_end,10:03
2022_01_NO_ATL,2022,1,REG,2022-09-11,13:00,NO,ATL,43.5,True,first_td,00-0033357,Taysom Hill,TE,NO,rush,1,05:44,556,drive_game_clock_end,05:51
2022_01_CLE_CAR,2022,1,REG,2022-09-11,13:00,CLE,CAR,42.5,True,first_td,00-0033923,Kareem Hunt,RB,CLE,pass,2,10:49,1151,drive_game_clock_end,10:53
2022_01_SF_CHI,2022,1,REG,2022-09-11,13:00,SF,CHI,38.0,True,first_td,00-0035719,Deebo Samuel Sr.,WR,SF,rush,2,10:11,1189,drive_game_clock_end,10:17
2022_01_PIT_CIN,2022,1,REG,2022-09-11,13:00,PIT,CIN,44.5,True,first_td,00-0034789,Minkah Fitzpatrick,FS,PIT,return,1,12:43,137,drive_game_clock_end,12:52
2022_01_PHI_DET,2022,1,REG,2022-09-11,13:00,PHI,DET,49.0,True,first_td,00-0033948,Jamaal Williams,RB,DET,rush,1,10:18,282,drive_game_clock_end,10:23
2022_01_IND_HOU,2022,1,REG,2022-09-11,13:00,IND,HOU,46.0,True,first_td,00-0033879,O.J. Howard,TE,HOU,pass,2,02:37,1643,drive_game_clock_end,02:42
2022_01_NE_MIA,2022,1,REG,2022-09-11,13:00,NE,MIA,47.0,True,first_td,00-0029249,Melvin Ingram,LB,MIA,return,2,07:34,1346,drive_game_clock_end,07:40
2022_01_BAL_NYJ,2022,1,REG,2022-09-11,13:00,BAL,NYJ,44.0,True,first_td,00-0036331,Devin Duvernay,WR,BAL,pass,2,03:45,1575,drive_game_clock_end,03:51
2022_01_JAX_WAS,2022,1,REG,2022-09-11,13:00,JAX,WAS,43.5,True,first_td,00-0033282,Curtis Samuel,WR,WAS,pass,1,07:36,444,drive_game_clock_end,07:39
2022_01_KC_ARI,2022,1,REG,2022-09-11,16:25,KC,ARI,54.0,False,first_td,00-0030506,Travis Kelce,TE,KC,pass,1,09:37,323,drive_game_clock_end,09:43
2022_01_LV_LAC,2022,1,REG,2022-09-11,16:25,LV,LAC,52.5,False,first_td,00-0037331,Zander Horvath,RB,LAC,pass,2,09:34,1226,drive_game_clock_end,09:38
2022_01_GB_MIN,2022,1,REG,2022-09-11,16:25,GB,MIN,47.0,False,first_td,00-0036322,Justin Jefferson,WR,MIN,pass,1,09:17,343,drive_game_clock_end,09:21
2022_01_NYG_TEN,2022,1,REG,2022-09-11,16:25,NYG,TEN,43.5,False,first_td,00-0034253,Dontrell Hilliard,RB,TEN,pass,1,09:48,312,drive_game_clock_end,09:52
2022_01_TB_DAL,2022,1,REG,2022-09-11,20:20,TB,DAL,49.5,False,first_td,00-0031408,Mike Evans,WR,TB,pass,3,03:23,2497,drive_game_clock_end,03:27
2022_01_DEN_SEA,2022,1,REG,2022-09-12,20:15,DEN,SEA,44.0,False,first_td,00-0034159,Will Dissly,TE,SEA,pass,1,11:26,214,drive_game_clock_end,11:37
2022_02_LAC_KC,2022,2,REG,2022-09-15,20:15,LAC,KC,52.5,False,first_td,00-0037331,Zander Horvath,RB,LAC,pass,2,14:57,903,drive_game_clock_end,15:00
2022_02_MIA_BAL,2022,2,REG,2022-09-18,13:00,MIA,BAL,44.0,True,first_td,00-0036331,Devin Duvernay,WR,BAL,return,1,14:47,13,drive_game_clock_end,15:00
2022_02_NYJ_CLE,2022,2,REG,2022-09-18,13:00,NYJ,CLE,38.5,True,first_td,00-0034791,Nick Chubb,RB,CLE,rush,1,04:55,605,drive_game_clock_end,05:00
2022_02_WAS_DET,2022,2,REG,2022-09-18,13:00,WAS,DET,48.5,True,first_td,00-0036963,Amon-Ra St. Brown,WR,DET,pass,1,01:40,800,drive_game_clock_end,01:45
2022_02_IND_JAX,2022,2,REG,2022-09-18,13:00,IND,JAX,43.5,True,first_td,00-0034775,Christian Kirk,WR,JAX,pass,1,02:21,759,drive_game_clock_end,02:27
2022_02_TB_NO,2022,2,REG,2022-09-18,13:00,TB,NO,44.0,True,first_td,00-0032054,Breshad Perriman,WR,TB,pass,4,07:41,3139,drive_game_clock_end,07:49
2022_02_CAR_NYG,2022,2,REG,2022-09-18,13:00,CAR,NYG,44.0,True,first_td,00-0034827,DJ Moore,WR,CAR,pass,3,12:27,1953,drive_game_clock_end,12:33
2022_02_NE_PIT,2022,2,REG,2022-09-18,13:00,NE,PIT,40.0,True,first_td,00-0031549,Nelson Agholor,WR,NE,pass,2,00:22,1778,drive_game_clock_end,00:30
2022_02_ATL_LA,2022,2,REG,2022-09-18,16:05,ATL,LA,46.5,False,first_td,00-0031428,Allen Robinson,WR,LA,pass,1,01:44,796,drive_game_clock_end,01:48
2022_02_SEA_SF,2022,2,REG,2022-09-18,16:05,SEA,SF,40.0,False,first_td,00-0034073,Ross Dwelley,TE,SF,pass,2,11:19,1121,drive_game_clock_end,11:28
2022_02_CIN_DAL,2022,2,REG,2022-09-18,16:25,CIN,DAL,42.0,False,first_td,00-0033591,Noah Brown,WR,DAL,pass,1,08:35,385,drive_game_clock_end,08:41
2022_02_HOU_DEN,2022,2,REG,2022-09-18,16:25,HOU,DEN,46.0,False,first_td,00-0033576,Eric Saubert,TE,DEN,pass,4,12:37,2843,drive_game_clock_end,12:42
2022_02_ARI_LV,2022,2,REG,2022-09-18,16:25,ARI,LV,51.5,False,first_td,00-0031381,Davante Adams,WR,LV,pass,1,05:22,578,drive_game_clock_end,05:25
2022_02_CHI_GB,2022,2,REG,2022-09-18,20:20,CHI,GB,42.0,False,first_td,00-0036945,Justin Fields,QB,CHI,rush,1,04:37,623,drive_game_clock_end,04:42
2022_02_TEN_BUF,2022,2,REG,2022-09-19,19:15,TEN,BUF,47.5,False,first_td,00-0036187,Reggie Gilliam,RB,BUF,pass,1,09:07,353,drive_game_clock_end,09:16
2022_02_MIN_PHI,2022,2,REG,2022-09-19,20:30,MIN,PHI,49.5,False,first_td,00-0036389,Jalen Hurts,QB,PHI,rush,1,09:09,351,drive_game_clock_end,09:14
2022_03_PIT_CLE,2022,3,REG,2022-09-22,20:15,PIT,CLE,38.0,False,first_td,00-0031544,Amari Cooper,WR,CLE,pass,1,02:54,726,drive_game_clock_end,02:57
2022_03_NO_CAR,2022,3,REG,2022-09-25,13:00,NO,CAR,41.0,True,first_td,00-0034382,Marquis Haynes,LB,CAR,return,1,05:32,568,drive_game_clock_end,05:44
2022_03_HOU_CHI,2022,3,REG,2022-09-25,13:00,HOU,CHI,40.0,True,first_td,00-0036906,Khalil Herbert,RB,CHI,rush,1,06:45,495,drive_game_clock_end,06:53
2022_03_KC_IND,2022,3,REG,2022-09-25,13:00,KC,IND,51.0,True,first_td,00-0037755,Jelani Woods,TE,IND,pass,1,12:24,156,drive_game_clock_end,12:28
2022_03_BUF_MIA,2022,3,REG,2022-09-25,13:00,BUF,MIA,54.0,True,first_td,00-0035250,Devin Singletary,RB,BUF,pass,1,09:03,357,drive_game_clock_end,09:06
2022_03_DET_MIN,2022,3,REG,2022-09-25,13:00,DET,MIN,52.0,True,first_td,00-0033948,Jamaal Williams,RB,DET,rush,1,06:44,496,drive_game_clock_end,06:49
2022_03_BAL_NE,2022,3,REG,2022-09-25,13:00,BAL,NE,45.5,True,first_td,00-0034753,Mark Andrews,TE,BAL,pass,1,04:09,651,drive_game_clock_end,04:14
2022_03_CIN_NYJ,2022,3,REG,2022-09-25,13:00,CIN,NYJ,46.0,True,first_td,00-0033526,Samaje Perine,RB,CIN,pass,1,09:35,325,drive_game_clock_end,09:45
2022_03_LV_TEN,2022,3,REG,2022-09-25,13:00,LV,TEN,45.5,True,first_td,00-0032141,Geoff Swaim,TE,TEN,pass,1,07:22,458,drive_game_clock_end,07:25
2022_03_PHI_WAS,2022,3,REG,2022-09-25,13:00,PHI,WAS,47.0,True,first_td,00-0034351,Dallas Goedert,TE,PHI,pass,2,13:18,1002,drive_game_clock_end,13:26
2022_03_JAX_LAC,2022,3,REG,2022-09-25,16:05,JAX,LAC,46.0,False,first_td,00-0033891,Zay Jones,WR,JAX,pass,2,10:23,1177,drive_game_clock_end,10:30
2022_03_LA_ARI,2022,3,REG,2022-09-25,16:25,LA,ARI,49.0,False,first_td,00-0033908,Cooper Kupp,WR,LA,rush,1,04:00,660,drive_game_clock_end,04:06
2022_03_ATL_SEA,2022,3,REG,2022-09-25,16:25,ATL,SEA,43.0,False,first_td,00-0032268,Marcus Mariota,QB,ATL,rush,1,07:10,470,drive_game_clock_end,07:13
2022_03_GB_TB,2022,3,REG,2022-09-25,16:25,GB,TB,41.5,False,first_td,00-0037816,Romeo Doubs,WR,GB,pass,1,03:01,719,drive_game_clock_end,03:07
2022_03_SF_DEN,2022,3,REG,2022-09-25,20:20,SF,DEN,44.0,False,first_td,00-0036261,Brandon Aiyuk,WR,SF,pass,1,07:56,424,drive_game_clock_end,07:58
2022_03_DAL_NYG,2022,3,REG,2022-09-26,20:15,DAL,NYG,38.5,False,first_td,00-0034844,Saquon Barkley,RB,NYG,rush,3,05:31,2369,drive_game_clock_end,05:41
2022_04_MIA_CIN,2022,4,REG,2022-09-29,20:15,MIA,CIN,48.5,False,first_td,00-0033897,Joe Mixon,RB,CIN,rush,1,10:19,281,drive_game_clock_end,10:26
2022_04_MIN_NO,2022,4,REG,2022-10-02,09:30,MIN,NO,42.0,False,first_td,00-0034972,Alexander Mattison,RB,MIN,pass,1,08:12,408,drive_game_clock_end,08:19
2022_04_CLE_ATL,2022,4,REG,2022-10-02,13:00,CLE,ATL,48.0,True,first_td,00-0030578,Cordarrelle Patterson,RB,ATL,rush,1,01:20,820,drive_game_clock_end,01:29
2022_04_BUF_BAL,2022,4,REG,2022-10-02,13:00,BUF,BAL,50.0,True,first_td,00-0036158,J.K. Dobbins,RB,BAL,pass,1,13:26,94,drive_game_clock_end,13:30
2022_04_WAS_DAL,2022,4,REG,2022-10-02,13:00,WAS,DAL,40.5,True,first_td,00-0037741,Jahan Dotson,WR,WAS,pass,2,07:05,1375,drive_game_clock_end,07:11
2022_04_SEA_DET,2022,4,REG,2022-10-02,13:00,SEA,DET,48.5,True,first_td,00-0034159,Will Dissly,TE,SEA,pass,1,08:24,396,drive_game_clock_end,08:29
2022_04_LAC_HOU,2022,4,REG,2022-10-02,13:00,LAC,HOU,45.0,True,first_td,00-0033895,Gerald Everett,TE,LAC,pass,1,12:00,180,drive_game_clock_end,12:04
2022_04_TEN_IND,2022,4,REG,2022-10-02,13:00,TEN,IND,43.0,True,first_td,00-0030431,Robert Woods,WR,TEN,pass,1,08:00,420,drive_game_clock_end,08:04
2022_04_CHI_NYG,2022,4,REG,2022-10-02,13:00,CHI,NYG,39.0,True,first_td,00-0035710,Daniel Jones,QB,NYG,rush,1,05:06,594,drive_game_clock_end,05:15
2022_04_JAX_PHI,2022,4,REG,2022-10-02,13:00,JAX,PHI,44.0,True,first_td,00-0036941,Andre Cisco,SAF,JAX,return,1,11:15,225,drive_game_clock_end,11:30
2022_04_NYJ_PIT,2022,4,REG,2022-10-02,13:00,NYJ,PIT,41.0,True,first_td,00-0037013,Zach Wilson,QB,NYJ,pass,2,12:37,1043,drive_game_clock_end,12:42
2022_04_ARI_CAR,2022,4,REG,2022-10-02,16:05,ARI,CAR,44.0,False,first_td,00-0034302,Frankie Luvu,LB,CAR,return,2,12:13,1067,drive_game_clock_end,12:23
2022_04_NE_GB,2022,4,REG,2022-10-02,16:25,NE,GB,40.5,False,first_td,00-0038124,Christian Watson,WR,GB,rush,2,13:00,1020,drive_game_clock_end,13:05
2022_04_DEN_LV,2022,4,REG,2022-10-02,16:25,DEN,LV,45.5,False,first_td,00-0034348,Courtland Sutton,WR,DEN,pass,1,02:45,735,drive_game_clock_end,02:50
2022_04_KC_TB,2022,4,REG,2022-10-02,20:20,KC,TB,46.5,False,first_td,00-0030506,Travis Kelce,TE,KC,pass,1,14:14,46,drive_game_clock_end,14:20
2022_04_LA_SF,2022,4,REG,2022-10-03,20:15,LA,SF,42.0,False,first_td,00-0034115,Jeff Wilson,RB,SF,rush,1,02:46,734,drive_game_clock_end,02:52
2022_05_IND_DEN,2022,5,REG,2022-10-06,20:15,IND,DEN,42.0,False,no_td,,,,,,,,,,
2022_05_NYG_GB,2022,5,REG,2022-10-09,09:30,NYG,GB,42.0,False,first_td,00-0034521,Allen Lazard,WR,GB,pass,1,03:19,701,drive_game_clock_end,03:22
2022_05_PIT_BUF,2022,5,REG,2022-10-09,13:00,PIT,BUF,44.0,True,first_td,00-0036196,Gabe Davis,WR,BUF,pass,1,13:56,64,drive_game_clock_end,14:09
2022_05_LAC_CLE,2022,5,REG,2022-10-09,13:00,LAC,CLE,47.0,True,first_td,00-0034791,Nick Chubb,RB,CLE,rush,1,12:01,179,drive_game_clock_end,12:12
2022_05_HOU_JAX,2022,5,REG,2022-10-09,13:00,HOU,JAX,44.0,True,first_td,00-0037258,Dameon Pierce,RB,HOU,rush,4,03:11,3409,drive_game_clock_end,03:14
2022_05_CHI_MIN,2022,5,REG,2022-10-09,13:00,CHI,MIN,44.0,True,first_td,00-0033893,Dalvin Cook,RB,MIN,rush,1,08:15,405,drive_game_clock_end,08:18
2022_05_DET_NE,2022,5,REG,2022-10-09,13:00,DET,NE,46.5,True,first_td,00-0036231,Kyle Dugger,SAF,NE,return,2,03:26,1594,drive_game_clock_end,03:40
2022_05_SEA_NO,2022,5,REG,2022-10-09,13:00,SEA,NO,45.5,True,first_td,00-0035640,DK Metcalf,WR,SEA,pass,1,06:41,499,drive_game_clock_end,06:53
2022_05_MIA_NYJ,2022,5,REG,2022-10-09,13:00,MIA,NYJ,46.0,True,first_td,00-0036924,Michael Carter,RB,NYJ,rush,2,14:56,904,drive_game_clock_end,15:00
2022_05_ATL_TB,2022,5,REG,2022-10-09,13:00,ATL,TB,46.0,True,first_td,00-0033856,Leonard Fournette,RB,TB,rush,2,09:31,1229,drive_game_clock_end,09:34
2022_05_TEN_WAS,2022,5,REG,2022-10-09,13:00,TEN,WAS,43.0,True,first_td,00-0034253,Dontrell Hilliard,RB,TEN,pass,1,03:58,662,drive_game_clock_end,04:04
2022_05_SF_CAR,2022,5,REG,2022-10-09,16:05,SF,CAR,40.0,False,first_td,00-0032058,Tevin Coleman,RB,SF,pass,1,11:40,200,drive_game_clock_end,11:47
2022_05_PHI_ARI,2022,5,REG,2022-10-09,16:25,PHI,ARI,48.5,False,first_td,00-0036389,Jalen Hurts,QB,PHI,rush,1,08:02,418,drive_game_clock_end,08:06
2022_05_DAL_LA,2022,5,REG,2022-10-09,16:25,DAL,LA,42.0,False,first_td,00-0031411,DeMarcus Lawrence,LB,DAL,return,1,13:27,93,drive_game_clock_end,13:36
2022_05_CIN_BAL,2022,5,REG,2022-10-09,20:20,CIN,BAL,47.5,False,first_td,00-0034753,Mark Andrews,TE,BAL,pass,2,13:26,994,drive_game_clock_end,13:31
2022_05_LV_KC,2022,5,REG,2022-10-10,20:15,LV,KC,51.5,False,first_td,00-0031381,Davante Adams,WR,LV,pass,1,08:27,393,drive_game_clock_end,08:36
2022_06_WAS_CHI,2022,6,REG,2022-10-13,20:15,WAS,CHI,38.5,False,first_td,00-0034860,Dante Pettis,WR,CHI,pass,3,07:16,2264,drive_game_clock_end,07:23
2022_06_SF_ATL,2022,6,REG,2022-10-16,13:00,SF,ATL,46.0,True,first_td,00-0031585,MyCole Pruitt,TE,ATL,pass,1,08:46,374,drive_game_clock_end,08:51
2022_06_NE_CLE,2022,6,REG,2022-10-16,13:00,NE,CLE,43.0,True,first_td,00-0036875,Rhamondre Stevenson,RB,NE,rush,2,03:23,1597,drive_game_clock_end,03:30
2022_06_NYJ_GB,2022,6,REG,2022-10-16,13:00,NYJ,GB,44.5,True,first_td,00-0034419,Braxton Berrios,WR,NYJ,rush,3,08:11,2209,drive_game_clock_end,08:19
2022_06_JAX_IND,2022,6,REG,2022-10-16,13:00,JAX,IND,41.0,True,first_td,00-0036971,Trevor Lawrence,QB,JAX,rush,1,03:48,672,drive_game_clock_end,03:51
2022_06_MIN_MIA,2022,6,REG,2022-10-16,13:00,MIN,MIA,45.0,True,first_td,00-0034970,Irv Smith,TE,MIN,pass,2,02:32,1648,drive_game_clock_end,02:37
2022_06_CIN_NO,2022,6,REG,2022-10-16,13:00,CIN,NO,42.5,True,first_td,00-0034765,Tre'Quan Smith,WR,NO,pass,1,10:33,267,drive_game_clock_end,10:39
2022_06_BAL_NYG,2022,6,REG,2022-10-16,13:00,BAL,NYG,46.0,True,first_td,00-0033118,Kenyan Drake,RB,BAL,rush,2,09:26,1234,drive_game_clock_end,09:33
2022_06_TB_PIT,2022,6,REG,2022-10-16,13:00,TB,PIT,47.0,True,first_td,00-0036893,Najee Harris,RB,PIT,pass,1,07:38,442,drive_game_clock_end,07:44
2022_06_CAR_LA,2022,6,REG,2022-10-16,16:05,CAR,LA,41.5,False,first_td,00-0031428,Allen Robinson,WR,LA,pass,2,03:34,1586,drive_game_clock_end,03:39
2022_06_ARI_SEA,2022,6,REG,2022-10-16,16:05,ARI,SEA,50.0,False,first_td,00-0029747,Chris Banjo,DB,ARI,return,3,00:54,2646,drive_game_clock_end,00:59
2022_06_BUF_KC,2022,6,REG,2022-10-16,16:25,BUF,KC,54.0,False,first_td,00-0033857,JuJu Smith-Schuster,WR,KC,pass,2,11:31,1109,drive_game_clock_end,11:44
2022_06_DAL_PHI,2022,6,REG,2022-10-16,20:20,DAL,PHI,42.5,False,first_td,00-0035243,Miles Sanders,RB,PHI,rush,2,14:55,905,drive_game_clock_end,15:00
2022_06_DEN_LAC,2022,6,REG,2022-10-17,20:15,DEN,LAC,45.5,False,first_td,00-0037252,Greg Dulcich,TE,DEN,pass,1,01:49,791,drive_game_clock_end,01:57
2022_07_NO_ARI,2022,7,REG,2022-10-20,20:15,NO,ARI,44.0,False,first_td,00-0037545,Rashid Shaheed,WR,NO,pass,1,12:53,127,drive_game_clock_end,13:02
2022_07_CLE_BAL,2022,7,REG,2022-10-23,13:00,CLE,BAL,46.0,True,first_td,00-0034791,Nick Chubb,RB,CLE,rush,1,08:23,397,drive_game_clock_end,08:26
2022_07_TB_CAR,2022,7,REG,2022-10-23,13:00,TB,CAR,39.5,True,first_td,00-0034827,DJ Moore,WR,CAR,pass,2,00:29,1771,drive_game_clock_end,00:35
2022_07_ATL_CIN,2022,7,REG,2022-10-23,13:00,ATL,CIN,47.5,True,first_td,00-0033009,Tyler Boyd,WR,CIN,pass,1,13:00,120,drive_game_clock_end,13:07
2022_07_DET_DAL,2022,7,REG,2022-10-23,13:00,DET,DAL,49.5,True,first_td,00-0033045,Ezekiel Elliott,RB,DAL,rush,3,10:18,2082,drive_game_clock_end,10:21
2022_07_NYG_JAX,2022,7,REG,2022-10-23,13:00,NYG,JAX,44.0,True,first_td,00-0035535,Darius Slayton,WR,NYG,pass,1,10:21,279,drive_game_clock_end,10:29
2022_07_IND_TEN,2022,7,REG,2022-10-23,13:00,IND,TEN,43.0,True,first_td,00-0032637,Andrew Adams,DB,TEN,return,2,09:25,1235,drive_game_clock_end,09:36
2022_07_GB_WAS,2022,7,REG,2022-10-23,13:00,GB,WAS,41.5,True,first_td,00-0033293,Aaron Jones,RB,GB,pass,1,06:38,502,drive_game_clock_end,06:45
2022_07_NYJ_DEN,2022,7,REG,2022-10-23,16:05,NYJ,DEN,37.0,False,first_td,00-0038120,Breece Hall,RB,NYJ,rush,1,07:34,446,drive_game_clock_end,07:44
2022_07_HOU_LV,2022,7,REG,2022-10-23,16:05,HOU,LV,46.0,False,first_td,00-0032398,Chris Moore,WR,HOU,pass,2,11:17,1123,drive_game_clock_end,11:22
2022_07_SEA_LAC,2022,7,REG,2022-10-23,16:25,SEA,LAC,51.5,False,first_td,00-0030068,Marquise Goodwin,WR,SEA,pass,1,07:29,451,drive_game_clock_end,07:35
2022_07_KC_SF,2022,7,REG,2022-10-23,16:25,KC,SF,49.0,False,first_td,00-0034407,Ray-Ray McCloud,WR,SF,pass,1,06:29,511,drive_game_clock_end,06:36
2022_07_PIT_MIA,2022,7,REG,2022-10-23,20:20,PIT,MIA,44.5,False,first_td,00-0031687,Raheem Mostert,RB,MIA,pass,1,10:45,255,drive_game_clock_end,10:51
2022_07_CHI_NE,2022,7,REG,2022-10-24,20:15,CHI,NE,40.0,False,first_td,00-0036945,Justin Fields,QB,CHI,rush,1,02:11,769,drive_game_clock_end,02:16
2022_08_BAL_TB,2022,8,REG,2022-10-27,20:15,BAL,TB,46.0,False,first_td,00-0033856,Leonard Fournette,RB,TB,rush,1,06:56,484,drive_game_clock_end,06:58
2022_08_DEN_JAX,2022,8,REG,2022-10-30,09:30,DEN,JAX,41.0,False,first_td,00-0033881,Evan Engram,TE,JAX,pass,1,07:40,440,drive_game_clock_end,07:46
2022_08_CAR_ATL,2022,8,REG,2022-10-30,13:00,CAR,ATL,41.0,True,first_td,00-0036970,Kyle Pitts,TE,ATL,pass,2,10:13,1187,drive_game_clock_end,10:18
2022_08_CHI_DAL,2022,8,REG,2022-10-30,13:00,CHI,DAL,43.0,True,first_td,00-0033077,Dak Prescott,QB,DAL,rush,1,10:18,282,drive_game_clock_end,10:23
2022_08_MIA_DET,2022,8,REG,2022-10-30,13:00,MIA,DET,52.0,True,first_td,00-0033948,Jamaal Williams,RB,DET,rush,1,12:59,121,drive_game_clock_end,13:03
2022_08_ARI_MIN,2022,8,REG,2022-10-30,13:00,ARI,MIN,48.5,True,first_td,00-0029604,Kirk Cousins,QB,MIN,rush,1,10:12,288,drive_game_clock_end,10:20
2022_08_LV_NO,2022,8,REG,2022-10-30,13:00,LV,NO,48.5,True,first_td,00-0033906,Alvin Kamara,RB,NO,rush,1,01:32,808,drive_game_clock_end,01:36
2022_08_NE_NYJ,2022,8,REG,2022-10-30,13:00,NE,NYJ,40.0,True,first_td,00-0034270,Tyler Conklin,TE,NYJ,pass,2,12:00,1080,drive_game_clock_end,12:04
2022_08_PIT_PHI,2022,8,REG,2022-10-30,13:00,PIT,PHI,43.0,True,first_td,00-0035676,A.J. Brown,WR,PHI,pass,1,09:23,337,drive_game_clock_end,09:31
2022_08_TEN_HOU,2022,8,REG,2022-10-30,16:05,TEN,HOU,39.0,False,first_td,00-0032764,Derrick Henry,RB,TEN,rush,2,04:20,1540,drive_game_clock_end,04:29
2022_08_WAS_IND,2022,8,REG,2022-10-30,16:25,WAS,IND,40.5,False,first_td,00-0036328,Antonio Gibson,RB,WAS,pass,2,10:55,1145,drive_game_clock_end,11:01
2022_08_SF_LA,2022,8,REG,2022-10-30,16:25,SF,LA,42.0,False,first_td,00-0026498,Matthew Stafford,QB,LA,rush,1,00:09,891,drive_game_clock_end,00:16
2022_08_NYG_SEA,2022,8,REG,2022-10-30,16:25,NYG,SEA,44.5,False,first_td,00-0035640,DK Metcalf,WR,SEA,pass,2,12:07,1073,drive_game_clock_end,12:12
2022_08_GB_BUF,2022,8,REG,2022-10-30,20:20,GB,BUF,47.0,False,first_td,00-0035689,Dawson Knox,TE,BUF,pass,1,03:34,686,drive_game_clock_end,03:40
2022_08_CIN_CLE,2022,8,REG,2022-10-31,20:15,CIN,CLE,45.0,False,first_td,00-0034791,Nick Chubb,RB,CLE,rush,2,05:04,1496,drive_game_clock_end,05:07
2022_09_PHI_HOU,2022,9,REG,2022-11-03,20:15,PHI,HOU,45.5,False,first_td,00-0037277,Teagan Quitoriano,TE,HOU,pass,1,09:37,323,drive_game_clock_end,09:42
2022_09_LAC_ATL,2022,9,REG,2022-11-06,13:00,LAC,ATL,49.5,True,first_td,00-0030578,Cordarrelle Patterson,RB,ATL,rush,1,10:40,260,drive_game_clock_end,10:43
2022_09_MIA_CHI,2022,9,REG,2022-11-06,13:00,MIA,CHI,46.0,True,first_td,00-0031687,Raheem Mostert,RB,MIA,rush,1,07:33,447,drive_game_clock_end,07:35
2022_09_CAR_CIN,2022,9,REG,2022-11-06,13:00,CAR,CIN,43.0,True,first_td,00-0033897,Joe Mixon,RB,CIN,rush,1,09:42,318,drive_game_clock_end,09:45
2022_09_GB_DET,2022,9,REG,2022-11-06,13:00,GB,DET,49.5,True,first_td,00-0036534,Shane Zylstra,TE,DET,pass,2,00:15,1785,drive_game_clock_end,00:20
2022_09_LV_JAX,2022,9,REG,2022-11-06,13:00,LV,JAX,47.5,True,first_td,00-0031381,Davante Adams,WR,LV,pass,1,04:45,615,drive_game_clock_end,04:51
2022_09_IND_NE,2022,9,REG,2022-11-06,13:00,IND,NE,40.0,True,first_td,00-0036875,Rhamondre Stevenson,RB,NE,pass,2,06:12,1428,drive_game_clock_end,06:18
2022_09_BUF_NYJ,2022,9,REG,2022-11-06,13:00,BUF,NYJ,46.0,True,first_td,00-0034857,Josh Allen,QB,BUF,rush,1,04:39,621,drive_game_clock_end,04:41
2022_09_MIN_WAS,2022,9,REG,2022-11-06,13:00,MIN,WAS,43.5,True,first_td,00-0036322,Justin Jefferson,WR,MIN,pass,1,09:17,343,drive_game_clock_end,09:23
2022_09_SEA_ARI,2022,9,REG,2022-11-06,16:05,SEA,ARI,49.5,False,first_td,00-0030564,DeAndre Hopkins,WR,ARI,pass,1,06:17,523,drive_game_clock_end,06:25
2022_09_LA_TB,2022,9,REG,2022-11-06,16:25,LA,TB,43.0,False,first_td,00-0033908,Cooper Kupp,WR,LA,pass,2,12:57,1023,drive_game_clock_end,13:08
2022_09_TEN_KC,2022,9,REG,2022-11-06,20:20,TEN,KC,45.0,False,first_td,00-0035140,Mecole Hardman,WR,KC,pass,2,14:55,905,drive_game_clock_end,15:00
2022_09_BAL_NO,2022,9,REG,2022-11-07,20:15,BAL,NO,46.0,False,first_td,00-0037838,Isaiah Likely,TE,BAL,pass,1,01:23,817,drive_game_clock_end,01:30
2022_10_ATL_CAR,2022,10,REG,2022-11-10,20:15,ATL,CAR,41.5,False,first_td,00-0036268,Laviska Shenault Jr.,WR,CAR,rush,2,04:34,1526,drive_game_clock_end,04:43
2022_10_SEA_TB,2022,10,REG,2022-11-13,09:30,SEA,TB,45.0,False,first_td,00-0027944,Julio Jones,WR,TB,pass,2,13:40,980,drive_game_clock_end,13:48
2022_10_MIN_BUF,2022,10,REG,2022-11-13,13:00,MIN,BUF,47.0,True,first_td,00-0036322,Justin Jefferson,WR,MIN,pass,1,10:13,287,drive_game_clock_end,10:19
2022_10_DET_CHI,2022,10,REG,2022-11-13,13:00,DET,CHI,48.5,True,first_td,00-0036754,Brock Wright,TE,DET,pass,2,07:18,1362,drive_game_clock_end,07:21
2022_10_JAX_KC,2022,10,REG,2022-11-13,13:00,JAX,KC,51.5,True,first_td,00-0036913,Kadarius Toney,WR,KC,pass,1,03:32,688,drive_game_clock_end,03:39
2022_10_CLE_MIA,2022,10,REG,2022-11-13,13:00,CLE,MIA,49.0,True,first_td,00-0036232,Harrison Bryant,TE,CLE,pass,1,12:13,167,drive_game_clock_end,12:18
2022_10_HOU_NYG,2022,10,REG,2022-11-13,13:00,HOU,NYG,41.5,True,first_td,00-0036145,Lawrence Cager,TE,NYG,pass,1,07:51,429,drive_game_clock_end,07:57
2022_10_NO_PIT,2022,10,REG,2022-11-13,13:00,NO,PIT,39.5,True,first_td,00-0037247,George Pickens,WR,PIT,rush,1,05:06,594,drive_game_clock_end,05:09
2022_10_DEN_TEN,2022,10,REG,2022-11-13,13:00,DEN,TEN,40.0,True,first_td,00-0037387,Jalen Virgil,WR,DEN,pass,2,08:21,1299,drive_game_clock_end,08:30
2022_10_IND_LV,2022,10,REG,2022-11-13,16:05,IND,LV,41.0,False,first_td,00-0026143,Matt Ryan,QB,IND,rush,1,03:17,703,drive_game_clock_end,03:21
2022_10_DAL_GB,2022,10,REG,2022-11-13,16:25,DAL,GB,44.5,False,first_td,00-0036358,CeeDee Lamb,WR,DAL,pass,2,09:52,1208,drive_game_clock_end,09:57
2022_10_ARI_LA,2022,10,REG,2022-11-13,16:25,ARI,LA,38.0,False,first_td,00-0033553,James Conner,RB,ARI,rush,2,01:56,1684,drive_game_clock_end,02:00
2022_10_LAC_SF,2022,10,REG,2022-11-13,20:20,LAC,SF,45.5,False,first_td,00-0031763,DeAndre Carter,WR,LAC,pass,1,11:35,205,drive_game_clock_end,11:42
2022_10_WAS_PHI,2022,10,REG,2022-11-14,20:15,WAS,PHI,43.0,False,first_td,00-0036389,Jalen Hurts,QB,PHI,rush,1,12:21,159,drive_game_clock_end,12:26
2022_11_TEN_GB,2022,11,REG,2022-11-17,20:15,TEN,GB,40.5,False,first_td,00-0034253,Dontrell Hilliard,RB,TEN,pass,1,10:31,269,drive_game_clock_end,10:36
2022_11_CHI_ATL,2022,11,REG,2022-11-20,13:00,CHI,ATL,48.5,True,first_td,00-0037238,Drake London,WR,ATL,pass,1,09:37,323,drive_game_clock_end,09:46
2022_11_CAR_BAL,2022,11,REG,2022-11-20,13:00,CAR,BAL,42.0,True,first_td,00-0034796,Lamar Jackson,QB,BAL,rush,4,07:16,3164,drive_game_clock_end,07:20
2022_11_CLE_BUF,2022,11,REG,2022-11-20,13:00,CLE,BUF,50.5,True,first_td,00-0031544,Amari Cooper,WR,CLE,pass,1,09:02,358,drive_game_clock_end,09:08
2022_11_WAS_HOU,2022,11,REG,2022-11-20,13:00,WAS,HOU,41.0,True,first_td,00-0033084,Kendall Fuller,CB,WAS,return,1,13:16,104,drive_game_clock_end,13:24
2022_11_PHI_IND,2022,11,REG,2022-11-20,13:00,PHI,IND,45.5,True,first_td,00-0036223,Jonathan Taylor,RB,IND,rush,1,09:37,323,drive_game_clock_end,09:40
2022_11_NYJ_NE,2022,11,REG,2022-11-20,13:00,NYJ,NE,38.5,True,first_td,00-0037253,Marcus Jones,CB,NE,return,4,00:05,3595,drive_game_clock_end,00:26
2022_11_LA_NO,2022,11,REG,2022-11-20,13:00,LA,NO,39.5,True,first_td,00-0036849,Tutu Atwell,WR,LA,pass,1,04:00,660,drive_game_clock_end,04:08
2022_11_DET_NYG,2022,11,REG,2022-11-20,13:00,DET,NYG,44.0,True,first_td,00-0035710,Daniel Jones,QB,NYG,rush,1,02:41,739,drive_game_clock_end,02:46
2022_11_LV_DEN,2022,11,REG,2022-11-20,16:05,LV,DEN,41.5,False,first_td,00-0030513,Latavius Murray,RB,DEN,rush,1,06:22,518,drive_game_clock_end,06:25
2022_11_DAL_MIN,2022,11,REG,2022-11-20,16:25,DAL,MIN,48.5,False,first_td,00-0033045,Ezekiel Elliott,RB,DAL,rush,1,01:26,814,drive_game_clock_end,01:31
2022_11_CIN_PIT,2022,11,REG,2022-11-20,16:25,CIN,PIT,39.0,False,first_td,00-0033526,Samaje Perine,RB,CIN,pass,1,00:39,861,drive_game_clock_end,00:48
2022_11_KC_LAC,2022,11,REG,2022-11-20,20:20,KC,LAC,52.5,False,first_td,00-0036988,Josh Palmer,WR,LAC,pass,1,09:33,327,drive_game_clock_end,09:42
2022_11_SF_ARI,2022,11,REG,2022-11-21,20:15,SF,ARI,43.5,False,first_td,00-0036261,Brandon Aiyuk,WR,SF,pass,2,13:35,985,drive_game_clock_end,13:40
2022_12_BUF_DET,2022,12,REG,2022-11-24,12:30,BUF,DET,54.0,False,first_td,00-0033948,Jamaal Williams,RB,DET,rush,1,06:44,496,drive_game_clock_end,06:47
2022_12_NYG_DAL,2022,12,REG,2022-11-24,16:30,NYG,DAL,45.5,False,first_td,00-0033045,Ezekiel Elliott,RB,DAL,rush,2,14:55,905,drive_game_clock_end,15:00
2022_12_NE_MIN,2022,12,REG,2022-11-24,20:20,NE,MIN,42.5,False,first_td,00-0036322,Justin Jefferson,WR,MIN,pass,1,10:40,260,drive_game_clock_end,10:44
2022_12_DEN_CAR,2022,12,REG,2022-11-27,13:00,DEN,CAR,36.5,True,first_td,00-0034827,DJ Moore,WR,CAR,pass,1,00:30,870,drive_game_clock_end,00:36
2022_12_TB_CLE,2022,12,REG,2022-11-27,13:00,TB,CLE,42.0,True,first_td,00-0036999,Anthony Schwartz,WR,CLE,rush,1,10:45,255,drive_game_clock_end,10:53
2022_12_BAL_JAX,2022,12,REG,2022-11-27,13:00,BAL,JAX,43.0,True,first_td,00-0035806,JaMycal Hasty,RB,JAX,pass,2,09:57,1203,drive_game_clock_end,10:03
2022_12_HOU_MIA,2022,12,REG,2022-11-27,13:00,HOU,MIA,47.0,True,first_td,00-0034798,Durham Smythe,TE,MIA,pass,1,02:57,723,drive_game_clock_end,03:06
2022_12_CHI_NYJ,2022,12,REG,2022-11-27,13:00,CHI,NYJ,36.5,True,first_td,00-0037740,Garrett Wilson,WR,NYJ,pass,1,10:12,288,drive_game_clock_end,10:17
2022_12_CIN_TEN,2022,12,REG,2022-11-27,13:00,CIN,TEN,43.0,True,first_td,00-0037742,Treylon Burks,WR,TEN,other,2,11:15,1125,drive_game_clock_end,11:30
2022_12_ATL_WAS,2022,12,REG,2022-11-27,13:00,ATL,WAS,40.5,True,first_td,00-0037746,Brian Robinson,RB,WAS,pass,1,03:46,674,drive_game_clock_end,03:53
2022_12_LAC_ARI,2022,12,REG,2022-11-27,16:05,LAC,ARI,48.5,False,first_td,00-0030564,DeAndre Hopkins,WR,ARI,pass,1,02:33,747,drive_game_clock_end,02:41
2022_12_LV_SEA,2022,12,REG,2022-11-27,16:05,LV,SEA,47.5,False,first_td,00-0038134,Kenneth Walker III,RB,SEA,rush,1,14:32,28,drive_game_clock_end,14:39
2022_12_LA_KC,2022,12,REG,2022-11-27,16:25,LA,KC,42.0,False,first_td,00-0030506,Travis Kelce,TE,KC,pass,1,05:40,560,drive_game_clock_end,05:51
2022_12_NO_SF,2022,12,REG,2022-11-27,16:25,NO,SF,44.0,False,first_td,00-0036259,Jauan Jennings,WR,SF,pass,2,00:13,1787,drive_game_clock_end,00:19
2022_12_GB_PHI,2022,12,REG,2022-11-27,20:20,GB,PHI,46.0,False,first_td,00-0036919,Kenny Gainwell,RB,PHI,rush,1,11:19,221,drive_game_clock_end,11:25
2022_12_PIT_IND,2022,12,REG,2022-11-28,20:15,PIT,IND,40.0,False,first_td,00-0036893,Najee Harris,RB,PIT,rush,2,07:46,1334,drive_game_clock_end,07:51
2022_13_BUF_NE,2022,13,REG,2022-12-01,20:15,BUF,NE,43.5,False,first_td,00-0037253,Marcus Jones,CB,NE,pass,1,04:46,614,drive_game_clock_end,04:55
2022_13_PIT_ATL,2022,13,REG,2022-12-04,13:00,PIT,ATL,43.0,True,first_td,00-0037304,Connor Heyward,FB,PIT,pass,2,07:06,1374,drive_game_clock_end,07:12
2022_13_DEN_BAL,2022,13,REG,2022-12-04,13:00,DEN,BAL,40.5,True,first_td,00-0035993,Tyler Huntley,QB,BAL,rush,4,00:28,3572,drive_game_clock_end,00:31
2022_13_GB_CHI,2022,13,REG,2022-12-04,13:00,GB,CHI,45.0,True,first_td,00-0036945,Justin Fields,QB,CHI,rush,1,03:00,720,drive_game_clock_end,03:10
2022_13_JAX_DET,2022,13,REG,2022-12-04,13:00,JAX,DET,51.5,True,first_td,00-0033948,Jamaal Williams,RB,DET,rush,1,10:55,245,drive_game_clock_end,10:58
2022_13_CLE_HOU,2022,13,REG,2022-12-04,13:00,CLE,HOU,47.0,True,first_td,00-0036233,Donovan Peoples-Jones,WR,CLE,return,2,03:41,1579,drive_game_clock_end,04:00
2022_13_NYJ_MIN,2022,13,REG,2022-12-04,13:00,NYJ,MIN,44.0,True,first_td,00-0033893,Dalvin Cook,RB,MIN,rush,2,13:02,1018,drive_game_clock_end,13:06
2022_13_WAS_NYG,2022,13,REG,2022-12-04,13:00,WAS,NYG,40.0,True,first_td,00-0035659,Terry McLaurin,WR,WAS,pass,1,02:27,753,drive_game_clock_end,02:35
2022_13_TEN_PHI,2022,13,REG,2022-12-04,13:00,TEN,PHI,44.5,True,first_td,00-0036912,DeVonta Smith,WR,PHI,pass,1,12:03,177,drive_game_clock_end,12:11
2022_13_SEA_LA,2022,13,REG,2022-12-04,16:05,SEA,LA,41.0,False,first_td,00-0036414,Cam Akers,RB,LA,rush,1,09:30,330,drive_game_clock_end,09:35
2022_13_MIA_SF,2022,13,REG,2022-12-04,16:05,MIA,SF,46.0,False,first_td,00-0034487,Trent Sherfield,WR,MIA,pass,1,14:50,10,drive_game_clock_end,15:00
2022_13_KC_CIN,2022,13,REG,2022-12-04,16:25,KC,CIN,53.0,False,first_td,00-0036442,Joe Burrow,QB,CIN,rush,1,08:49,371,drive_game_clock_end,08:54
2022_13_LAC_LV,2022,13,REG,2022-12-04,16:25,LAC,LV,49.0,False,first_td,00-0031904,Bryce Callahan,CB,LAC,return,1,05:07,593,drive_game_clock_end,05:15
2022_13_IND_DAL,2022,13,REG,2022-12-04,20:20,IND,DAL,44.5,False,first_td,00-0036358,CeeDee Lamb,WR,DAL,pass,1,04:50,610,drive_game_clock_end,04:58
2022_13_NO_TB,2022,13,REG,2022-12-05,20:15,NO,TB,41.0,False,first_td,00-0033357,Taysom Hill,TE,NO,pass,2,07:33,1347,drive_game_clock_end,07:41
2022_14_LV_LA,2022,14,REG,2022-12-08,20:15,LV,LA,42.5,False,first_td,00-0035700,Josh Jacobs,RB,LV,rush,1,09:13,347,drive_game_clock_end,09:17
2022_14_NYJ_BUF,2022,14,REG,2022-12-11,13:00,NYJ,BUF,43.5,True,first_td,00-0035689,Dawson Knox,TE,BUF,pass,2,00:26,1774,drive_game_clock_end,00:34
2022_14_CLE_CIN,2022,14,REG,2022-12-11,13:00,CLE,CIN,47.0,True,first_td,00-0036900,Ja'Marr Chase,WR,CIN,pass,2,09:43,1217,drive_game_clock_end,09:46
2022_14_HOU_DAL,2022,14,REG,2022-12-11,13:00,HOU,DAL,44.5,True,first_td,00-0035261,Tony Pollard,RB,DAL,rush,1,11:20,220,drive_game_clock_end,11:25
2022_14_MIN_DET,2022,14,REG,2022-12-11,13:00,MIN,DET,51.5,True,first_td,00-0037240,Jameson Williams,WR,DET,pass,1,10:27,273,drive_game_clock_end,10:34
2022_14_PHI_NYG,2022,14,REG,2022-12-11,13:00,PHI,NYG,44.5,True,first_td,00-0035243,Miles Sanders,RB,PHI,rush,1,04:14,646,drive_game_clock_end,04:20
2022_14_BAL_PIT,2022,14,REG,2022-12-11,13:00,BAL,PIT,37.0,True,first_td,00-0036158,J.K. Dobbins,RB,BAL,rush,1,02:31,749,drive_game_clock_end,02:36
2022_14_JAX_TEN,2022,14,REG,2022-12-11,13:00,JAX,TEN,42.0,True,first_td,00-0032764,Derrick Henry,RB,TEN,rush,1,09:09,351,drive_game_clock_end,09:13
2022_14_KC_DEN,2022,14,REG,2022-12-11,16:05,KC,DEN,44.5,False,first_td,00-0031376,Jerick McKinnon,RB,KC,pass,2,14:16,944,drive_game_clock_end,14:28
2022_14_CAR_SEA,2022,14,REG,2022-12-11,16:25,CAR,SEA,44.5,False,first_td,00-0036572,Shi Smith,WR,CAR,pass,1,06:44,496,drive_game_clock_end,06:49
2022_14_TB_SF,2022,14,REG,2022-12-11,16:25,TB,SF,38.0,False,first_td,00-0035719,Deebo Samuel Sr.,WR,SF,rush,1,12:26,154,drive_game_clock_end,12:33
2022_14_MIA_LAC,2022,14,REG,2022-12-11,20:20,MIA,LAC,54.5,False,first_td,00-0033536,Mike Williams,WR,LAC,pass,2,09:49,1211,drive_game_clock_end,09:57
2022_14_NE_ARI,2022,14,REG,2022-12-12,20:15,NE,ARI,44.0,False,first_td,00-0037286,Kevin Harris,RB,NE,rush,2,11:25,1115,drive_game_clock_end,11:32
2022_15_SF_SEA,2022,15,REG,2022-12-15,20:15,SF,SEA,43.0,False,first_td,00-0033288,George Kittle,TE,SF,pass,1,03:49,671,drive_game_clock_end,03:56
2022_15_IND_MIN,2022,15,REG,2022-12-17,13:00,IND,MIN,46.5,False,first_td,00-0037393,JoJo Domann,LB,IND,other,1,08:12,408,drive_game_clock_end,08:20
2022_15_BAL_CLE,2022,15,REG,2022-12-17,16:30,BAL,CLE,39.5,False,first_td,00-0036233,Donovan Peoples-Jones,WR,CLE,pass,3,02:10,2570,drive_game_clock_end,02:14
2022_15_MIA_BUF,2022,15,REG,2022-12-17,20:15,MIA,BUF,44.0,False,first_td,00-0036590,Quintin Morris,TE,BUF,pass,1,01:05,835,drive_game_clock_end,01:09
2022_15_PIT_CAR,2022,15,REG,2022-12-18,13:00,PIT,CAR,36.5,True,first_td,00-0036893,Najee Harris,RB,PIT,rush,1,05:48,552,drive_game_clock_end,05:53
2022_15_PHI_CHI,2022,15,REG,2022-12-18,13:00,PHI,CHI,48.0,True,first_td,00-0035685,David Montgomery,RB,CHI,rush,2,06:47,1393,drive_game_clock_end,06:52
2022_15_KC_HOU,2022,15,REG,2022-12-18,13:00,KC,HOU,48.5,True,first_td,00-0037277,Teagan Quitoriano,TE,HOU,pass,1,01:01,839,drive_game_clock_end,01:04
2022_15_DAL_JAX,2022,15,REG,2022-12-18,13:00,DAL,JAX,48.5,True,first_td,00-0033045,Ezekiel Elliott,RB,DAL,rush,1,04:31,629,drive_game_clock_end,04:39
2022_15_ATL_NO,2022,15,REG,2022-12-18,13:00,ATL,NO,43.5,True,first_td,00-0036040,Juwan Johnson,TE,NO,pass,1,10:06,294,drive_game_clock_end,10:12
2022_15_DET_NYJ,2022,15,REG,2022-12-18,13:00,DET,NYJ,44.0,True,first_td,00-0032464,Kalif Raymond,WR,DET,return,1,06:00,540,drive_game_clock_end,06:13
2022_15_ARI_DEN,2022,15,REG,2022-12-18,16:05,ARI,DEN,37.5,False,first_td,00-0033951,Marlon Mack,RB,DEN,rush,3,05:58,2342,drive_game_clock_end,06:02
2022_15_NE_LV,2022,15,REG,2022-12-18,16:05,NE,LV,45.0,False,first_td,00-0031610,Darren Waller,TE,LV,pass,2,05:18,1482,drive_game_clock_end,05:22
2022_15_TEN_LAC,2022,15,REG,2022-12-18,16:25,TEN,LAC,46.5,False,first_td,00-0036370,Joshua Kelley,RB,LAC,rush,1,04:25,635,drive_game_clock_end,04:27
2022_15_CIN_TB,2022,15,REG,2022-12-18,16:25,CIN,TB,47.0,False,first_td,00-0034411,Russell Gage,WR,TB,pass,2,14:11,949,drive_game_clock_end,14:17
2022_15_NYG_WAS,2022,15,REG,2022-12-18,20:20,NYG,WAS,40.5,False,first_td,00-0037611,Kayvon Thibodeaux,LB,NYG,return,2,13:10,1010,drive_game_clock_end,13:18
2022_15_LA_GB,2022,15,REG,2022-12-19,20:15,LA,GB,39.5,False,first_td,00-0036265,AJ Dillon,RB,GB,rush,2,04:26,1534,drive_game_clock_end,04:33
2022_16_JAX_NYJ,2022,16,REG,2022-12-22,20:15,JAX,NYJ,36.5,False,first_td,00-0036971,Trevor Lawrence,QB,JAX,rush,2,11:26,1114,drive_game_clock_end,11:27
2022_16_ATL_BAL,2022,16,REG,2022-12-24,13:00,ATL,BAL,35.0,False,first_td,00-0032775,Demarcus Robinson,WR,BAL,pass,2,02:23,1657,drive_game_clock_end,02:27
2022_16_DET_CAR,2022,16,REG,2022-12-24,13:00,DET,CAR,43.5,False,first_td,00-0037429,Raheem Blackshear,RB,CAR,rush,1,11:57,183,drive_game_clock_end,12:02
2022_16_BUF_CHI,2022,16,REG,2022-12-24,13:00,BUF,CHI,40.0,False,first_td,00-0034860,Dante Pettis,WR,CHI,pass,1,09:41,319,drive_game_clock_end,09:46
2022_16_NO_CLE,2022,16,REG,2022-12-24,13:00,NO,CLE,32.0,False,first_td,00-0033537,Deshaun Watson,QB,CLE,rush,2,14:55,905,drive_game_clock_end,15:00
2022_16_SEA_KC,2022,16,REG,2022-12-24,13:00,SEA,KC,50.5,False,first_td,00-0036913,Kadarius Toney,WR,KC,pass,1,06:41,499,drive_game_clock_end,06:46
2022_16_NYG_MIN,2022,16,REG,2022-12-24,13:00,NYG,MIN,48.0,False,first_td,00-0035229,T.J. Hockenson,TE,MIN,pass,1,03:17,703,drive_game_clock_end,03:23
2022_16_CIN_NE,2022,16,REG,2022-12-24,13:00,CIN,NE,42.0,False,first_td,00-0036410,Tee Higgins,WR,CIN,pass,1,12:24,156,drive_game_clock_end,12:31
2022_16_HOU_TEN,2022,16,REG,2022-12-24,14:00,HOU,TEN,34.0,False,first_td,00-0032764,Derrick Henry,RB,TEN,rush,1,08:48,372,drive_game_clock_end,08:58
2022_16_WAS_SF,2022,16,REG,2022-12-24,16:05,WAS,SF,37.5,False,first_td,00-0034407,Ray-Ray McCloud,WR,SF,rush,2,06:26,1414,drive_game_clock_end,06:37
2022_16_PHI_DAL,2022,16,REG,2022-12-24,16:25,PHI,DAL,48.0,False,first_td,00-0034381,Josh Sweat,LB,PHI,return,1,09:18,342,drive_game_clock_end,09:28
2022_16_LV_PIT,2022,16,REG,2022-12-24,20:15,LV,PIT,38.5,False,first_td,00-0034983,Hunter Renfrow,WR,LV,pass,1,06:38,502,drive_game_clock_end,06:46
2022_16_GB_MIA,2022,16,REG,2022-12-25,13:00,GB,MIA,49.0,True,first_td,00-0036613,Jaylen Waddle,WR,MIA,pass,1,09:08,352,drive_game_clock_end,09:21
2022_16_DEN_LA,2022,16,REG,2022-12-25,16:30,DEN,LA,36.5,False,first_td,00-0033110,Tyler Higbee,TE,LA,pass,1,06:19,521,drive_game_clock_end,06:25
2022_16_TB_ARI,2022,16,REG,2022-12-25,20:20,TB,ARI,41.5,False,first_td,00-0033553,James Conner,RB,ARI,rush,4,10:47,2953,drive_game_clock_end,10:53
2022_16_LAC_IND,2022,16,REG,2022-12-26,20:15,LAC,IND,44.5,False,first_td,00-0033699,Austin Ekeler,RB,LAC,rush,2,08:41,1279,drive_game_clock_end,08:44
2022_17_DAL_TEN,2022,17,REG,2022-12-29,20:15,DAL,TEN,41.0,False,first_td,00-0033045,Ezekiel Elliott,RB,DAL,rush,1,04:36,624,drive_game_clock_end,04:41
2022_17_ARI_ATL,2022,17,REG,2023-01-01,13:00,ARI,ATL,41.0,True,first_td,00-0037263,Tyler Allgeier,RB,ATL,rush,2,13:38,982,drive_game_clock_end,13:41
2022_17_CHI_DET,2022,17,REG,2023-01-01,13:00,CHI,DET,52.5,True,first_td,00-0036290,Cole Kmet,TE,CHI,pass,1,10:54,246,drive_game_clock_end,11:00
2022_17_JAX_HOU,2022,17,REG,2023-01-01,13:00,JAX,HOU,43.0,True,first_td,00-0035806,JaMycal Hasty,RB,JAX,rush,1,08:24,396,drive_game_clock_end,08:29
2022_17_DEN_KC,2022,17,REG,2023-01-01,13:00,DEN,KC,46.0,True,first_td,00-0037197,Isiah Pacheco,RB,KC,rush,1,07:35,445,drive_game_clock_end,07:42
2022_17_MIA_NE,2022,17,REG,2023-01-01,13:00,MIA,NE,41.5,True,first_td,00-0038104,Tyquan Thornton,WR,NE,pass,1,07:15,465,drive_game_clock_end,07:19
2022_17_IND_NYG,2022,17,REG,2023-01-01,13:00,IND,NYG,38.5,True,first_td,00-0034286,Richie James,WR,NYG,pass,2,10:38,1162,drive_game_clock_end,10:44
2022_17_NO_PHI,2022,17,REG,2023-01-01,13:00,NO,PHI,41.5,True,first_td,00-0033357,Taysom Hill,TE,NO,rush,1,06:02,538,drive_game_clock_end,06:07
2022_17_CAR_TB,2022,17,REG,2023-01-01,13:00,CAR,TB,40.5,True,first_td,00-0037005,Tommy Tremble,TE,CAR,pass,1,11:39,201,drive_game_clock_end,11:44
2022_17_CLE_WAS,2022,17,REG,2023-01-01,13:00,CLE,WAS,41.5,True,first_td,00-0032950,Carson Wentz,QB,WAS,rush,2,00:21,1779,drive_game_clock_end,00:23
2022_17_SF_LV,2022,17,REG,2023-01-01,16:05,SF,LV,41.5,False,first_td,00-0031610,Darren Waller,TE,LV,pass,1,11:40,200,drive_game_clock_end,11:45
2022_17_NYJ_SEA,2022,17,REG,2023-01-01,16:05,NYJ,SEA,43.0,False,first_td,00-0036244,Colby Parkinson,TE,SEA,pass,1,13:25,95,drive_game_clock_end,13:32
2022_17_MIN_GB,2022,17,REG,2023-01-01,16:25,MIN,GB,47.5,False,first_td,00-0035133,Keisean Nixon,DB,GB,return,1,10:25,275,drive_game_clock_end,10:38
2022_17_LA_LAC,2022,17,REG,2023-01-01,16:25,LA,LAC,41.5,False,first_td,00-0033699,Austin Ekeler,RB,LAC,rush,2,13:40,980,drive_game_clock_end,13:47
2022_17_PIT_BAL,2022,17,REG,2023-01-01,20:20,PIT,BAL,35.5,False,first_td,00-0037838,Isaiah Likely,TE,BAL,pass,2,00:07,1793,drive_game_clock_end,00:11
2022_18_KC_LV,2022,18,REG,2023-01-07,16:30,KC,LV,51.5,False,first_td,00-0031376,Jerick McKinnon,RB,KC,pass,1,12:52,128,drive_game_clock_end,12:58
2022_18_TEN_JAX,2022,18,REG,2023-01-07,20:15,TEN,JAX,39.5,False,first_td,00-0037809,Chig Okonkwo,TE,TEN,pass,2,05:32,1468,drive_game_clock_end,05:39
2022_18_TB_ATL,2022,18,REG,2023-01-08,13:00,TB,ATL,40.5,True,first_td,00-0027981,Kyle Rudolph,TE,TB,pass,1,09:47,313,drive_game_clock_end,09:51
2022_18_NE_BUF,2022,18,REG,2023-01-08,13:00,NE,BUF,44.0,True,first_td,00-0034367,Nyheim Hines,RB,BUF,return,1,14:46,14,drive_game_clock_end,15:00
2022_18_MIN_CHI,2022,18,REG,2023-01-08,13:00,MIN,CHI,42.5,True,first_td,00-0030035,Adam Thielen,WR,MIN,pass,1,10:12,288,drive_game_clock_end,10:16
2022_18_BAL_CIN,2022,18,REG,2023-01-08,13:00,BAL,CIN,39.0,True,first_td,00-0033897,Joe Mixon,RB,CIN,rush,1,01:11,829,drive_game_clock_end,01:18
2022_18_HOU_IND,2022,18,REG,2023-01-08,13:00,HOU,IND,38.0,True,first_td,00-0031236,Brandin Cooks,WR,HOU,pass,1,11:17,223,drive_game_clock_end,11:22
2022_18_NYJ_MIA,2022,18,REG,2023-01-08,13:00,NYJ,MIA,37.5,True,no_td,,,,,,,,,,
2022_18_CAR_NO,2022,18,REG,2023-01-08,13:00,CAR,NO,41.5,True,first_td,00-0037239,Chris Olave,WR,NO,pass,1,11:01,239,drive_game_clock_end,11:08
2022_18_CLE_PIT,2022,18,REG,2023-01-08,13:00,CLE,PIT,40.0,True,first_td,00-0033885,David Njoku,TE,CLE,pass,2,06:27,1413,drive_game_clock_end,06:33
2022_18_LAC_DEN,2022,18,REG,2023-01-08,16:25,LAC,DEN,38.5,False,first_td,00-0030279,Keenan Allen,WR,LAC,pass,1,11:17,223,drive_game_clock_end,11:22
2022_18_NYG_PHI,2022,18,REG,2023-01-08,16:25,NYG,PHI,42.5,False,first_td,00-0034414,Boston Scott,RB,PHI,rush,1,04:14,646,drive_game_clock_end,04:20
2022_18_LA_SEA,2022,18,REG,2023-01-08,16:25,LA,SEA,41.5,False,first_td,00-0036849,Tutu Atwell,WR,LA,rush,2,00:39,1761,drive_game_clock_end,00:45
2022_18_ARI_SF,2022,18,REG,2023-01-08,16:25,ARI,SF,40.0,False,first_td,00-0027942,A.J. Green,WR,ARI,pass,1,14:18,42,drive_game_clock_end,14:34
2022_18_DAL_WAS,2022,18,REG,2023-01-08,16:25,DAL,WAS,40.5,False,first_td,00-0035659,Terry McLaurin,WR,WAS,pass,1,11:08,232,drive_game_clock_end,11:14
2022_18_DET_GB,2022,18,REG,2023-01-08,20:20,DET,GB,49.0,False,first_td,00-0033948,Jamaal Williams,RB,DET,rush,3,08:05,2215,drive_game_clock_end,08:07
2022_19_SEA_SF,2022,19,WC,2023-01-14,16:30,SEA,SF,42.0,False,first_td,00-0033280,Christian McCaffrey,RB,SF,pass,1,05:11,589,drive_game_clock_end,05:17
2022_19_LAC_JAX,2022,19,WC,2023-01-14,20:15,LAC,JAX,46.5,False,first_td,00-0033699,Austin Ekeler,RB,LAC,rush,1,13:33,87,drive_game_clock_end,13:40
2022_19_MIA_BUF,2022,19,WC,2023-01-15,13:00,MIA,BUF,44.0,False,first_td,00-0035689,Dawson Knox,TE,BUF,pass,1,07:57,423,drive_game_clock_end,08:02
2022_19_NYG_MIN,2022,19,WC,2023-01-15,16:50,NYG,MIN,48.0,False,first_td,00-0029604,Kirk Cousins,QB,MIN,rush,1,08:23,397,drive_game_clock_end,08:26
2022_19_BAL_CIN,2022,19,WC,2023-01-15,20:15,BAL,CIN,40.0,False,first_td,00-0036900,Ja'Marr Chase,WR,CIN,pass,2,14:56,904,drive_game_clock_end,15:00
2022_19_DAL_TB,2022,19,WC,2023-01-16,20:15,DAL,TB,45.5,False,first_td,00-0034383,Dalton Schultz,TE,DAL,pass,1,06:28,512,drive_game_clock_end,06:34
2022_20_JAX_KC,2022,20,DIV,2023-01-21,16:30,JAX,KC,52.5,False,first_td,00-0030506,Travis Kelce,TE,KC,pass,1,07:56,424,drive_game_clock_end,08:02
2022_20_NYG_PHI,2022,20,DIV,2023-01-21,20:15,NYG,PHI,48.0,False,first_td,00-0034351,Dallas Goedert,TE,PHI,pass,1,10:06,294,drive_game_clock_end,10:13
2022_20_CIN_BUF,2022,20,DIV,2023-01-22,15:00,CIN,BUF,48.5,False,first_td,00-0036900,Ja'Marr Chase,WR,CIN,pass,1,11:40,200,drive_game_clock_end,11:48
2022_20_DAL_SF,2022,20,DIV,2023-01-22,18:30,DAL,SF,46.5,False,first_td,00-0034383,Dalton Schultz,TE,DAL,pass,2,09:25,1235,drive_game_clock_end,09:30
2022_21_SF_PHI,2022,21,CON,2023-01-29,15:00,SF,PHI,45.0,False,first_td,00-0035243,Miles Sanders,RB,PHI,rush,1,09:48,312,drive_game_clock_end,09:51
2022_21_CIN_KC,2022,21,CON,2023-01-29,18:30,CIN,KC,48.5,False,first_td,00-0030506,Travis Kelce,TE,KC,pass,2,03:53,1567,drive_game_clock_end,03:59
2022_22_KC_PHI,2022,22,SB,2023-02-12,18:30,KC,PHI,51.0,False,first_td,00-0036389,Jalen Hurts,QB,PHI,rush,1,10:09,291,drive_game_clock_end,10:13
2023_01_DET_KC,2023,1,REG,2023-09-07,20:20,DET,KC,53.0,False,first_td,00-0036963,Amon-Ra St. Brown,WR,DET,pass,1,02:46,734,drive_game_clock_end,02:52
2023_01_CAR_ATL,2023,1,REG,2023-09-10,13:00,CAR,ATL,40.5,True,first_td,00-0038542,Bijan Robinson,RB,ATL,pass,2,14:54,906,drive_game_clock_end,15:00
2023_01_HOU_BAL,2023,1,REG,2023-09-10,13:00,HOU,BAL,43.5,True,first_td,00-0036158,J.K. Dobbins,RB,BAL,rush,1,01:00,840,drive_game_clock_end,01:05
2023_01_CIN_CLE,2023,1,REG,2023-09-10,13:00,CIN,CLE,46.5,True,first_td,00-0033537,Deshaun Watson,QB,CLE,rush,2,00:17,1783,drive_game_clock_end,00:22
2023_01_JAX_IND,2023,1,REG,2023-09-10,13:00,JAX,IND,45.5,True,first_td,00-0034837,Calvin Ridley,WR,JAX,pass,1,05:18,582,drive_game_clock_end,05:26
2023_01_TB_MIN,2023,1,REG,2023-09-10,13:00,TB,MIN,45.0,True,first_td,00-0038994,Jordan Addison,WR,MIN,pass,2,11:15,1125,drive_game_clock_end,11:21
2023_01_TEN_NO,2023,1,REG,2023-09-10,13:00,TEN,NO,41.0,True,first_td,00-0037545,Rashid Shaheed,WR,NO,pass,3,01:23,2617,drive_game_clock_end,01:28
2023_01_SF_PIT,2023,1,REG,2023-09-10,13:00,SF,PIT,41.5,True,first_td,00-0036261,Brandon Aiyuk,WR,SF,pass,1,09:29,331,drive_game_clock_end,09:34
2023_01_ARI_WAS,2023,1,REG,2023-09-10,13:00,ARI,WAS,38.0,True,first_td,00-0037746,Brian Robinson,RB,WAS,pass,1,04:15,645,drive_game_clock_end,04:22
2023_01_GB_CHI,2023,1,REG,2023-09-10,16:25,GB,CHI,41.0,False,first_td,00-0037816,Romeo Doubs,WR,GB,pass,1,06:08,532,drive_game_clock_end,06:14
2023_01_LV_DEN,2023,1,REG,2023-09-10,16:25,LV,DEN,43.0,False,first_td,00-0034960,Jakobi Meyers,WR,LV,pass,1,09:28,332,drive_game_clock_end,09:32
2023_01_MIA_LAC,2023,1,REG,2023-09-10,16:25,MIA,LAC,50.5,False,first_td,00-0033699,Austin Ekeler,RB,LAC,rush,1,04:39,621,drive_game_clock_end,04:42
2023_01_PHI_NE,2023,1,REG,2023-09-10,16:25,PHI,NE,44.5,False,first_td,00-0030062,Darius Slay,CB,PHI,return,1,04:56,604,drive_game_clock_end,05:12
2023_01_LA_SEA,2023,1,REG,2023-09-10,16:25,LA,SEA,45.0,False,first_td,00-0037840,Kyren Williams,RB,LA,rush,1,00:39,861,drive_game_clock_end,00:42
2023_01_DAL_NYG,2023,1,REG,2023-09-10,20:20,DAL,NYG,44.5,False,first_td,00-0036287,Noah Igbinoghene,CB,DAL,other,1,08:03,417,drive_game_clock_end,08:14
2023_01_BUF_NYJ,2023,1,REG,2023-09-11,20:15,BUF,NYJ,44.5,False,first_td,00-0031588,Stefon Diggs,WR,BUF,pass,2,04:43,1517,drive_game_clock_end,04:51
2023_02_MIN_PHI,2023,2,REG,2023-09-14,20:15,MIN,PHI,49.0,False,first_td,00-0035229,T.J. Hockenson,TE,MIN,pass,2,10:39,1161,drive_game_clock_end,10:45
2023_02_GB_ATL,2023,2,REG,2023-09-17,13:00,GB,ATL,40.5,True,first_td,00-0039146,Jayden Reed,WR,GB,pass,2,13:33,987,drive_game_clock_end,13:40
2023_02_LV_BUF,2023,2,REG,2023-09-17,13:00,LV,BUF,47.0,True,first_td,00-0031381,Davante Adams,WR,LV,pass,1,12:16,164,drive_game_clock_end,12:22
2023_02_BAL_CIN,2023,2,REG,2023-09-17,13:00,BAL,CIN,45.5,True,first_td,00-0034184,Gus Edwards,RB,BAL,rush,1,07:12,468,drive_game_clock_end,07:15
2023_02_SEA_DET,2023,2,REG,2023-09-17,13:00,SEA,DET,47.5,True,first_td,00-0038134,Kenneth Walker III,RB,SEA,rush,1,07:04,476,drive_game_clock_end,07:07
2023_02_IND_HOU,2023,2,REG,2023-09-17,13:00,IND,HOU,40.0,True,first_td,00-0039164,Anthony Richardson,QB,IND,rush,1,10:44,256,drive_game_clock_end,10:49
2023_02_KC_JAX,2023,2,REG,2023-09-17,13:00,KC,JAX,50.5,True,first_td,00-0038090,Skyy Moore,WR,KC,pass,2,00:27,1773,drive_game_clock_end,00:30
2023_02_CHI_TB,2023,2,REG,2023-09-17,13:00,CHI,TB,41.0,True,first_td,00-0036945,Justin Fields,QB,CHI,rush,1,06:17,523,drive_game_clock_end,06:23
2023_02_LAC_TEN,2023,2,REG,2023-09-17,13:00,LAC,TEN,45.5,True,first_td,00-0030279,Keenan Allen,WR,LAC,pass,2,08:16,1304,drive_game_clock_end,08:24
2023_02_NYG_ARI,2023,2,REG,2023-09-17,16:05,NYG,ARI,40.0,False,first_td,00-0033553,James Conner,RB,ARI,rush,1,06:11,529,drive_game_clock_end,06:15
2023_02_SF_LA,2023,2,REG,2023-09-17,16:05,SF,LA,45.0,False,first_td,00-0033280,Christian McCaffrey,RB,SF,rush,1,08:25,395,drive_game_clock_end,08:31
2023_02_NYJ_DAL,2023,2,REG,2023-09-17,16:25,NYJ,DAL,38.5,False,first_td,00-0038041,Jake Ferguson,TE,DAL,pass,1,09:19,341,drive_game_clock_end,09:25
2023_02_WAS_DEN,2023,2,REG,2023-09-17,16:25,WAS,DEN,38.5,False,first_td,00-0038794,Jaleel McLaughlin,RB,DEN,rush,1,06:14,526,drive_game_clock_end,06:19
2023_02_MIA_NE,2023,2,REG,2023-09-17,20:20,MIA,NE,46.5,False,first_td,00-0031687,Raheem Mostert,RB,MIA,rush,2,09:39,1221,drive_game_clock_end,09:43
2023_02_NO_CAR,2023,2,REG,2023-09-18,19:15,NO,CAR,39.5,False,first_td,00-0035860,Tony Jones,RB,NO,rush,3,02:56,2524,drive_game_clock_end,03:03
2023_02_CLE_PIT,2023,2,REG,2023-09-18,20:15,CLE,PIT,39.0,False,first_td,00-0036333,Alex Highsmith,LB,PIT,return,1,14:51,9,drive_game_clock_end,15:00
2023_03_NYG_SF,2023,3,REG,2023-09-21,20:15,NYG,SF,43.5,False,first_td,00-0038647,Ronnie Bell,WR,SF,pass,2,07:49,1331,drive_game_clock_end,07:53
2023_03_IND_BAL,2023,3,REG,2023-09-24,13:00,IND,BAL,43.5,True,first_td,00-0034796,Lamar Jackson,QB,BAL,rush,1,06:35,505,drive_game_clock_end,06:42
2023_03_TEN_CLE,2023,3,REG,2023-09-24,13:00,TEN,CLE,38.0,True,first_td,00-0037267,Jerome Ford,RB,CLE,pass,2,09:39,1221,drive_game_clock_end,09:44
2023_03_ATL_DET,2023,3,REG,2023-09-24,13:00,ATL,DET,47.5,True,first_td,00-0039065,Sam LaPorta,TE,DET,pass,2,10:05,1195,drive_game_clock_end,10:12
2023_03_NO_GB,2023,3,REG,2023-09-24,13:00,NO,GB,41.5,True,first_td,00-0027696,Jimmy Graham,TE,NO,pass,1,06:40,500,drive_game_clock_end,06:44
2023_03_HOU_JAX,2023,3,REG,2023-09-24,13:00,HOU,JAX,43.5,True,first_td,00-0037258,Dameon Pierce,RB,HOU,rush,1,07:35,445,drive_game_clock_end,07:39
2023_03_DEN_MIA,2023,3,REG,2023-09-24,13:00,DEN,MIA,47.5,True,first_td,00-0033040,Tyreek Hill,WR,MIA,pass,1,13:37,83,drive_game_clock_end,13:48
2023_03_LAC_MIN,2023,3,REG,2023-09-24,13:00,LAC,MIN,54.0,True,first_td,00-0035329,Donald Parham,TE,LAC,pass,1,02:51,729,drive_game_clock_end,02:55
2023_03_NE_NYJ,2023,3,REG,2023-09-24,13:00,NE,NYJ,35.5,True,first_td,00-0033439,Pharaoh Brown,TE,NE,pass,2,11:38,1102,drive_game_clock_end,11:49
2023_03_BUF_WAS,2023,3,REG,2023-09-24,13:00,BUF,WAS,44.0,True,first_td,00-0036196,Gabe Davis,WR,BUF,pass,1,00:41,859,drive_game_clock_end,00:47
2023_03_CAR_SEA,2023,3,REG,2023-09-24,16:05,CAR,SEA,42.5,False,first_td,00-0034777,DJ Chark,WR,CAR,pass,2,04:54,1506,drive_game_clock_end,05:03
2023_03_DAL_ARI,2023,3,REG,2023-09-24,16:25,DAL,ARI,43.5,False,first_td,00-0033553,James Conner,RB,ARI,rush,1,06:12,528,drive_game_clock_end,06:16
2023_03_CHI_KC,2023,3,REG,2023-09-24,16:25,CHI,KC,48.0,False,first_td,00-0031376,Jerick McKinnon,RB,KC,pass,1,06:51,489,drive_game_clock_end,06:55
2023_03_PIT_LV,2023,3,REG,2023-09-24,20:20,PIT,LV,43.5,False,first_td,00-0031381,Davante Adams,WR,LV,pass,1,07:04,476,drive_game_clock_end,07:10
2023_03_PHI_TB,2023,3,REG,2023-09-25,19:15,PHI,TB,44.0,False,first_td,00-0035208,Olamide Zaccheaus,WR,PHI,pass,2,03:32,1588,drive_game_clock_end,03:41
2023_03_LA_CIN,2023,3,REG,2023-09-25,20:15,LA,CIN,45.5,False,first_td,00-0033897,Joe Mixon,RB,CIN,rush,3,05:34,2366,drive_game_clock_end,05:39
2023_04_DET_GB,2023,4,REG,2023-09-28,20:15,DET,GB,45.0,False,first_td,00-0036963,Amon-Ra St. Brown,WR,DET,pass,1,08:16,404,drive_game_clock_end,08:22
2023_04_ATL_JAX,2023,4,REG,2023-10-01,09:30,ATL,JAX,42.5,False,first_td,00-0034837,Calvin Ridley,WR,JAX,pass,1,05:44,556,drive_game_clock_end,05:50
2023_04_MIA_BUF,2023,4,REG,2023-10-01,13:00,MIA,BUF,53.0,True,first_td,00-0036196,Gabe Davis,WR,BUF,pass,1,10:41,259,drive_game_clock_end,10:46
2023_04_MIN_CAR,2023,4,REG,2023-10-01,13:00,MIN,CAR,46.5,True,first_td,00-0036037,Sam Franklin Jr.,SAF,CAR,return,1,10:27,273,drive_game_clock_end,10:42
2023_04_DEN_CHI,2023,4,REG,2023-10-01,13:00,DEN,CHI,47.0,True,first_td,00-0038794,Jaleel McLaughlin,RB,DEN,pass,1,05:08,592,drive_game_clock_end,05:15
2023_04_BAL_CLE,2023,4,REG,2023-10-01,13:00,BAL,CLE,38.5,True,first_td,00-0034796,Lamar Jackson,QB,BAL,rush,1,06:38,502,drive_game_clock_end,06:42
2023_04_PIT_HOU,2023,4,REG,2023-10-01,13:00,PIT,HOU,41.5,True,first_td,00-0036554,Nico Collins,WR,HOU,pass,1,08:55,365,drive_game_clock_end,08:58
2023_04_LA_IND,2023,4,REG,2023-10-01,13:00,LA,IND,44.5,True,first_td,00-0037840,Kyren Williams,RB,LA,rush,1,11:35,205,drive_game_clock_end,11:38
2023_04_TB_NO,2023,4,REG,2023-10-01,13:00,TB,NO,41.0,True,first_td,00-0038129,Cade Otton,TE,TB,pass,2,05:19,1481,drive_game_clock_end,05:25
2023_04_WAS_PHI,2023,4,REG,2023-10-01,13:00,WAS,PHI,43.0,True,first_td,00-0033282,Curtis Samuel,WR,WAS,rush,1,07:52,428,drive_game_clock_end,07:55
2023_04_CIN_TEN,2023,4,REG,2023-10-01,13:00,CIN,TEN,41.5,True,first_td,00-0036182,Nick Westbrook-Ikhine,WR,TEN,pass,2,06:31,1409,drive_game_clock_end,06:36
2023_04_LV_LAC,2023,4,REG,2023-10-01,16:05,LV,LAC,49.0,False,first_td,00-0036355,Justin Herbert,QB,LAC,rush,1,10:38,262,drive_game_clock_end,10:44
2023_04_NE_DAL,2023,4,REG,2023-10-01,16:25,NE,DAL,43.0,False,first_td,00-0036358,CeeDee Lamb,WR,DAL,pass,1,01:30,810,drive_game_clock_end,01:34
2023_04_ARI_SF,2023,4,REG,2023-10-01,16:25,ARI,SF,44.0,False,first_td,00-0033280,Christian McCaffrey,RB,SF,rush,1,09:07,353,drive_game_clock_end,09:10
2023_04_KC_NYJ,2023,4,REG,2023-10-01,20:20,KC,NYJ,41.5,False,first_td,00-0037197,Isiah Pacheco,RB,KC,rush,1,08:32,388,drive_game_clock_end,08:41
2023_04_SEA_NYG,2023,4,REG,2023-10-02,20:15,SEA,NYG,46.5,False,first_td,00-0035640,DK Metcalf,WR,SEA,pass,1,00:00,900,drive_game_clock_end,00:06
2023_05_CHI_WAS,2023,5,REG,2023-10-05,20:15,CHI,WAS,45.5,False,first_td,00-0034827,DJ Moore,WR,CHI,pass,1,12:04,176,drive_game_clock_end,12:09
2023_05_JAX_BUF,2023,5,REG,2023-10-08,09:30,JAX,BUF,48.5,False,first_td,00-0033891,Zay Jones,WR,JAX,pass,1,06:59,481,drive_game_clock_end,07:04
2023_05_HOU_ATL,2023,5,REG,2023-10-08,13:00,HOU,ATL,42.0,True,first_td,00-0038122,Desmond Ridder,QB,ATL,rush,1,06:48,492,drive_game_clock_end,06:53
2023_05_CAR_DET,2023,5,REG,2023-10-08,13:00,CAR,DET,43.5,True,first_td,00-0035685,David Montgomery,RB,DET,rush,1,09:41,319,drive_game_clock_end,09:50
2023_05_TEN_IND,2023,5,REG,2023-10-08,13:00,TEN,IND,43.5,True,first_td,00-0036251,Zack Moss,RB,IND,rush,1,00:41,859,drive_game_clock_end,00:50
2023_05_NYG_MIA,2023,5,REG,2023-10-08,13:00,NYG,MIA,47.5,True,first_td,00-0036613,Jaylen Waddle,WR,MIA,pass,1,07:09,471,drive_game_clock_end,07:16
2023_05_NO_NE,2023,5,REG,2023-10-08,13:00,NO,NE,38.5,True,first_td,00-0030459,Tyrann Mathieu,FS,NO,return,1,07:02,478,drive_game_clock_end,07:11
2023_05_BAL_PIT,2023,5,REG,2023-10-08,13:00,BAL,PIT,38.5,True,first_td,00-0034975,Justice Hill,RB,BAL,rush,1,06:15,525,drive_game_clock_end,06:20
2023_05_CIN_ARI,2023,5,REG,2023-10-08,16:05,CIN,ARI,45.5,False,first_td,00-0036900,Ja'Marr Chase,WR,CIN,pass,1,07:09,471,drive_game_clock_end,07:15
2023_05_PHI_LA,2023,5,REG,2023-10-08,16:05,PHI,LA,50.5,False,first_td,00-0034351,Dallas Goedert,TE,PHI,pass,1,08:37,383,drive_game_clock_end,08:41
2023_05_NYJ_DEN,2023,5,REG,2023-10-08,16:25,NYJ,DEN,42.5,False,first_td,00-0038794,Jaleel McLaughlin,RB,DEN,pass,1,07:34,446,drive_game_clock_end,07:42
2023_05_KC_MIN,2023,5,REG,2023-10-08,16:25,KC,MIN,52.5,False,first_td,00-0037197,Isiah Pacheco,RB,KC,rush,1,10:00,300,drive_game_clock_end,10:06
2023_05_DAL_SF,2023,5,REG,2023-10-08,20:20,DAL,SF,45.0,False,first_td,00-0033288,George Kittle,TE,SF,pass,1,11:10,230,drive_game_clock_end,11:16
2023_05_GB_LV,2023,5,REG,2023-10-09,20:15,GB,LV,45.0,False,first_td,00-0034960,Jakobi Meyers,WR,LV,pass,2,04:09,1551,drive_game_clock_end,04:13
2023_06_DEN_KC,2023,6,REG,2023-10-12,20:15,DEN,KC,47.5,False,first_td,00-0036913,Kadarius Toney,WR,KC,pass,2,03:06,1614,drive_game_clock_end,03:09
2023_06_BAL_TEN,2023,6,REG,2023-10-15,09:30,BAL,TEN,42.5,False,first_td,00-0039064,Zay Flowers,WR,BAL,pass,2,03:28,1592,drive_game_clock_end,03:36
2023_06_WAS_ATL,2023,6,REG,2023-10-15,13:00,WAS,ATL,42.0,True,first_td,00-0036970,Kyle Pitts,TE,ATL,pass,1,02:46,734,drive_game_clock_end,02:51
2023_06_MIN_CHI,2023,6,REG,2023-10-15,13:00,MIN,CHI,44.5,True,first_td,00-0038994,Jordan Addison,WR,MIN,pass,2,00:12,1788,drive_game_clock_end,00:17
2023_06_SEA_CIN,2023,6,REG,2023-10-15,13:00,SEA,CIN,45.5,True,first_td,00-0038134,Kenneth Walker III,RB,SEA,rush,1,08:38,382,drive_game_clock_end,08:40
2023_06_SF_CLE,2023,6,REG,2023-10-15,13:00,SF,CLE,36.0,True,first_td,00-0033280,Christian McCaffrey,RB,SF,pass,1,12:16,164,drive_game_clock_end,12:23
2023_06_NO_HOU,2023,6,REG,2023-10-15,13:00,NO,HOU,42.5,True,first_td,00-0034383,Dalton Schultz,TE,HOU,pass,1,03:41,679,drive_game_clock_end,03:45
2023_06_IND_JAX,2023,6,REG,2023-10-15,13:00,IND,JAX,44.0,True,first_td,00-0036973,Travis Etienne,RB,JAX,rush,2,14:17,943,drive_game_clock_end,14:21
2023_06_CAR_MIA,2023,6,REG,2023-10-15,13:00,CAR,MIA,47.5,True,first_td,00-0036555,Chuba Hubbard,RB,CAR,rush,1,07:13,467,drive_game_clock_end,07:18
2023_06_NE_LV,2023,6,REG,2023-10-15,16:05,NE,LV,41.5,False,first_td,00-0034960,Jakobi Meyers,WR,LV,pass,2,12:22,1058,drive_game_clock_end,12:27
2023_06_ARI_LA,2023,6,REG,2023-10-15,16:25,ARI,LA,48.0,False,first_td,00-0033908,Cooper Kupp,WR,LA,pass,3,08:57,2163,drive_game_clock_end,09:01
2023_06_PHI_NYJ,2023,6,REG,2023-10-15,16:25,PHI,NYJ,43.0,False,first_td,00-0036389,Jalen Hurts,QB,PHI,rush,1,03:04,716,drive_game_clock_end,03:08
2023_06_DET_TB,2023,6,REG,2023-10-15,16:25,DET,TB,43.5,False,first_td,00-0036963,Amon-Ra St. Brown,WR,DET,pass,2,02:39,1641,drive_game_clock_end,02:49
2023_06_NYG_BUF,2023,6,REG,2023-10-15,20:20,NYG,BUF,43.5,False,first_td,00-0035215,Deonte Harty,WR,BUF,pass,4,14:54,2706,drive_game_clock_end,15:00
2023_06_DAL_LAC,2023,6,REG,2023-10-16,20:15,DAL,LAC,49.5,False,first_td,00-0030279,Keenan Allen,WR,LAC,pass,1,10:31,269,drive_game_clock_end,10:34
2023_07_JAX_NO,2023,7,REG,2023-10-19,20:15,JAX,NO,41.0,False,first_td,00-0036973,Travis Etienne,RB,JAX,rush,1,09:44,316,drive_game_clock_end,09:48
2023_07_DET_BAL,2023,7,REG,2023-10-22,13:00,DET,BAL,43.5,True,first_td,00-0034796,Lamar Jackson,QB,BAL,rush,1,10:37,263,drive_game_clock_end,10:42
2023_07_LV_CHI,2023,7,REG,2023-10-22,13:00,LV,CHI,38.5,True,first_td,00-0033925,D'Onta Foreman,RB,CHI,rush,1,03:45,675,drive_game_clock_end,03:49
2023_07_CLE_IND,2023,7,REG,2023-10-22,13:00,CLE,IND,40.0,True,first_td,00-0037267,Jerome Ford,RB,CLE,rush,1,14:03,57,drive_game_clock_end,14:12
2023_07_BUF_NE,2023,7,REG,2023-10-22,13:00,BUF,NE,41.0,True,first_td,00-0033045,Ezekiel Elliott,RB,NE,rush,1,06:58,482,drive_game_clock_end,07:05
2023_07_WAS_NYG,2023,7,REG,2023-10-22,13:00,WAS,NYG,37.0,True,first_td,00-0031610,Darren Waller,TE,NYG,pass,2,14:18,942,drive_game_clock_end,14:22
2023_07_ATL_TB,2023,7,REG,2023-10-22,13:00,ATL,TB,37.5,True,first_td,00-0038122,Desmond Ridder,QB,ATL,rush,1,06:48,492,drive_game_clock_end,06:52
2023_07_PIT_LA,2023,7,REG,2023-10-22,16:05,PIT,LA,44.0,False,first_td,00-0036849,Tutu Atwell,WR,LA,pass,2,00:17,1783,drive_game_clock_end,00:25
2023_07_ARI_SEA,2023,7,REG,2023-10-22,16:05,ARI,SEA,43.5,False,first_td,00-0038543,Jaxon Smith-Njigba,WR,SEA,pass,1,04:47,613,drive_game_clock_end,04:53
2023_07_GB_DEN,2023,7,REG,2023-10-22,16:25,GB,DEN,44.0,False,first_td,00-0034348,Courtland Sutton,WR,DEN,pass,3,06:17,2323,drive_game_clock_end,06:22
2023_07_LAC_KC,2023,7,REG,2023-10-22,16:25,LAC,KC,48.5,False,first_td,00-0034272,Marquez Valdes-Scantling,WR,KC,pass,2,14:11,949,drive_game_clock_end,14:23
2023_07_MIA_PHI,2023,7,REG,2023-10-22,20:20,MIA,PHI,52.0,False,first_td,00-0034351,Dallas Goedert,TE,PHI,pass,2,11:25,1115,drive_game_clock_end,11:31
2023_07_SF_MIN,2023,7,REG,2023-10-23,20:15,SF,MIN,44.5,False,first_td,00-0038994,Jordan Addison,WR,MIN,pass,1,04:48,612,drive_game_clock_end,04:52
2023_08_TB_BUF,2023,8,REG,2023-10-26,20:15,TB,BUF,43.0,False,first_td,00-0034857,Josh Allen,QB,BUF,rush,2,11:03,1137,drive_game_clock_end,11:10
2023_08_HOU_CAR,2023,8,REG,2023-10-29,13:00,HOU,CAR,43.0,True,first_td,00-0034959,Andrew Beck,FB,HOU,rush,2,13:13,1007,drive_game_clock_end,13:15
2023_08_LA_DAL,2023,8,REG,2023-10-29,13:00,LA,DAL,44.5,True,first_td,00-0038041,Jake Ferguson,TE,DAL,pass,1,09:44,316,drive_game_clock_end,09:49
2023_08_MIN_GB,2023,8,REG,2023-10-29,13:00,MIN,GB,41.5,True,first_td,00-0036414,Cam Akers,RB,MIN,rush,1,01:34,806,drive_game_clock_end,01:39
2023_08_NO_IND,2023,8,REG,2023-10-29,13:00,NO,IND,43.5,True,first_td,00-0036252,Michael Pittman,WR,IND,pass,1,06:56,484,drive_game_clock_end,07:02
2023_08_NE_MIA,2023,8,REG,2023-10-29,13:00,NE,MIA,46.5,True,first_td,00-0033307,Kendrick Bourne,WR,NE,pass,1,03:32,688,drive_game_clock_end,03:39
2023_08_NYJ_NYG,2023,8,REG,2023-10-29,13:00,NYJ,NYG,35.0,True,first_td,00-0038120,Breece Hall,RB,NYJ,pass,1,01:06,834,drive_game_clock_end,01:18
2023_08_JAX_PIT,2023,8,REG,2023-10-29,13:00,JAX,PIT,41.0,True,first_td,00-0036973,Travis Etienne,RB,JAX,pass,3,05:05,2395,drive_game_clock_end,05:14
2023_08_ATL_TEN,2023,8,REG,2023-10-29,13:00,ATL,TEN,35.0,True,first_td,00-0030564,DeAndre Hopkins,WR,TEN,pass,1,02:28,752,drive_game_clock_end,02:37
2023_08_PHI_WAS,2023,8,REG,2023-10-29,13:00,PHI,WAS,42.5,True,first_td,00-0035659,Terry McLaurin,WR,WAS,pass,1,07:13,467,drive_game_clock_end,07:19
2023_08_CLE_SEA,2023,8,REG,2023-10-29,16:05,CLE,SEA,39.5,False,first_td,00-0038752,Jake Bobo,WR,SEA,rush,1,08:53,367,drive_game_clock_end,08:56
2023_08_BAL_ARI,2023,8,REG,2023-10-29,16:25,BAL,ARI,44.5,False,first_td,00-0033949,Joshua Dobbs,QB,ARI,rush,1,08:05,415,drive_game_clock_end,08:08
2023_08_KC_DEN,2023,8,REG,2023-10-29,16:25,KC,DEN,45.5,False,first_td,00-0036997,Javonte Williams,RB,DEN,pass,1,07:56,424,drive_game_clock_end,08:04
2023_08_CIN_SF,2023,8,REG,2023-10-29,16:25,CIN,SF,44.0,False,first_td,00-0033009,Tyler Boyd,WR,CIN,pass,1,08:11,409,drive_game_clock_end,08:17
2023_08_CHI_LAC,2023,8,REG,2023-10-29,20:20,CHI,LAC,46.0,False,first_td,00-0033699,Austin Ekeler,RB,LAC,pass,1,07:08,472,drive_game_clock_end,07:19
2023_08_LV_DET,2023,8,REG,2023-10-30,20:15,LV,DET,46.0,False,first_td,00-0035700,Josh Jacobs,RB,LV,rush,2,02:56,1624,drive_game_clock_end,03:00
2023_09_TEN_PIT,2023,9,REG,2023-11-02,20:15,TEN,PIT,37.0,False,first_td,00-0036893,Najee Harris,RB,PIT,rush,1,10:11,289,drive_game_clock_end,10:16
2023_09_MIA_KC,2023,9,REG,2023-11-05,09:30,MIA,KC,51.0,False,first_td,00-0039067,Rashee Rice,WR,KC,pass,1,12:03,177,drive_game_clock_end,12:08
2023_09_MIN_ATL,2023,9,REG,2023-11-05,13:00,MIN,ATL,38.5,True,first_td,00-0034972,Alexander Mattison,RB,MIN,pass,2,00:55,1745,drive_game_clock_end,01:00
2023_09_SEA_BAL,2023,9,REG,2023-11-05,13:00,SEA,BAL,44.5,True,first_td,00-0034184,Gus Edwards,RB,BAL,rush,2,13:06,1014,drive_game_clock_end,13:09
2023_09_ARI_CLE,2023,9,REG,2023-11-05,13:00,ARI,CLE,38.0,True,first_td,00-0031544,Amari Cooper,WR,CLE,pass,2,06:48,1392,drive_game_clock_end,06:52
2023_09_LA_GB,2023,9,REG,2023-11-05,13:00,LA,GB,38.0,True,first_td,00-0033293,Aaron Jones,RB,GB,rush,2,14:19,941,drive_game_clock_end,14:22
2023_09_TB_HOU,2023,9,REG,2023-11-05,13:00,TB,HOU,39.5,True,first_td,00-0036554,Nico Collins,WR,HOU,pass,1,09:10,350,drive_game_clock_end,09:14
2023_09_WAS_NE,2023,9,REG,2023-11-05,13:00,WAS,NE,40.5,True,first_td,00-0037746,Brian Robinson,RB,WAS,rush,2,12:05,1075,drive_game_clock_end,12:10
2023_09_CHI_NO,2023,9,REG,2023-11-05,13:00,CHI,NO,42.0,True,first_td,00-0036290,Cole Kmet,TE,CHI,pass,1,11:21,219,drive_game_clock_end,11:28
2023_09_IND_CAR,2023,9,REG,2023-11-05,16:05,IND,CAR,45.0,False,first_td,00-0036223,Jonathan Taylor,RB,IND,pass,2,07:43,1337,drive_game_clock_end,07:52
2023_09_NYG_LV,2023,9,REG,2023-11-05,16:25,NYG,LV,38.5,False,first_td,00-0034960,Jakobi Meyers,WR,LV,rush,1,09:45,315,drive_game_clock_end,09:50
2023_09_DAL_PHI,2023,9,REG,2023-11-05,16:25,DAL,PHI,46.5,False,first_td,00-0036919,Kenny Gainwell,RB,PHI,rush,1,05:46,554,drive_game_clock_end,05:52
2023_09_BUF_CIN,2023,9,REG,2023-11-05,20:20,BUF,CIN,51.0,False,first_td,00-0034970,Irv Smith,TE,CIN,pass,1,09:18,342,drive_game_clock_end,09:23
2023_09_LAC_NYJ,2023,9,REG,2023-11-06,20:15,LAC,NYJ,41.0,False,first_td,00-0038573,Derius Davis,WR,LAC,return,1,13:15,105,drive_game_clock_end,13:35
2023_10_CAR_CHI,2023,10,REG,2023-11-09,20:15,CAR,CHI,38.0,False,first_td,00-0036635,Ihmir Smith-Marsette,WR,CAR,return,1,05:46,554,drive_game_clock_end,06:05
2023_10_IND_NE,2023,10,REG,2023-11-12,09:30,IND,NE,42.0,False,first_td,00-0036223,Jonathan Taylor,RB,IND,rush,1,00:58,842,drive_game_clock_end,01:02
2023_10_CLE_BAL,2023,10,REG,2023-11-12,13:00,CLE,BAL,38.5,True,first_td,00-0038038,Kyle Hamilton,SAF,BAL,return,1,14:20,40,drive_game_clock_end,14:26
2023_10_HOU_CIN,2023,10,REG,2023-11-12,13:00,HOU,CIN,46.0,True,first_td,00-0035341,Trenton Irwin,WR,CIN,pass,1,09:43,317,drive_game_clock_end,09:48
2023_10_SF_JAX,2023,10,REG,2023-11-12,13:00,SF,JAX,44.5,True,first_td,00-0036261,Brandon Aiyuk,WR,SF,pass,1,11:34,206,drive_game_clock_end,11:42
2023_10_NO_MIN,2023,10,REG,2023-11-12,13:00,NO,MIN,41.0,True,first_td,00-0037276,Ty Chandler,RB,MIN,rush,2,10:14,1186,drive_game_clock_end,10:17
2023_10_GB_PIT,2023,10,REG,2023-11-12,13:00,GB,PIT,38.5,True,first_td,00-0036893,Najee Harris,RB,PIT,rush,1,10:01,299,drive_game_clock_end,10:05
2023_10_TEN_TB,2023,10,REG,2023-11-12,13:00,TEN,TB,39.5,True,first_td,00-0037256,Rachaad White,RB,TB,pass,2,05:39,1461,drive_game_clock_end,05:49
2023_10_ATL_ARI,2023,10,REG,2023-11-12,16:05,ATL,ARI,43.5,False,first_td,00-0035298,Scott Miller,WR,ATL,pass,2,13:27,993,drive_game_clock_end,13:33
2023_10_DET_LAC,2023,10,REG,2023-11-12,16:05,DET,LAC,48.5,False,first_td,00-0039139,Jahmyr Gibbs,RB,DET,rush,1,04:18,642,drive_game_clock_end,04:22
2023_10_NYG_DAL,2023,10,REG,2023-11-12,16:25,NYG,DAL,38.5,False,first_td,00-0036358,CeeDee Lamb,WR,DAL,rush,1,03:38,682,drive_game_clock_end,03:44
2023_10_WAS_SEA,2023,10,REG,2023-11-12,16:25,WAS,SEA,44.0,False,first_td,00-0037746,Brian Robinson,RB,WAS,pass,1,13:26,94,drive_game_clock_end,13:36
2023_10_NYJ_LV,2023,10,REG,2023-11-12,20:20,NYJ,LV,35.5,False,first_td,00-0039066,Michael Mayer,TE,LV,pass,4,14:10,2750,drive_game_clock_end,14:17
2023_10_DEN_BUF,2023,10,REG,2023-11-13,20:15,DEN,BUF,47.5,False,first_td,00-0034348,Courtland Sutton,WR,DEN,pass,2,07:17,1363,drive_game_clock_end,07:23
2023_11_CIN_BAL,2023,11,REG,2023-11-16,20:15,CIN,BAL,46.5,False,first_td,00-0034184,Gus Edwards,RB,BAL,rush,1,10:02,298,drive_game_clock_end,10:06
2023_11_DAL_CAR,2023,11,REG,2023-11-19,13:00,DAL,CAR,43.0,True,first_td,00-0038547,Luke Schoonmaker,TE,DAL,pass,1,03:20,700,drive_game_clock_end,03:25
2023_11_PIT_CLE,2023,11,REG,2023-11-19,13:00,PIT,CLE,34.0,True,first_td,00-0037267,Jerome Ford,RB,CLE,rush,1,04:35,625,drive_game_clock_end,04:38
2023_11_CHI_DET,2023,11,REG,2023-11-19,13:00,CHI,DET,48.0,True,first_td,00-0033925,D'Onta Foreman,RB,CHI,rush,1,09:23,337,drive_game_clock_end,09:26
2023_11_LAC_GB,2023,11,REG,2023-11-19,13:00,LAC,GB,44.0,True,first_td,00-0039146,Jayden Reed,WR,GB,rush,2,14:53,907,drive_game_clock_end,15:00
2023_11_ARI_HOU,2023,11,REG,2023-11-19,13:00,ARI,HOU,48.0,True,first_td,00-0036936,Rondale Moore,WR,ARI,pass,1,13:28,92,drive_game_clock_end,13:36
2023_11_TEN_JAX,2023,11,REG,2023-11-19,13:00,TEN,JAX,40.0,True,first_td,00-0034837,Calvin Ridley,WR,JAX,pass,1,02:58,722,drive_game_clock_end,03:03
2023_11_LV_MIA,2023,11,REG,2023-11-19,13:00,LV,MIA,44.5,True,first_td,00-0033040,Tyreek Hill,WR,MIA,pass,1,02:03,777,drive_game_clock_end,02:10
2023_11_NYG_WAS,2023,11,REG,2023-11-19,13:00,NYG,WAS,39.0,True,first_td,00-0034844,Saquon Barkley,RB,NYG,pass,1,06:29,511,drive_game_clock_end,06:35
2023_11_TB_SF,2023,11,REG,2023-11-19,16:05,TB,SF,41.5,False,first_td,00-0033280,Christian McCaffrey,RB,SF,pass,1,03:55,665,drive_game_clock_end,03:59
2023_11_NYJ_BUF,2023,11,REG,2023-11-19,16:25,NYJ,BUF,39.5,False,first_td,00-0037248,James Cook,RB,BUF,pass,2,03:03,1617,drive_game_clock_end,03:08
2023_11_SEA_LA,2023,11,REG,2023-11-19,16:25,SEA,LA,45.0,False,first_td,00-0035640,DK Metcalf,WR,SEA,pass,1,05:20,580,drive_game_clock_end,05:23
2023_11_MIN_DEN,2023,11,REG,2023-11-19,20:20,MIN,DEN,43.5,False,first_td,00-0035249,Josh Oliver,TE,MIN,pass,2,14:53,907,drive_game_clock_end,15:00
2023_11_PHI_KC,2023,11,REG,2023-11-20,20:15,PHI,KC,46.0,False,first_td,00-0034386,Justin Watson,WR,KC,pass,1,05:34,566,drive_game_clock_end,05:40
2023_12_GB_DET,2023,12,REG,2023-11-23,12:30,GB,DET,47.0,False,first_td,00-0039146,Jayden Reed,WR,GB,pass,1,12:16,164,drive_game_clock_end,12:21
2023_12_WAS_DAL,2023,12,REG,2023-11-23,16:30,WAS,DAL,48.0,False,first_td,00-0036139,Rico Dowdle,RB,DAL,pass,1,00:46,854,drive_game_clock_end,00:53
2023_12_SF_SEA,2023,12,REG,2023-11-23,20:20,SF,SEA,43.5,False,first_td,00-0035719,Deebo Samuel Sr.,WR,SF,rush,1,10:01,299,drive_game_clock_end,10:04
2023_12_MIA_NYJ,2023,12,REG,2023-11-24,15:00,MIA,NYJ,40.0,False,first_td,00-0033040,Tyreek Hill,WR,MIA,pass,2,08:21,1299,drive_game_clock_end,08:25
2023_12_NO_ATL,2023,12,REG,2023-11-26,13:00,NO,ATL,42.0,True,first_td,00-0034675,Jessie Bates,FS,ATL,return,1,01:46,794,drive_game_clock_end,01:59
2023_12_PIT_CIN,2023,12,REG,2023-11-26,13:00,PIT,CIN,36.0,True,first_td,00-0035631,Drew Sample,TE,CIN,pass,2,10:30,1170,drive_game_clock_end,10:36
2023_12_JAX_HOU,2023,12,REG,2023-11-26,13:00,JAX,HOU,48.0,True,first_td,00-0036971,Trevor Lawrence,QB,JAX,rush,2,09:43,1217,drive_game_clock_end,09:44
2023_12_TB_IND,2023,12,REG,2023-11-26,13:00,TB,IND,45.0,True,first_td,00-0036223,Jonathan Taylor,RB,IND,rush,1,00:11,889,drive_game_clock_end,00:16
2023_12_NE_NYG,2023,12,REG,2023-11-26,13:00,NE,NYG,36.5,True,first_td,00-0036165,Isaiah Hodgins,WR,NYG,pass,2,01:53,1687,drive_game_clock_end,02:00
2023_12_CAR_TEN,2023,12,REG,2023-11-26,13:00,CAR,TEN,36.0,True,first_td,00-0032764,Derrick Henry,RB,TEN,rush,1,00:34,866,drive_game_clock_end,00:40
2023_12_LA_ARI,2023,12,REG,2023-11-26,16:05,LA,ARI,45.0,False,first_td,00-0033110,Tyler Higbee,TE,LA,pass,1,11:18,222,drive_game_clock_end,11:23
2023_12_CLE_DEN,2023,12,REG,2023-11-26,16:05,CLE,DEN,37.5,False,first_td,00-0033526,Samaje Perine,RB,DEN,rush,1,08:14,406,drive_game_clock_end,08:18
2023_12_KC_LV,2023,12,REG,2023-11-26,16:25,KC,LV,42.5,False,first_td,00-0034960,Jakobi Meyers,WR,LV,pass,1,09:32,328,drive_game_clock_end,09:38
2023_12_BUF_PHI,2023,12,REG,2023-11-26,16:25,BUF,PHI,49.0,False,first_td,00-0036389,Jalen Hurts,QB,PHI,rush,1,01:06,834,drive_game_clock_end,01:09
2023_12_BAL_LAC,2023,12,REG,2023-11-26,20:20,BAL,LAC,49.0,False,first_td,00-0039064,Zay Flowers,WR,BAL,pass,2,10:41,1159,drive_game_clock_end,10:46
2023_12_CHI_MIN,2023,12,REG,2023-11-27,20:15,CHI,MIN,43.5,False,first_td,00-0035229,T.J. Hockenson,TE,MIN,pass,4,05:54,3246,drive_game_clock_end,05:58
2023_13_SEA_DAL,2023,13,REG,2023-11-30,20:15,SEA,DAL,47.5,False,first_td,00-0035640,DK Metcalf,WR,SEA,pass,1,07:28,452,drive_game_clock_end,07:37
2023_13_DEN_HOU,2023,13,REG,2023-12-03,13:00,DEN,HOU,47.5,True,first_td,00-0037258,Dameon Pierce,RB,HOU,rush,1,03:49,671,drive_game_clock_end,03:53
2023_13_LAC_NE,2023,13,REG,2023-12-03,13:00,LAC,NE,38.5,True,no_td,,,,,,,,,,
2023_13_DET_NO,2023,13,REG,2023-12-03,13:00,DET,NO,47.5,True,first_td,00-0035685,David Montgomery,RB,DET,rush,1,11:15,225,drive_game_clock_end,11:19
2023_13_ATL_NYJ,2023,13,REG,2023-12-03,13:00,ATL,NYJ,33.0,True,first_td,00-0031585,MyCole Pruitt,TE,ATL,pass,2,10:04,1196,drive_game_clock_end,10:10
2023_13_ARI_PIT,2023,13,REG,2023-12-03,13:00,ARI,PIT,41.0,True,first_td,00-0037744,Trey McBride,TE,ARI,pass,2,00:15,1785,drive_game_clock_end,00:20
2023_13_IND_TEN,2023,13,REG,2023-12-03,13:00,IND,TEN,42.0,True,first_td,00-0032764,Derrick Henry,RB,TEN,rush,1,13:20,100,drive_game_clock_end,13:26
2023_13_MIA_WAS,2023,13,REG,2023-12-03,13:00,MIA,WAS,50.0,True,first_td,00-0033040,Tyreek Hill,WR,MIA,pass,1,09:28,332,drive_game_clock_end,09:37
2023_13_CAR_TB,2023,13,REG,2023-12-03,16:05,CAR,TB,37.0,False,first_td,00-0037256,Rachaad White,RB,TB,rush,1,06:08,532,drive_game_clock_end,06:16
2023_13_CLE_LA,2023,13,REG,2023-12-03,16:25,CLE,LA,39.5,False,first_td,00-0037267,Jerome Ford,RB,CLE,pass,1,10:18,282,drive_game_clock_end,10:26
2023_13_SF_PHI,2023,13,REG,2023-12-03,16:25,SF,PHI,46.5,False,first_td,00-0036261,Brandon Aiyuk,WR,SF,pass,2,07:10,1370,drive_game_clock_end,07:15
2023_13_KC_GB,2023,13,REG,2023-12-03,20:20,KC,GB,43.5,False,first_td,00-0038809,Ben Sims,TE,GB,pass,1,07:13,467,drive_game_clock_end,07:17
2023_13_CIN_JAX,2023,13,REG,2023-12-04,20:15,CIN,JAX,41.0,False,first_td,00-0036973,Travis Etienne,RB,JAX,rush,1,06:51,489,drive_game_clock_end,06:55
2023_14_NE_PIT,2023,14,REG,2023-12-07,20:15,NE,PIT,30.0,False,first_td,00-0033045,Ezekiel Elliott,RB,NE,pass,1,11:12,228,drive_game_clock_end,11:18
2023_14_TB_ATL,2023,14,REG,2023-12-10,13:00,TB,ATL,41.5,True,first_td,00-0034855,Baker Mayfield,QB,TB,rush,2,14:57,903,drive_game_clock_end,15:00
2023_14_LA_BAL,2023,14,REG,2023-12-10,13:00,LA,BAL,42.0,True,first_td,00-0037838,Isaiah Likely,TE,BAL,pass,1,00:25,875,drive_game_clock_end,00:34
2023_14_DET_CHI,2023,14,REG,2023-12-10,13:00,DET,CHI,44.5,True,first_td,00-0034827,DJ Moore,WR,CHI,rush,1,10:17,283,drive_game_clock_end,10:22
2023_14_IND_CIN,2023,14,REG,2023-12-10,13:00,IND,CIN,45.0,True,first_td,00-0038597,Chase Brown,RB,CIN,pass,1,06:31,509,drive_game_clock_end,06:42
2023_14_JAX_CLE,2023,14,REG,2023-12-10,13:00,JAX,CLE,37.5,True,first_td,00-0033885,David Njoku,TE,CLE,pass,1,11:39,201,drive_game_clock_end,11:45
2023_14_CAR_NO,2023,14,REG,2023-12-10,13:00,CAR,NO,39.0,True,first_td,00-0033906,Alvin Kamara,RB,NO,rush,2,14:55,905,drive_game_clock_end,15:00
2023_14_HOU_NYJ,2023,14,REG,2023-12-10,13:00,HOU,NYJ,33.5,True,first_td,00-0028002,Randall Cobb,WR,NYJ,pass,3,11:05,2035,drive_game_clock_end,11:11
2023_14_MIN_LV,2023,14,REG,2023-12-10,16:05,MIN,LV,40.5,False,no_td,,,,,,,,,,
2023_14_SEA_SF,2023,14,REG,2023-12-10,16:05,SEA,SF,44.5,False,first_td,00-0037525,Jordan Mason,RB,SF,rush,1,14:03,57,drive_game_clock_end,14:06
2023_14_BUF_KC,2023,14,REG,2023-12-10,16:25,BUF,KC,49.5,False,first_td,00-0037248,James Cook,RB,BUF,pass,1,03:43,677,drive_game_clock_end,03:48
2023_14_DEN_LAC,2023,14,REG,2023-12-10,16:25,DEN,LAC,45.0,False,first_td,00-0036997,Javonte Williams,RB,DEN,rush,1,04:55,605,drive_game_clock_end,05:00
2023_14_PHI_DAL,2023,14,REG,2023-12-10,20:20,PHI,DAL,52.5,False,first_td,00-0036358,CeeDee Lamb,WR,DAL,pass,1,10:00,300,drive_game_clock_end,10:09
2023_14_TEN_MIA,2023,14,REG,2023-12-11,20:15,TEN,MIA,45.0,False,first_td,00-0034285,Zach Sieler,DE,MIA,return,1,08:25,395,drive_game_clock_end,08:31
2023_14_GB_NYG,2023,14,REG,2023-12-11,20:15,GB,NYG,37.5,False,first_td,00-0039146,Jayden Reed,WR,GB,rush,1,01:01,839,drive_game_clock_end,01:07
2023_15_LAC_LV,2023,15,REG,2023-12-14,20:15,LAC,LV,36.0,False,first_td,00-0038040,Zamir White,RB,LV,rush,1,08:10,410,drive_game_clock_end,08:13
2023_15_MIN_CIN,2023,15,REG,2023-12-16,13:00,MIN,CIN,41.5,False,first_td,00-0037276,Ty Chandler,RB,MIN,rush,1,02:23,757,drive_game_clock_end,02:27
2023_15_PIT_IND,2023,15,REG,2023-12-16,16:30,PIT,IND,41.5,False,first_td,00-0033869,Mitchell Trubisky,QB,PIT,rush,1,01:12,828,drive_game_clock_end,01:13
2023_15_DEN_DET,2023,15,REG,2023-12-16,20:15,DEN,DET,49.0,False,first_td,00-0039065,Sam LaPorta,TE,DET,pass,2,12:31,1049,drive_game_clock_end,12:41
2023_15_ATL_CAR,2023,15,REG,2023-12-17,13:00,ATL,CAR,32.0,True,first_td,00-0030578,Cordarrelle Patterson,RB,ATL,pass,2,04:49,1511,drive_game_clock_end,04:55
2023_15_CHI_CLE,2023,15,REG,2023-12-17,13:00,CHI,CLE,38.0,True,first_td,00-0036290,Cole Kmet,TE,CHI,pass,2,10:54,1146,drive_game_clock_end,11:04
2023_15_TB_GB,2023,15,REG,2023-12-17,13:00,TB,GB,41.5,True,first_td,00-0038996,Tucker Kraft,TE,GB,pass,1,00:49,851,drive_game_clock_end,00:54
2023_15_NYJ_MIA,2023,15,REG,2023-12-17,13:00,NYJ,MIA,36.0,True,first_td,00-0031687,Raheem Mostert,RB,MIA,rush,1,07:37,443,drive_game_clock_end,07:41
2023_15_KC_NE,2023,15,REG,2023-12-17,13:00,KC,NE,39.5,True,first_td,00-0039067,Rashee Rice,WR,KC,pass,1,01:30,810,drive_game_clock_end,01:34
2023_15_NYG_NO,2023,15,REG,2023-12-17,13:00,NYG,NO,39.5,True,first_td,00-0034317,Keith Kirkwood,WR,NO,pass,1,00:29,871,drive_game_clock_end,00:34
2023_15_HOU_TEN,2023,15,REG,2023-12-17,13:00,HOU,TEN,38.0,True,first_td,00-0039152,Will Levis,QB,TEN,rush,1,07:09,471,drive_game_clock_end,07:12
2023_15_SF_ARI,2023,15,REG,2023-12-17,16:05,SF,ARI,48.0,False,first_td,00-0033553,James Conner,RB,ARI,rush,1,10:40,260,drive_game_clock_end,10:45
2023_15_WAS_LA,2023,15,REG,2023-12-17,16:05,WAS,LA,48.5,False,first_td,00-0037840,Kyren Williams,RB,LA,rush,2,02:19,1661,drive_game_clock_end,02:23
2023_15_DAL_BUF,2023,15,REG,2023-12-17,16:25,DAL,BUF,49.5,False,first_td,00-0030513,Latavius Murray,RB,BUF,rush,1,08:06,414,drive_game_clock_end,08:18
2023_15_BAL_JAX,2023,15,REG,2023-12-17,20:20,BAL,JAX,42.5,False,first_td,00-0037838,Isaiah Likely,TE,BAL,pass,2,01:12,1728,drive_game_clock_end,01:18
2023_15_PHI_SEA,2023,15,REG,2023-12-18,20:15,PHI,SEA,46.0,False,first_td,00-0036389,Jalen Hurts,QB,PHI,rush,1,06:31,509,drive_game_clock_end,06:36
2023_16_NO_LA,2023,16,REG,2023-12-21,20:15,NO,LA,45.5,False,first_td,00-0039075,Puka Nacua,WR,LA,pass,1,02:28,752,drive_game_clock_end,02:32
2023_16_CIN_PIT,2023,16,REG,2023-12-23,16:30,CIN,PIT,39.5,False,first_td,00-0037247,George Pickens,WR,PIT,pass,1,10:45,255,drive_game_clock_end,10:57
2023_16_BUF_LAC,2023,16,REG,2023-12-23,20:00,BUF,LAC,44.5,False,first_td,00-0035282,Easton Stick,QB,LAC,rush,2,13:49,971,drive_game_clock_end,13:54
2023_16_IND_ATL,2023,16,REG,2023-12-24,13:00,IND,ATL,44.0,True,first_td,00-0036223,Jonathan Taylor,RB,IND,rush,1,09:24,336,drive_game_clock_end,09:26
2023_16_GB_CAR,2023,16,REG,2023-12-24,13:00,GB,CAR,39.5,True,first_td,00-0036265,AJ Dillon,RB,GB,rush,1,07:30,450,drive_game_clock_end,07:34
2023_16_CLE_HOU,2023,16,REG,2023-12-24,13:00,CLE,HOU,40.0,True,first_td,00-0037267,Jerome Ford,RB,CLE,rush,1,13:18,102,drive_game_clock_end,13:23
2023_16_DET_MIN,2023,16,REG,2023-12-24,13:00,DET,MIN,47.5,True,first_td,00-0035685,David Montgomery,RB,DET,rush,1,07:13,467,drive_game_clock_end,07:17
2023_16_WAS_NYJ,2023,16,REG,2023-12-24,13:00,WAS,NYJ,36.5,True,first_td,00-0038492,Jason Brownlee,WR,NYJ,pass,1,11:26,214,drive_game_clock_end,11:29
2023_16_SEA_TEN,2023,16,REG,2023-12-24,13:00,SEA,TEN,42.0,True,first_td,00-0037809,Chig Okonkwo,TE,TEN,pass,2,14:14,946,drive_game_clock_end,14:18
2023_16_JAX_TB,2023,16,REG,2023-12-24,16:05,JAX,TB,43.0,False,first_td,00-0031408,Mike Evans,WR,TB,pass,2,12:53,1027,drive_game_clock_end,12:58
2023_16_ARI_CHI,2023,16,REG,2023-12-24,16:25,ARI,CHI,42.0,False,first_td,00-0036945,Justin Fields,QB,CHI,rush,1,06:16,524,drive_game_clock_end,06:22
2023_16_DAL_MIA,2023,16,REG,2023-12-24,16:25,DAL,MIA,48.5,False,first_td,00-0036358,CeeDee Lamb,WR,DAL,pass,1,01:30,810,drive_game_clock_end,01:41
2023_16_NE_DEN,2023,16,REG,2023-12-24,20:15,NE,DEN,37.5,False,first_td,00-0036997,Javonte Williams,RB,DEN,rush,1,05:15,585,drive_game_clock_end,05:20
2023_16_LV_KC,2023,16,REG,2023-12-25,13:00,LV,KC,40.5,False,first_td,00-0037197,Isiah Pacheco,RB,KC,rush,2,07:34,1346,drive_game_clock_end,07:40
2023_16_NYG_PHI,2023,16,REG,2023-12-25,16:30,NYG,PHI,41.0,False,first_td,00-0036389,Jalen Hurts,QB,PHI,rush,1,12:27,153,drive_game_clock_end,12:28
2023_16_BAL_SF,2023,16,REG,2023-12-25,20:15,BAL,SF,47.5,False,first_td,00-0034184,Gus Edwards,RB,BAL,rush,2,09:35,1225,drive_game_clock_end,09:38
2023_17_NYJ_CLE,2023,17,REG,2023-12-28,20:15,NYJ,CLE,33.5,False,first_td,00-0037267,Jerome Ford,RB,CLE,pass,1,11:10,230,drive_game_clock_end,11:15
2023_17_DET_DAL,2023,17,REG,2023-12-30,20:15,DET,DAL,53.0,False,first_td,00-0036358,CeeDee Lamb,WR,DAL,pass,1,03:26,694,drive_game_clock_end,03:40
2023_17_MIA_BAL,2023,17,REG,2023-12-31,13:00,MIA,BAL,47.0,True,first_td,00-0034418,Cedrick Wilson Jr.,WR,MIA,pass,1,11:00,240,drive_game_clock_end,11:04
2023_17_NE_BUF,2023,17,REG,2023-12-31,13:00,NE,BUF,40.0,True,first_td,00-0036387,Jalen Reagor,WR,NE,return,1,14:48,12,drive_game_clock_end,15:00
2023_17_ATL_CHI,2023,17,REG,2023-12-31,13:00,ATL,CHI,39.0,True,first_td,00-0034827,DJ Moore,WR,CHI,pass,1,08:47,373,drive_game_clock_end,08:52
2023_17_TEN_HOU,2023,17,REG,2023-12-31,13:00,TEN,HOU,44.0,True,first_td,00-0036556,Brevin Jordan,TE,HOU,pass,2,10:10,1190,drive_game_clock_end,10:14
2023_17_LV_IND,2023,17,REG,2023-12-31,13:00,LV,IND,42.5,True,first_td,00-0036223,Jonathan Taylor,RB,IND,rush,1,12:11,169,drive_game_clock_end,12:15
2023_17_CAR_JAX,2023,17,REG,2023-12-31,13:00,CAR,JAX,38.0,True,first_td,00-0036973,Travis Etienne,RB,JAX,rush,3,11:56,1984,drive_game_clock_end,12:10
2023_17_LA_NYG,2023,17,REG,2023-12-31,13:00,LA,NYG,43.5,True,first_td,00-0037840,Kyren Williams,RB,LA,rush,1,03:07,713,drive_game_clock_end,03:11
2023_17_ARI_PHI,2023,17,REG,2023-12-31,13:00,ARI,PHI,48.0,True,first_td,00-0027944,Julio Jones,WR,PHI,pass,1,00:36,864,drive_game_clock_end,00:42
2023_17_NO_TB,2023,17,REG,2023-12-31,13:00,NO,TB,42.5,True,first_td,00-0036040,Juwan Johnson,TE,NO,pass,1,07:04,476,drive_game_clock_end,07:08
2023_17_SF_WAS,2023,17,REG,2023-12-31,13:00,SF,WAS,49.0,True,first_td,00-0035719,Deebo Samuel Sr.,WR,SF,pass,1,01:31,809,drive_game_clock_end,01:35
2023_17_PIT_SEA,2023,17,REG,2023-12-31,16:05,PIT,SEA,40.5,False,first_td,00-0037228,Jaylen Warren,RB,PIT,rush,1,01:47,793,drive_game_clock_end,01:53
2023_17_LAC_DEN,2023,17,REG,2023-12-31,16:25,LAC,DEN,39.5,False,first_td,00-0035406,Lil'Jordan Humphrey,WR,DEN,pass,2,06:37,1403,drive_game_clock_end,06:52
2023_17_CIN_KC,2023,17,REG,2023-12-31,16:25,CIN,KC,46.0,False,first_td,00-0037197,Isiah Pacheco,RB,KC,pass,1,02:58,722,drive_game_clock_end,03:02
2023_17_GB_MIN,2023,17,REG,2023-12-31,20:20,GB,MIN,42.5,False,first_td,00-0039146,Jayden Reed,WR,GB,pass,1,05:10,590,drive_game_clock_end,05:15
2023_18_PIT_BAL,2023,18,REG,2024-01-06,16:30,PIT,BAL,34.0,False,first_td,00-0036893,Najee Harris,RB,PIT,rush,1,02:36,744,drive_game_clock_end,02:41
2023_18_HOU_IND,2023,18,REG,2024-01-06,20:15,HOU,IND,47.5,False,first_td,00-0036554,Nico Collins,WR,HOU,pass,1,09:06,354,drive_game_clock_end,09:15
2023_18_TB_CAR,2023,18,REG,2024-01-07,13:00,TB,CAR,36.5,True,no_td,,,,,,,,,,
2023_18_CLE_CIN,2023,18,REG,2024-01-07,13:00,CLE,CIN,37.0,True,first_td,00-0033897,Joe Mixon,RB,CIN,rush,1,06:07,533,drive_game_clock_end,06:11
2023_18_MIN_DET,2023,18,REG,2024-01-07,13:00,MIN,DET,47.5,True,first_td,00-0039065,Sam LaPorta,TE,DET,pass,1,08:06,414,drive_game_clock_end,08:10
2023_18_NYJ_NE,2023,18,REG,2024-01-07,13:00,NYJ,NE,28.5,True,first_td,00-0038120,Breece Hall,RB,NYJ,rush,4,01:47,3493,drive_game_clock_end,01:57
2023_18_ATL_NO,2023,18,REG,2024-01-07,13:00,ATL,NO,41.5,True,first_td,00-0033858,Jonnu Smith,TE,ATL,pass,1,08:42,378,drive_game_clock_end,08:49
2023_18_JAX_TEN,2023,18,REG,2024-01-07,13:00,JAX,TEN,41.5,True,first_td,00-0039032,Tyjae Spears,RB,TEN,pass,1,05:57,543,drive_game_clock_end,06:05
2023_18_SEA_ARI,2023,18,REG,2024-01-07,16:25,SEA,ARI,48.0,False,first_td,00-0034159,Will Dissly,TE,SEA,pass,2,07:06,1374,drive_game_clock_end,07:11
2023_18_CHI_GB,2023,18,REG,2024-01-07,16:25,CHI,GB,45.5,False,first_td,00-0038393,Dontayvion Wicks,WR,GB,pass,2,07:20,1360,drive_game_clock_end,07:25
2023_18_KC_LAC,2023,18,REG,2024-01-07,16:25,KC,LAC,35.0,False,first_td,00-0035681,Mike Edwards,SAF,KC,return,1,04:56,604,drive_game_clock_end,05:14
2023_18_DEN_LV,2023,18,REG,2024-01-07,16:25,DEN,LV,37.5,False,first_td,00-0034960,Jakobi Meyers,WR,LV,rush,1,01:44,796,drive_game_clock_end,01:53
2023_18_PHI_NYG,2023,18,REG,2024-01-07,16:25,PHI,NYG,43.0,False,first_td,00-0034844,Saquon Barkley,RB,NYG,rush,2,09:38,1222,drive_game_clock_end,09:42
2023_18_LA_SF,2023,18,REG,2024-01-07,16:25,LA,SF,40.0,False,first_td,00-0036567,Elijah Mitchell,RB,SF,rush,1,07:27,453,drive_game_clock_end,07:31
2023_18_DAL_WAS,2023,18,REG,2024-01-07,16:25,DAL,WAS,47.5,False,first_td,00-0037666,Jalen Tolbert,WR,DAL,pass,1,06:26,514,drive_game_clock_end,06:30
2023_18_BUF_MIA,2023,18,REG,2024-01-07,20:20,BUF,MIA,47.5,False,first_td,00-0039040,De'Von Achane,RB,MIA,rush,2,08:51,1269,drive_game_clock_end,08:58
2023_19_CLE_HOU,2023,19,WC,2024-01-13,16:30,CLE,HOU,45.0,False,first_td,00-0033923,Kareem Hunt,RB,CLE,rush,1,02:09,771,drive_game_clock_end,02:12
2023_19_MIA_KC,2023,19,WC,2024-01-13,20:00,MIA,KC,43.5,False,first_td,00-0039067,Rashee Rice,WR,KC,pass,1,11:05,235,drive_game_clock_end,11:10
2023_19_GB_DAL,2023,19,WC,2024-01-14,16:30,GB,DAL,52.5,False,first_td,00-0033293,Aaron Jones,RB,GB,rush,1,07:08,472,drive_game_clock_end,07:12
2023_19_LA_DET,2023,19,WC,2024-01-14,20:00,LA,DET,52.5,False,first_td,00-0035685,David Montgomery,RB,DET,rush,1,09:30,330,drive_game_clock_end,09:33
2023_19_PIT_BUF,2023,19,WC,2024-01-15,16:30,PIT,BUF,39.5,False,first_td,00-0035689,Dawson Knox,TE,BUF,pass,1,07:02,478,drive_game_clock_end,07:05
2023_19_PHI_TB,2023,19,WC,2024-01-15,20:00,PHI,TB,43.0,False,first_td,00-0033589,David Moore,WR,TB,pass,1,05:47,553,drive_game_clock_end,05:59
2023_20_HOU_BAL,2023,20,DIV,2024-01-20,16:30,HOU,BAL,44.0,False,first_td,00-0031549,Nelson Agholor,WR,BAL,pass,2,09:14,1246,drive_game_clock_end,09:18
2023_20_GB_SF,2023,20,DIV,2024-01-20,20:15,GB,SF,50.5,False,first_td,00-0033288,George Kittle,TE,SF,pass,2,08:42,1278,drive_game_clock_end,08:48
2023_20_TB_DET,2023,20,DIV,2024-01-21,15:00,TB,DET,49.5,False,first_td,00-0033943,Josh Reynolds,WR,DET,pass,2,12:33,1047,drive_game_clock_end,12:38
2023_20_KC_BUF,2023,20,DIV,2024-01-21,18:30,KC,BUF,45.5,False,first_td,00-0034857,Josh Allen,QB,BUF,rush,2,13:32,988,drive_game_clock_end,13:37
2023_21_KC_BAL,2023,21,CON,2024-01-28,15:00,KC,BAL,44.0,False,first_td,00-0030506,Travis Kelce,TE,KC,pass,1,07:41,439,drive_game_clock_end,07:46
2023_21_DET_SF,2023,21,CON,2024-01-28,18:30,DET,SF,52.5,False,first_td,00-0037240,Jameson Williams,WR,DET,rush,1,13:18,102,drive_game_clock_end,13:27
2023_22_SF_KC,2023,22,SB,2024-02-11,18:30,SF,KC,47.0,False,first_td,00-0033280,Christian McCaffrey,RB,SF,pass,2,04:23,1537,drive_game_clock_end,04:32
2024_01_BAL_KC,2024,1,REG,2024-09-05,20:20,BAL,KC,46.0,False,first_td,00-0032764,Derrick Henry,RB,BAL,rush,1,08:14,406,drive_game_clock_end,08:18
2024_01_GB_PHI,2024,1,REG,2024-09-06,20:15,GB,PHI,49.5,False,first_td,00-0034844,Saquon Barkley,RB,PHI,pass,2,12:38,1042,drive_game_clock_end,12:43
2024_01_PIT_ATL,2024,1,REG,2024-09-08,13:00,PIT,ATL,43.0,True,first_td,00-0036970,Kyle Pitts,TE,ATL,pass,2,00:32,1768,drive_game_clock_end,00:38
2024_01_ARI_BUF,2024,1,REG,2024-09-08,13:00,ARI,BUF,46.0,True,first_td,00-0038559,Michael Wilson,WR,ARI,pass,1,07:47,433,drive_game_clock_end,07:54
2024_01_TEN_CHI,2024,1,REG,2024-09-08,13:00,TEN,CHI,43.0,True,first_td,00-0035261,Tony Pollard,RB,TEN,rush,1,00:41,859,drive_game_clock_end,00:47
2024_01_NE_CIN,2024,1,REG,2024-09-08,13:00,NE,CIN,40.5,True,first_td,00-0036875,Rhamondre Stevenson,RB,NE,rush,2,14:58,902,drive_game_clock_end,15:00
2024_01_HOU_IND,2024,1,REG,2024-09-08,13:00,HOU,IND,49.0,True,first_td,00-0037664,Alec Pierce,WR,IND,pass,1,05:12,588,drive_game_clock_end,05:20
2024_01_JAX_MIA,2024,1,REG,2024-09-08,13:00,JAX,MIA,49.5,True,first_td,00-0036973,Travis Etienne,RB,JAX,rush,1,04:31,629,drive_game_clock_end,04:34
2024_01_CAR_NO,2024,1,REG,2024-09-08,13:00,CAR,NO,41.5,True,first_td,00-0037545,Rashid Shaheed,WR,NO,pass,1,12:08,172,drive_game_clock_end,12:16
2024_01_MIN_NYG,2024,1,REG,2024-09-08,13:00,MIN,NYG,42.5,True,first_td,00-0033293,Aaron Jones,RB,MIN,rush,1,03:50,670,drive_game_clock_end,03:56
2024_01_LV_LAC,2024,1,REG,2024-09-08,16:05,LV,LAC,41.0,False,first_td,00-0034972,Alexander Mattison,RB,LV,pass,1,00:45,855,drive_game_clock_end,00:54
2024_01_DEN_SEA,2024,1,REG,2024-09-08,16:05,DEN,SEA,42.0,False,first_td,00-0030565,Geno Smith,QB,SEA,rush,2,05:55,1445,drive_game_clock_end,06:04
2024_01_DAL_CLE,2024,1,REG,2024-09-08,16:25,DAL,CLE,42.0,False,first_td,00-0031236,Brandin Cooks,WR,DAL,pass,1,06:55,485,drive_game_clock_end,06:59
2024_01_WAS_TB,2024,1,REG,2024-09-08,16:25,WAS,TB,42.0,False,first_td,00-0031408,Mike Evans,WR,TB,pass,2,10:53,1147,drive_game_clock_end,10:59
2024_01_LA_DET,2024,1,REG,2024-09-08,20:20,LA,DET,54.0,False,first_td,00-0039139,Jahmyr Gibbs,RB,DET,rush,2,01:57,1683,drive_game_clock_end,02:00
2024_01_NYJ_SF,2024,1,REG,2024-09-09,20:15,NYJ,SF,43.0,False,first_td,00-0038120,Breece Hall,RB,NYJ,rush,1,03:51,669,drive_game_clock_end,03:57
2024_02_BUF_MIA,2024,2,REG,2024-09-12,20:15,BUF,MIA,48.5,False,first_td,00-0037248,James Cook,RB,BUF,pass,1,09:49,311,drive_game_clock_end,09:55
2024_02_LV_BAL,2024,2,REG,2024-09-15,13:00,LV,BAL,41.0,True,first_td,00-0039064,Zay Flowers,WR,BAL,pass,3,11:42,1998,drive_game_clock_end,11:45
2024_02_LAC_CAR,2024,2,REG,2024-09-15,13:00,LAC,CAR,39.0,True,first_td,00-0038544,Quentin Johnston,WR,LAC,pass,1,09:20,340,drive_game_clock_end,09:26
2024_02_NO_DAL,2024,2,REG,2024-09-15,13:00,NO,DAL,47.0,True,first_td,00-0033906,Alvin Kamara,RB,NO,rush,1,10:50,250,drive_game_clock_end,10:54
2024_02_TB_DET,2024,2,REG,2024-09-15,13:00,TB,DET,51.5,True,first_td,00-0033921,Chris Godwin Jr.,WR,TB,pass,2,09:08,1252,drive_game_clock_end,09:15
2024_02_IND_GB,2024,2,REG,2024-09-15,13:00,IND,GB,41.5,True,first_td,00-0038393,Dontayvion Wicks,WR,GB,pass,1,03:18,702,drive_game_clock_end,03:23
2024_02_CLE_JAX,2024,2,REG,2024-09-15,13:00,CLE,JAX,41.5,True,first_td,00-0033537,Deshaun Watson,QB,CLE,rush,1,02:29,751,drive_game_clock_end,02:32
2024_02_SF_MIN,2024,2,REG,2024-09-15,13:00,SF,MIN,46.5,True,first_td,00-0036322,Justin Jefferson,WR,MIN,pass,2,09:35,1225,drive_game_clock_end,09:51
2024_02_SEA_NE,2024,2,REG,2024-09-15,13:00,SEA,NE,39.0,True,first_td,00-0039907,Ja'Lynn Polk,WR,NE,pass,1,04:56,604,drive_game_clock_end,05:00
2024_02_NYJ_TEN,2024,2,REG,2024-09-15,13:00,NYJ,TEN,41.5,True,first_td,00-0034837,Calvin Ridley,WR,TEN,rush,1,02:30,750,drive_game_clock_end,02:35
2024_02_NYG_WAS,2024,2,REG,2024-09-15,13:00,NYG,WAS,42.5,True,first_td,00-0035250,Devin Singletary,RB,NYG,rush,1,01:06,834,drive_game_clock_end,01:10
2024_02_LA_ARI,2024,2,REG,2024-09-15,16:05,LA,ARI,47.5,False,first_td,00-0039849,Marvin Harrison Jr.,WR,ARI,pass,1,11:03,237,drive_game_clock_end,11:09
2024_02_PIT_DEN,2024,2,REG,2024-09-15,16:25,PIT,DEN,36.5,False,first_td,00-0038558,Darnell Washington,TE,PIT,pass,1,01:56,784,drive_game_clock_end,02:01
2024_02_CIN_KC,2024,2,REG,2024-09-15,16:25,CIN,KC,47.5,False,first_td,00-0038619,Andrei Iosivas,WR,CIN,pass,2,12:04,1076,drive_game_clock_end,12:09
2024_02_CHI_HOU,2024,2,REG,2024-09-15,20:20,CHI,HOU,45.5,False,first_td,00-0036554,Nico Collins,WR,HOU,pass,2,14:55,905,drive_game_clock_end,15:00
2024_02_ATL_PHI,2024,2,REG,2024-09-16,20:15,ATL,PHI,46.5,False,first_td,00-0036912,DeVonta Smith,WR,PHI,pass,2,05:15,1485,drive_game_clock_end,05:20
2024_03_NE_NYJ,2024,3,REG,2024-09-19,20:15,NE,NYJ,39.0,False,first_td,00-0034521,Allen Lazard,WR,NYJ,pass,1,04:21,639,drive_game_clock_end,04:26
2024_03_NYG_CLE,2024,3,REG,2024-09-22,13:00,NYG,CLE,38.0,True,first_td,00-0031544,Amari Cooper,WR,CLE,pass,1,14:49,11,drive_game_clock_end,14:55
2024_03_CHI_IND,2024,3,REG,2024-09-22,13:00,CHI,IND,43.0,True,first_td,00-0036223,Jonathan Taylor,RB,IND,rush,2,08:19,1301,drive_game_clock_end,08:26
2024_03_HOU_MIN,2024,3,REG,2024-09-22,13:00,HOU,MIN,46.0,True,first_td,00-0036322,Justin Jefferson,WR,MIN,pass,1,12:03,177,drive_game_clock_end,12:10
2024_03_PHI_NO,2024,3,REG,2024-09-22,13:00,PHI,NO,49.0,True,first_td,00-0034844,Saquon Barkley,RB,PHI,rush,4,13:17,2803,drive_game_clock_end,13:27
2024_03_LAC_PIT,2024,3,REG,2024-09-22,13:00,LAC,PIT,36.0,True,first_td,00-0038544,Quentin Johnston,WR,LAC,pass,1,02:46,734,drive_game_clock_end,02:51
2024_03_DEN_TB,2024,3,REG,2024-09-22,13:00,DEN,TB,40.5,True,first_td,00-0039732,Bo Nix,QB,DEN,rush,1,11:05,235,drive_game_clock_end,11:11
2024_03_GB_TEN,2024,3,REG,2024-09-22,13:00,GB,TEN,37.0,True,first_td,00-0038128,Malik Willis,QB,GB,rush,1,12:25,155,drive_game_clock_end,12:30
2024_03_CAR_LV,2024,3,REG,2024-09-22,16:05,CAR,LV,40.0,False,first_td,00-0036555,Chuba Hubbard,RB,CAR,pass,1,10:13,287,drive_game_clock_end,10:20
2024_03_MIA_SEA,2024,3,REG,2024-09-22,16:05,MIA,SEA,41.5,False,first_td,00-0039165,Zach Charbonnet,RB,SEA,rush,1,06:44,496,drive_game_clock_end,06:48
2024_03_DET_ARI,2024,3,REG,2024-09-22,16:25,DET,ARI,51.5,False,first_td,00-0035685,David Montgomery,RB,DET,rush,1,10:16,284,drive_game_clock_end,10:19
2024_03_BAL_DAL,2024,3,REG,2024-09-22,16:25,BAL,DAL,47.5,False,first_td,00-0034796,Lamar Jackson,QB,BAL,rush,1,09:36,324,drive_game_clock_end,09:42
2024_03_SF_LA,2024,3,REG,2024-09-22,16:25,SF,LA,44.5,False,first_td,00-0036259,Jauan Jennings,WR,SF,pass,1,11:12,228,drive_game_clock_end,11:17
2024_03_KC_ATL,2024,3,REG,2024-09-22,20:20,KC,ATL,46.0,False,first_td,00-0037238,Drake London,WR,ATL,pass,1,11:07,233,drive_game_clock_end,11:12
2024_03_JAX_BUF,2024,3,REG,2024-09-23,19:30,JAX,BUF,46.5,False,first_td,00-0037248,James Cook,RB,BUF,rush,1,09:34,326,drive_game_clock_end,09:39
2024_03_WAS_CIN,2024,3,REG,2024-09-23,20:15,WAS,CIN,46.0,False,first_td,00-0036900,Ja'Marr Chase,WR,CIN,pass,1,11:37,203,drive_game_clock_end,11:43
2024_04_DAL_NYG,2024,4,REG,2024-09-26,20:15,DAL,NYG,45.0,False,first_td,00-0036139,Rico Dowdle,RB,DAL,pass,1,02:06,774,drive_game_clock_end,02:13
2024_04_NO_ATL,2024,4,REG,2024-09-29,13:00,NO,ATL,41.5,True,first_td,00-0034854,KhaDarel Hodge,WR,ATL,return,1,11:13,227,drive_game_clock_end,11:25
2024_04_CIN_CAR,2024,4,REG,2024-09-29,13:00,CIN,CAR,47.0,True,first_td,00-0038597,Chase Brown,RB,CIN,rush,1,00:05,895,drive_game_clock_end,00:08
2024_04_LA_CHI,2024,4,REG,2024-09-29,13:00,LA,CHI,40.0,True,first_td,00-0039021,Roschon Johnson,RB,CHI,rush,2,05:42,1458,drive_game_clock_end,05:46
2024_04_MIN_GB,2024,4,REG,2024-09-29,13:00,MIN,GB,44.0,True,first_td,00-0038994,Jordan Addison,WR,MIN,pass,1,11:53,187,drive_game_clock_end,11:59
2024_04_JAX_HOU,2024,4,REG,2024-09-29,13:00,JAX,HOU,44.5,True,first_td,00-0039893,Brian Thomas Jr.,WR,JAX,pass,1,12:44,136,drive_game_clock_end,12:48
2024_04_PIT_IND,2024,4,REG,2024-09-29,13:00,PIT,IND,40.0,True,first_td,00-0036223,Jonathan Taylor,RB,IND,rush,1,12:01,179,drive_game_clock_end,12:09
2024_04_DEN_NYJ,2024,4,REG,2024-09-29,13:00,DEN,NYJ,39.5,True,first_td,00-0034348,Courtland Sutton,WR,DEN,pass,3,03:08,2512,drive_game_clock_end,03:13
2024_04_PHI_TB,2024,4,REG,2024-09-29,13:00,PHI,TB,42.0,True,first_td,00-0031408,Mike Evans,WR,TB,pass,1,09:44,316,drive_game_clock_end,09:48
2024_04_WAS_ARI,2024,4,REG,2024-09-29,16:05,WAS,ARI,49.0,False,first_td,00-0039849,Marvin Harrison Jr.,WR,ARI,pass,1,09:54,306,drive_game_clock_end,09:57
2024_04_NE_SF,2024,4,REG,2024-09-29,16:05,NE,SF,41.5,False,first_td,00-0034815,Fred Warner,MLB,SF,return,2,14:01,959,drive_game_clock_end,14:15
2024_04_KC_LAC,2024,4,REG,2024-09-29,16:25,KC,LAC,41.5,False,first_td,00-0039915,Ladd McConkey,WR,LAC,pass,1,06:16,524,drive_game_clock_end,06:21
2024_04_CLE_LV,2024,4,REG,2024-09-29,16:25,CLE,LV,36.5,False,first_td,00-0038710,Blake Whiteheart,TE,CLE,pass,1,05:38,562,drive_game_clock_end,05:41
2024_04_BUF_BAL,2024,4,REG,2024-09-29,20:20,BUF,BAL,46.5,False,first_td,00-0032764,Derrick Henry,RB,BAL,rush,1,10:50,250,drive_game_clock_end,11:02
2024_04_TEN_MIA,2024,4,REG,2024-09-30,19:30,TEN,MIA,37.0,False,first_td,00-0039032,Tyjae Spears,RB,TEN,rush,3,06:00,2340,drive_game_clock_end,06:04
2024_04_SEA_DET,2024,4,REG,2024-09-30,20:15,SEA,DET,46.5,False,first_td,00-0035685,David Montgomery,RB,DET,rush,1,03:11,709,drive_game_clock_end,03:16
2024_05_TB_ATL,2024,5,REG,2024-10-03,20:15,TB,ATL,44.0,False,first_td,00-0037238,Drake London,WR,ATL,pass,1,11:54,186,drive_game_clock_end,12:01
2024_05_NYJ_MIN,2024,5,REG,2024-10-06,09:30,NYJ,MIN,42.0,False,first_td,00-0035272,Andrew Van Ginkel,OLB,MIN,return,1,02:18,762,drive_game_clock_end,02:30
2024_05_CAR_CHI,2024,5,REG,2024-10-06,13:00,CAR,CHI,40.0,True,first_td,00-0036555,Chuba Hubbard,RB,CAR,rush,1,08:54,366,drive_game_clock_end,09:01
2024_05_BAL_CIN,2024,5,REG,2024-10-06,13:00,BAL,CIN,48.5,True,first_td,00-0032764,Derrick Henry,RB,BAL,rush,1,08:54,366,drive_game_clock_end,08:59
2024_05_BUF_HOU,2024,5,REG,2024-10-06,13:00,BUF,HOU,48.0,True,first_td,00-0036414,Cam Akers,RB,HOU,rush,1,02:55,725,drive_game_clock_end,03:01
2024_05_IND_JAX,2024,5,REG,2024-10-06,13:00,IND,JAX,45.0,True,first_td,00-0036252,Michael Pittman,WR,IND,pass,1,08:49,371,drive_game_clock_end,08:54
2024_05_MIA_NE,2024,5,REG,2024-10-06,13:00,MIA,NE,37.0,True,first_td,00-0036875,Rhamondre Stevenson,RB,NE,rush,1,03:55,665,drive_game_clock_end,04:04
2024_05_CLE_WAS,2024,5,REG,2024-10-06,13:00,CLE,WAS,44.0,True,first_td,00-0037746,Brian Robinson,RB,WAS,rush,1,02:40,740,drive_game_clock_end,02:46
2024_05_LV_DEN,2024,5,REG,2024-10-06,16:05,LV,DEN,36.0,False,first_td,00-0039338,Brock Bowers,TE,LV,pass,1,12:57,123,drive_game_clock_end,13:08
2024_05_ARI_SF,2024,5,REG,2024-10-06,16:05,ARI,SF,48.5,False,first_td,00-0035228,Kyler Murray,QB,ARI,rush,1,13:12,108,drive_game_clock_end,13:20
2024_05_GB_LA,2024,5,REG,2024-10-06,16:25,GB,LA,49.5,False,first_td,00-0035700,Josh Jacobs,RB,GB,rush,1,06:45,495,drive_game_clock_end,06:52
2024_05_NYG_SEA,2024,5,REG,2024-10-06,16:25,NYG,SEA,42.5,False,first_td,00-0033941,Rayshawn Jenkins,DB,SEA,return,1,02:14,766,drive_game_clock_end,02:33
2024_05_DAL_PIT,2024,5,REG,2024-10-06,20:20,DAL,PIT,43.5,False,first_td,00-0037304,Connor Heyward,FB,PIT,pass,3,11:50,1990,drive_game_clock_end,11:56
2024_05_NO_KC,2024,5,REG,2024-10-07,20:15,NO,KC,43.0,False,first_td,00-0033923,Kareem Hunt,RB,KC,rush,1,06:34,506,drive_game_clock_end,06:40
2024_06_SF_SEA,2024,6,REG,2024-10-10,20:15,SF,SEA,49.0,False,first_td,00-0035719,Deebo Samuel Sr.,WR,SF,pass,2,13:30,990,drive_game_clock_end,13:42
2024_06_JAX_CHI,2024,6,REG,2024-10-13,09:30,JAX,CHI,44.5,False,first_td,00-0036290,Cole Kmet,TE,CHI,pass,2,11:07,1133,drive_game_clock_end,11:17
2024_06_WAS_BAL,2024,6,REG,2024-10-13,13:00,WAS,BAL,51.5,True,first_td,00-0032764,Derrick Henry,RB,BAL,rush,2,07:55,1325,drive_game_clock_end,07:59
2024_06_ARI_GB,2024,6,REG,2024-10-13,13:00,ARI,GB,47.0,True,first_td,00-0039146,Jayden Reed,WR,GB,pass,1,08:55,365,drive_game_clock_end,09:00
2024_06_HOU_NE,2024,6,REG,2024-10-13,13:00,HOU,NE,38.5,True,first_td,00-0038977,Tank Dell,WR,HOU,pass,1,09:13,347,drive_game_clock_end,09:18
2024_06_TB_NO,2024,6,REG,2024-10-13,13:00,TB,NO,42.5,True,first_td,00-0033921,Chris Godwin Jr.,WR,TB,pass,1,10:05,295,drive_game_clock_end,10:08
2024_06_CLE_PHI,2024,6,REG,2024-10-13,13:00,CLE,PHI,42.0,True,first_td,00-0035676,A.J. Brown,WR,PHI,pass,2,07:17,1363,drive_game_clock_end,07:24
2024_06_IND_TEN,2024,6,REG,2024-10-13,13:00,IND,TEN,42.0,True,first_td,00-0038997,Josh Downs,WR,IND,pass,1,11:17,223,drive_game_clock_end,11:23
2024_06_LAC_DEN,2024,6,REG,2024-10-13,16:05,LAC,DEN,37.0,False,first_td,00-0039391,Kimani Vidal,RB,LAC,pass,1,04:59,601,drive_game_clock_end,05:06
2024_06_PIT_LV,2024,6,REG,2024-10-13,16:05,PIT,LV,36.5,False,first_td,00-0034972,Alexander Mattison,RB,LV,rush,1,04:24,636,drive_game_clock_end,04:28
2024_06_ATL_CAR,2024,6,REG,2024-10-13,16:25,ATL,CAR,45.5,False,first_td,00-0035216,Diontae Johnson,WR,CAR,pass,1,05:56,544,drive_game_clock_end,06:00
2024_06_DET_DAL,2024,6,REG,2024-10-13,16:25,DET,DAL,52.5,False,first_td,00-0035685,David Montgomery,RB,DET,rush,1,09:06,354,drive_game_clock_end,09:13
2024_06_CIN_NYG,2024,6,REG,2024-10-13,20:20,CIN,NYG,46.0,False,first_td,00-0036442,Joe Burrow,QB,CIN,rush,1,11:32,208,drive_game_clock_end,11:41
2024_06_BUF_NYJ,2024,6,REG,2024-10-14,20:15,BUF,NYJ,42.0,False,first_td,00-0034857,Josh Allen,QB,BUF,rush,1,06:12,528,drive_game_clock_end,06:16
2024_07_DEN_NO,2024,7,REG,2024-10-17,20:15,DEN,NO,37.0,False,first_td,00-0036997,Javonte Williams,RB,DEN,rush,2,07:30,1350,drive_game_clock_end,07:33
2024_07_NE_JAX,2024,7,REG,2024-10-20,09:30,NE,JAX,42.0,False,first_td,00-0035806,JaMycal Hasty,RB,NE,pass,1,08:32,388,drive_game_clock_end,08:40
2024_07_SEA_ATL,2024,7,REG,2024-10-20,13:00,SEA,ATL,51.5,True,first_td,00-0038134,Kenneth Walker III,RB,SEA,rush,2,09:52,1208,drive_game_clock_end,09:59
2024_07_TEN_BUF,2024,7,REG,2024-10-20,13:00,TEN,BUF,41.0,True,first_td,00-0036182,Nick Westbrook-Ikhine,WR,TEN,pass,2,11:31,1109,drive_game_clock_end,11:38
2024_07_CIN_CLE,2024,7,REG,2024-10-20,13:00,CIN,CLE,42.0,True,first_td,00-0038576,Charlie Jones,WR,CIN,return,1,14:48,12,drive_game_clock_end,15:00
2024_07_HOU_GB,2024,7,REG,2024-10-20,13:00,HOU,GB,48.0,True,first_td,00-0038996,Tucker Kraft,TE,GB,pass,2,13:16,1004,drive_game_clock_end,13:20
2024_07_MIA_IND,2024,7,REG,2024-10-20,13:00,MIA,IND,44.0,True,first_td,00-0033858,Jonnu Smith,TE,MIA,pass,1,05:56,544,drive_game_clock_end,06:02
2024_07_DET_MIN,2024,7,REG,2024-10-20,13:00,DET,MIN,50.5,True,first_td,00-0033293,Aaron Jones,RB,MIN,rush,1,11:43,197,drive_game_clock_end,11:50
2024_07_PHI_NYG,2024,7,REG,2024-10-20,13:00,PHI,NYG,42.0,True,first_td,00-0034844,Saquon Barkley,RB,PHI,rush,2,08:58,1262,drive_game_clock_end,09:05
2024_07_LV_LA,2024,7,REG,2024-10-20,16:05,LV,LA,43.0,False,first_td,00-0037840,Kyren Williams,RB,LA,rush,2,03:00,1620,drive_game_clock_end,03:05
2024_07_CAR_WAS,2024,7,REG,2024-10-20,16:05,CAR,WAS,51.0,False,first_td,00-0032052,Dante Fowler Jr.,LB,WAS,return,1,11:14,226,drive_game_clock_end,11:27
2024_07_KC_SF,2024,7,REG,2024-10-20,16:25,KC,SF,47.5,False,first_td,00-0033923,Kareem Hunt,RB,KC,rush,2,11:24,1116,drive_game_clock_end,11:28
2024_07_NYJ_PIT,2024,7,REG,2024-10-20,20:20,NYJ,PIT,40.0,False,first_td,00-0038120,Breece Hall,RB,NYJ,rush,1,02:27,753,drive_game_clock_end,02:33
2024_07_BAL_TB,2024,7,REG,2024-10-21,20:15,BAL,TB,51.0,False,first_td,00-0031408,Mike Evans,WR,TB,pass,1,10:27,273,drive_game_clock_end,10:34
2024_07_LAC_ARI,2024,7,REG,2024-10-21,21:00,LAC,ARI,44.0,False,first_td,00-0035500,Greg Dortch,WR,ARI,pass,2,05:40,1460,drive_game_clock_end,05:44
2024_08_MIN_LA,2024,8,REG,2024-10-24,20:15,MIN,LA,47.5,False,first_td,00-0035249,Josh Oliver,TE,MIN,pass,1,10:43,257,drive_game_clock_end,10:48
2024_08_PHI_CIN,2024,8,REG,2024-10-27,13:00,PHI,CIN,47.5,True,first_td,00-0036900,Ja'Marr Chase,WR,CIN,pass,1,04:56,604,drive_game_clock_end,05:03
2024_08_BAL_CLE,2024,8,REG,2024-10-27,13:00,BAL,CLE,44.5,True,first_td,00-0031549,Nelson Agholor,WR,BAL,pass,2,00:27,1773,drive_game_clock_end,00:31
2024_08_TEN_DET,2024,8,REG,2024-10-27,13:00,TEN,DET,45.0,True,first_td,00-0035685,David Montgomery,RB,DET,rush,1,10:31,269,drive_game_clock_end,10:36
2024_08_IND_HOU,2024,8,REG,2024-10-27,13:00,IND,HOU,45.0,True,first_td,00-0038997,Josh Downs,WR,IND,pass,1,00:50,850,drive_game_clock_end,01:01
2024_08_GB_JAX,2024,8,REG,2024-10-27,13:00,GB,JAX,49.0,True,first_td,00-0035700,Josh Jacobs,RB,GB,rush,2,11:31,1109,drive_game_clock_end,11:35
2024_08_ARI_MIA,2024,8,REG,2024-10-27,13:00,ARI,MIA,46.5,True,first_td,00-0031687,Raheem Mostert,RB,MIA,rush,1,10:15,285,drive_game_clock_end,10:17
2024_08_NYJ_NE,2024,8,REG,2024-10-27,13:00,NYJ,NE,41.0,True,first_td,00-0039851,Drake Maye,QB,NE,rush,1,05:18,582,drive_game_clock_end,05:26
2024_08_ATL_TB,2024,8,REG,2024-10-27,13:00,ATL,TB,47.0,True,first_td,00-0036970,Kyle Pitts,TE,ATL,pass,1,12:52,128,drive_game_clock_end,12:59
2024_08_NO_LAC,2024,8,REG,2024-10-27,16:05,NO,LAC,41.5,False,first_td,00-0036158,J.K. Dobbins,RB,LAC,rush,2,01:37,1703,drive_game_clock_end,01:40
2024_08_BUF_SEA,2024,8,REG,2024-10-27,16:05,BUF,SEA,45.5,False,first_td,00-0039901,Keon Coleman,WR,BUF,pass,1,04:51,609,drive_game_clock_end,04:54
2024_08_CAR_DEN,2024,8,REG,2024-10-27,16:25,CAR,DEN,40.5,False,first_td,00-0039342,Xavier Legette,WR,CAR,pass,1,07:12,468,drive_game_clock_end,07:15
2024_08_KC_LV,2024,8,REG,2024-10-27,16:25,KC,LV,42.0,False,first_td,00-0033923,Kareem Hunt,RB,KC,rush,1,10:02,298,drive_game_clock_end,10:08
2024_08_CHI_WAS,2024,8,REG,2024-10-27,16:25,CHI,WAS,46.5,False,first_td,00-0036275,D'Andre Swift,RB,CHI,rush,3,00:43,2657,drive_game_clock_end,00:54
2024_08_DAL_SF,2024,8,REG,2024-10-27,20:20,DAL,SF,48.0,False,first_td,00-0033045,Ezekiel Elliott,RB,DAL,rush,2,10:58,1142,drive_game_clock_end,11:02
2024_08_NYG_PIT,2024,8,REG,2024-10-28,20:15,NYG,PIT,37.5,False,first_td,00-0037837,Calvin Austin III,WR,PIT,return,3,04:38,2422,drive_game_clock_end,04:58
2024_09_HOU_NYJ,2024,9,REG,2024-10-31,20:15,HOU,NYJ,43.5,False,first_td,00-0033897,Joe Mixon,RB,HOU,rush,2,03:21,1599,drive_game_clock_end,03:25
2024_09_DAL_ATL,2024,9,REG,2024-11-03,13:00,DAL,ATL,52.0,True,first_td,00-0037238,Drake London,WR,ATL,pass,1,05:23,577,drive_game_clock_end,05:27
2024_09_DEN_BAL,2024,9,REG,2024-11-03,13:00,DEN,BAL,46.5,True,first_td,00-0032764,Derrick Henry,RB,BAL,rush,1,02:18,762,drive_game_clock_end,02:23
2024_09_MIA_BUF,2024,9,REG,2024-11-03,13:00,MIA,BUF,49.0,True,first_td,00-0039040,De'Von Achane,RB,MIA,pass,2,03:20,1600,drive_game_clock_end,03:26
2024_09_NO_CAR,2024,9,REG,2024-11-03,13:00,NO,CAR,43.5,True,first_td,00-0039342,Xavier Legette,WR,CAR,pass,2,09:59,1201,drive_game_clock_end,10:03
2024_09_LV_CIN,2024,9,REG,2024-11-03,13:00,LV,CIN,45.0,True,first_td,00-0038040,Zamir White,RB,LV,rush,1,09:36,324,drive_game_clock_end,09:38
2024_09_LAC_CLE,2024,9,REG,2024-11-03,13:00,LAC,CLE,42.5,True,first_td,00-0036988,Josh Palmer,WR,LAC,pass,1,06:49,491,drive_game_clock_end,06:54
2024_09_WAS_NYG,2024,9,REG,2024-11-03,13:00,WAS,NYG,44.5,True,first_td,00-0035659,Terry McLaurin,WR,WAS,pass,1,07:04,476,drive_game_clock_end,07:07
2024_09_NE_TEN,2024,9,REG,2024-11-03,13:00,NE,TEN,38.5,True,first_td,00-0032394,Nick Vannett,TE,TEN,pass,1,10:18,282,drive_game_clock_end,10:24
2024_09_CHI_ARI,2024,9,REG,2024-11-03,16:05,CHI,ARI,44.5,False,first_td,00-0037744,Trey McBride,TE,ARI,rush,1,00:46,854,drive_game_clock_end,00:51
2024_09_JAX_PHI,2024,9,REG,2024-11-03,16:05,JAX,PHI,46.0,False,first_td,00-0034844,Saquon Barkley,RB,PHI,pass,1,10:22,278,drive_game_clock_end,10:28
2024_09_DET_GB,2024,9,REG,2024-11-03,16:25,DET,GB,47.5,False,first_td,00-0036963,Amon-Ra St. Brown,WR,DET,pass,2,14:56,904,drive_game_clock_end,15:00
2024_09_LA_SEA,2024,9,REG,2024-11-03,16:25,LA,SEA,48.5,False,first_td,00-0032211,Tyler Lockett,WR,SEA,pass,2,00:51,1749,drive_game_clock_end,00:55
2024_09_IND_MIN,2024,9,REG,2024-11-03,20:20,IND,MIN,47.0,False,first_td,00-0033393,Kenny Moore II,CB,IND,return,2,10:56,1144,drive_game_clock_end,11:06
2024_09_TB_KC,2024,9,REG,2024-11-04,20:15,TB,KC,45.5,False,first_td,00-0037256,Rachaad White,RB,TB,rush,2,10:23,1177,drive_game_clock_end,10:28
2024_10_CIN_BAL,2024,10,REG,2024-11-07,20:15,CIN,BAL,53.0,False,first_td,00-0038597,Chase Brown,RB,CIN,rush,1,09:23,337,drive_game_clock_end,09:27
2024_10_NYG_CAR,2024,10,REG,2024-11-10,09:30,NYG,CAR,40.5,False,first_td,00-0039356,Ja'Tavion Sanders,TE,CAR,pass,1,07:48,432,drive_game_clock_end,07:54
2024_10_NE_CHI,2024,10,REG,2024-11-10,13:00,NE,CHI,37.5,True,first_td,00-0039907,Ja'Lynn Polk,WR,NE,pass,2,01:46,1694,drive_game_clock_end,01:51
2024_10_BUF_IND,2024,10,REG,2024-11-10,13:00,BUF,IND,46.5,True,first_td,00-0034376,Taron Johnson,CB,BUF,return,1,12:14,166,drive_game_clock_end,12:24
2024_10_MIN_JAX,2024,10,REG,2024-11-10,13:00,MIN,JAX,42.5,True,first_td,00-0036972,Mac Jones,QB,JAX,rush,1,03:44,676,drive_game_clock_end,03:48
2024_10_DEN_KC,2024,10,REG,2024-11-10,13:00,DEN,KC,42.5,True,first_td,00-0039424,Devaughn Vele,WR,DEN,pass,2,14:20,940,drive_game_clock_end,14:23
2024_10_ATL_NO,2024,10,REG,2024-11-10,13:00,ATL,NO,46.5,True,first_td,00-0034272,Marquez Valdes-Scantling,WR,NO,pass,2,10:48,1152,drive_game_clock_end,10:57
2024_10_SF_TB,2024,10,REG,2024-11-10,13:00,SF,TB,50.5,True,first_td,00-0039916,Ricky Pearsall,WR,SF,pass,1,04:15,645,drive_game_clock_end,04:25
2024_10_PIT_WAS,2024,10,REG,2024-11-10,13:00,PIT,WAS,45.0,True,first_td,00-0037247,George Pickens,WR,PIT,pass,1,08:33,387,drive_game_clock_end,08:38
2024_10_TEN_LAC,2024,10,REG,2024-11-10,16:05,TEN,LAC,40.0,False,first_td,00-0034837,Calvin Ridley,WR,TEN,pass,1,04:25,635,drive_game_clock_end,04:32
2024_10_NYJ_ARI,2024,10,REG,2024-11-10,16:25,NYJ,ARI,45.5,False,first_td,00-0033553,James Conner,RB,ARI,rush,1,12:58,122,drive_game_clock_end,13:01
2024_10_PHI_DAL,2024,10,REG,2024-11-10,16:25,PHI,DAL,44.5,False,first_td,00-0036389,Jalen Hurts,QB,PHI,rush,1,07:05,475,drive_game_clock_end,07:10
2024_10_DET_HOU,2024,10,REG,2024-11-10,20:20,DET,HOU,49.0,False,first_td,00-0033897,Joe Mixon,RB,HOU,rush,1,07:46,434,drive_game_clock_end,07:50
2024_10_MIA_LA,2024,10,REG,2024-11-11,20:15,MIA,LA,49.5,False,first_td,00-0039880,Malik Washington,WR,MIA,rush,1,12:01,179,drive_game_clock_end,12:08
2024_11_WAS_PHI,2024,11,REG,2024-11-14,20:15,WAS,PHI,49.5,False,first_td,00-0037746,Brian Robinson,RB,WAS,rush,1,03:26,694,drive_game_clock_end,03:32
2024_11_GB_CHI,2024,11,REG,2024-11-17,13:00,GB,CHI,41.0,True,first_td,00-0039146,Jayden Reed,WR,GB,pass,1,11:15,225,drive_game_clock_end,11:18
2024_11_JAX_DET,2024,11,REG,2024-11-17,13:00,JAX,DET,47.5,True,first_td,00-0035685,David Montgomery,RB,DET,rush,1,04:59,601,drive_game_clock_end,05:02
2024_11_LV_MIA,2024,11,REG,2024-11-17,13:00,LV,MIA,43.5,True,first_td,00-0033858,Jonnu Smith,TE,MIA,pass,1,06:47,493,drive_game_clock_end,06:50
2024_11_LA_NE,2024,11,REG,2024-11-17,13:00,LA,NE,42.5,True,first_td,00-0033307,Kendrick Bourne,WR,NE,pass,1,05:05,595,drive_game_clock_end,05:08
2024_11_CLE_NO,2024,11,REG,2024-11-17,13:00,CLE,NO,44.0,True,first_td,00-0033357,Taysom Hill,TE,NO,rush,1,09:54,306,drive_game_clock_end,10:00
2024_11_IND_NYJ,2024,11,REG,2024-11-17,13:00,IND,NYJ,43.0,True,first_td,00-0039164,Anthony Richardson,QB,IND,rush,2,14:11,949,drive_game_clock_end,14:16
2024_11_BAL_PIT,2024,11,REG,2024-11-17,13:00,BAL,PIT,48.0,True,first_td,00-0032764,Derrick Henry,RB,BAL,rush,2,01:16,1724,drive_game_clock_end,01:19
2024_11_MIN_TEN,2024,11,REG,2024-11-17,13:00,MIN,TEN,40.0,True,first_td,00-0038994,Jordan Addison,WR,MIN,pass,1,03:16,704,drive_game_clock_end,03:25
2024_11_ATL_DEN,2024,11,REG,2024-11-17,16:05,ATL,DEN,44.5,False,first_td,00-0038783,Nate Adkins,TE,DEN,pass,1,10:31,269,drive_game_clock_end,10:36
2024_11_SEA_SF,2024,11,REG,2024-11-17,16:05,SEA,SF,49.0,False,first_td,00-0037834,Brock Purdy,QB,SF,rush,1,00:10,890,drive_game_clock_end,00:17
2024_11_KC_BUF,2024,11,REG,2024-11-17,16:25,KC,BUF,46.5,False,first_td,00-0037248,James Cook,RB,BUF,rush,1,10:00,300,drive_game_clock_end,10:04
2024_11_CIN_LAC,2024,11,REG,2024-11-17,20:20,CIN,LAC,48.0,False,first_td,00-0034159,Will Dissly,TE,LAC,pass,1,03:34,686,drive_game_clock_end,03:39
2024_11_HOU_DAL,2024,11,REG,2024-11-18,20:15,HOU,DAL,41.5,False,first_td,00-0033897,Joe Mixon,RB,HOU,rush,1,12:42,138,drive_game_clock_end,12:50
2024_12_PIT_CLE,2024,12,REG,2024-11-21,20:15,PIT,CLE,36.5,False,first_td,00-0034791,Nick Chubb,RB,CLE,rush,2,04:00,1560,drive_game_clock_end,04:03
2024_12_KC_CAR,2024,12,REG,2024-11-24,13:00,KC,CAR,43.0,True,first_td,00-0036637,Noah Gray,TE,KC,pass,1,13:35,85,drive_game_clock_end,13:44
2024_12_MIN_CHI,2024,12,REG,2024-11-24,13:00,MIN,CHI,39.5,True,first_td,00-0039021,Roschon Johnson,RB,CHI,rush,1,00:53,847,drive_game_clock_end,00:56
2024_12_TEN_HOU,2024,12,REG,2024-11-24,13:00,TEN,HOU,40.5,True,first_td,00-0039359,Cade Stover,TE,HOU,pass,1,14:42,18,drive_game_clock_end,14:47
2024_12_DET_IND,2024,12,REG,2024-11-24,13:00,DET,IND,50.5,True,first_td,00-0039139,Jahmyr Gibbs,RB,DET,rush,2,12:07,1073,drive_game_clock_end,12:11
2024_12_NE_MIA,2024,12,REG,2024-11-24,13:00,NE,MIA,46.0,True,first_td,00-0033858,Jonnu Smith,TE,MIA,pass,2,14:10,950,drive_game_clock_end,14:16
2024_12_TB_NYG,2024,12,REG,2024-11-24,13:00,TB,NYG,40.5,True,first_td,00-0038951,Sean Tucker,RB,TB,rush,1,06:37,503,drive_game_clock_end,06:39
2024_12_DAL_WAS,2024,12,REG,2024-11-24,13:00,DAL,WAS,45.0,True,first_td,00-0039910,Jayden Daniels,QB,WAS,rush,3,09:53,2107,drive_game_clock_end,09:59
2024_12_DEN_LV,2024,12,REG,2024-11-24,16:05,DEN,LV,41.5,False,first_td,00-0032104,Ameer Abdullah,RB,LV,pass,2,13:36,984,drive_game_clock_end,13:40
2024_12_SF_GB,2024,12,REG,2024-11-24,16:25,SF,GB,44.5,False,first_td,00-0038996,Tucker Kraft,TE,GB,pass,1,07:35,445,drive_game_clock_end,07:42
2024_12_ARI_SEA,2024,12,REG,2024-11-24,16:25,ARI,SEA,46.5,False,first_td,00-0038543,Jaxon Smith-Njigba,WR,SEA,pass,2,01:14,1726,drive_game_clock_end,01:17
2024_12_PHI_LA,2024,12,REG,2024-11-24,20:20,PHI,LA,49.0,False,first_td,00-0037840,Kyren Williams,RB,LA,rush,1,01:02,838,drive_game_clock_end,01:06
2024_12_BAL_LAC,2024,12,REG,2024-11-25,20:15,BAL,LAC,51.0,False,first_td,00-0036355,Justin Herbert,QB,LAC,rush,1,09:45,315,drive_game_clock_end,09:52
2024_13_CHI_DET,2024,13,REG,2024-11-28,12:30,CHI,DET,47.5,False,first_td,00-0039065,Sam LaPorta,TE,DET,pass,2,14:55,905,drive_game_clock_end,15:00
2024_13_NYG_DAL,2024,13,REG,2024-11-28,16:30,NYG,DAL,39.0,False,first_td,00-0039384,Tyrone Tracy Jr.,RB,NYG,rush,1,03:06,714,drive_game_clock_end,03:09
2024_13_MIA_GB,2024,13,REG,2024-11-28,20:20,MIA,GB,47.5,False,first_td,00-0039146,Jayden Reed,WR,GB,pass,1,12:00,180,drive_game_clock_end,12:05
2024_13_LV_KC,2024,13,REG,2024-11-29,15:00,LV,KC,42.0,False,first_td,00-0034386,Justin Watson,WR,KC,pass,2,02:14,1666,drive_game_clock_end,02:19
2024_13_LAC_ATL,2024,13,REG,2024-12-01,13:00,LAC,ATL,47.0,True,first_td,00-0038542,Bijan Robinson,RB,ATL,rush,1,03:59,661,drive_game_clock_end,04:04
2024_13_PIT_CIN,2024,13,REG,2024-12-01,13:00,PIT,CIN,46.0,True,first_td,00-0037753,Cam Taylor-Britt,CB,CIN,return,1,11:49,191,drive_game_clock_end,11:59
2024_13_HOU_JAX,2024,13,REG,2024-12-01,13:00,HOU,JAX,44.5,True,first_td,00-0033897,Joe Mixon,RB,HOU,rush,3,08:04,2216,drive_game_clock_end,08:07
2024_13_ARI_MIN,2024,13,REG,2024-12-01,13:00,ARI,MIN,45.5,True,first_td,00-0039849,Marvin Harrison Jr.,WR,ARI,pass,3,04:37,2423,drive_game_clock_end,04:43
2024_13_IND_NE,2024,13,REG,2024-12-01,13:00,IND,NE,41.5,True,first_td,00-0036223,Jonathan Taylor,RB,IND,pass,1,05:02,598,drive_game_clock_end,05:07
2024_13_SEA_NYJ,2024,13,REG,2024-12-01,13:00,SEA,NYJ,41.5,True,first_td,00-0031381,Davante Adams,WR,NYJ,pass,1,03:25,695,drive_game_clock_end,03:29
2024_13_TEN_WAS,2024,13,REG,2024-12-01,13:00,TEN,WAS,45.0,True,first_td,00-0037746,Brian Robinson,RB,WAS,rush,1,11:58,182,drive_game_clock_end,12:05
2024_13_TB_CAR,2024,13,REG,2024-12-01,16:05,TB,CAR,46.0,False,first_td,00-0031408,Mike Evans,WR,TB,pass,1,04:29,631,drive_game_clock_end,04:34
2024_13_LA_NO,2024,13,REG,2024-12-01,16:05,LA,NO,48.5,False,first_td,00-0037840,Kyren Williams,RB,LA,rush,3,08:50,2170,drive_game_clock_end,08:56
2024_13_PHI_BAL,2024,13,REG,2024-12-01,16:25,PHI,BAL,50.0,False,first_td,00-0034753,Mark Andrews,TE,BAL,pass,1,03:49,671,drive_game_clock_end,03:56
2024_13_SF_BUF,2024,13,REG,2024-12-01,20:20,SF,BUF,45.0,False,first_td,00-0039875,Ray Davis,RB,BUF,rush,1,00:03,897,drive_game_clock_end,00:08
2024_13_CLE_DEN,2024,13,REG,2024-12-02,20:15,CLE,DEN,41.5,False,first_td,00-0036997,Javonte Williams,RB,DEN,rush,1,04:13,647,drive_game_clock_end,04:16
2024_14_GB_DET,2024,14,REG,2024-12-05,20:15,GB,DET,53.0,False,first_td,00-0035685,David Montgomery,RB,DET,rush,1,09:41,319,drive_game_clock_end,09:44
2024_14_NYJ_MIA,2024,14,REG,2024-12-08,13:00,NYJ,MIA,45.0,True,first_td,00-0039040,De'Von Achane,RB,MIA,rush,1,10:24,276,drive_game_clock_end,10:29
2024_14_ATL_MIN,2024,14,REG,2024-12-08,13:00,ATL,MIN,46.5,True,first_td,00-0037263,Tyler Allgeier,RB,ATL,rush,1,08:58,362,drive_game_clock_end,09:01
2024_14_NO_NYG,2024,14,REG,2024-12-08,13:00,NO,NYG,41.0,True,first_td,00-0038551,Kendre Miller,RB,NO,rush,1,01:19,821,drive_game_clock_end,01:27
2024_14_CAR_PHI,2024,14,REG,2024-12-08,13:00,CAR,PHI,44.5,True,first_td,00-0036389,Jalen Hurts,QB,PHI,rush,2,11:48,1092,drive_game_clock_end,11:52
2024_14_CLE_PIT,2024,14,REG,2024-12-08,13:00,CLE,PIT,43.0,True,first_td,00-0036407,Jerry Jeudy,WR,CLE,pass,1,05:50,550,drive_game_clock_end,05:57
2024_14_LV_TB,2024,14,REG,2024-12-08,13:00,LV,TB,47.0,True,first_td,00-0039855,Jalen McMillan,WR,TB,pass,1,08:07,413,drive_game_clock_end,08:12
2024_14_JAX_TEN,2024,14,REG,2024-12-08,13:00,JAX,TEN,40.0,True,first_td,00-0038555,Tank Bigsby,RB,JAX,rush,4,06:46,3194,drive_game_clock_end,06:51
2024_14_SEA_ARI,2024,14,REG,2024-12-08,16:05,SEA,ARI,45.5,False,first_td,00-0038559,Michael Wilson,WR,ARI,pass,1,11:53,187,drive_game_clock_end,12:02
2024_14_BUF_LA,2024,14,REG,2024-12-08,16:25,BUF,LA,49.5,False,first_td,00-0037840,Kyren Williams,RB,LA,rush,1,08:26,394,drive_game_clock_end,08:29
2024_14_CHI_SF,2024,14,REG,2024-12-08,16:25,CHI,SF,43.5,False,first_td,00-0036259,Jauan Jennings,WR,SF,pass,1,12:20,160,drive_game_clock_end,12:25
2024_14_LAC_KC,2024,14,REG,2024-12-08,20:20,LAC,KC,43.5,False,first_td,00-0030564,DeAndre Hopkins,WR,KC,pass,2,00:47,1753,drive_game_clock_end,00:50
2024_14_CIN_DAL,2024,14,REG,2024-12-09,20:15,CIN,DAL,51.0,False,first_td,00-0036358,CeeDee Lamb,WR,DAL,pass,1,08:55,365,drive_game_clock_end,08:59
2024_15_LA_SF,2024,15,REG,2024-12-12,20:15,LA,SF,48.5,False,no_td,,,,,,,,,,
2024_15_DAL_CAR,2024,15,REG,2024-12-15,13:00,DAL,CAR,42.0,True,first_td,00-0036358,CeeDee Lamb,WR,DAL,pass,2,09:01,1259,drive_game_clock_end,09:07
2024_15_KC_CLE,2024,15,REG,2024-12-15,13:00,KC,CLE,41.5,True,first_td,00-0033857,JuJu Smith-Schuster,WR,KC,pass,1,12:12,168,drive_game_clock_end,12:18
2024_15_MIA_HOU,2024,15,REG,2024-12-15,13:00,MIA,HOU,46.5,True,first_td,00-0036554,Nico Collins,WR,HOU,pass,2,06:45,1395,drive_game_clock_end,06:51
2024_15_NYJ_JAX,2024,15,REG,2024-12-15,13:00,NYJ,JAX,41.5,True,first_td,00-0039893,Brian Thomas Jr.,WR,JAX,pass,1,08:37,383,drive_game_clock_end,08:43
2024_15_WAS_NO,2024,15,REG,2024-12-15,13:00,WAS,NO,44.5,True,first_td,00-0035659,Terry McLaurin,WR,WAS,pass,1,05:28,572,drive_game_clock_end,05:39
2024_15_BAL_NYG,2024,15,REG,2024-12-15,13:00,BAL,NYG,43.5,True,first_td,00-0034753,Mark Andrews,TE,BAL,pass,1,03:18,702,drive_game_clock_end,03:23
2024_15_CIN_TEN,2024,15,REG,2024-12-15,13:00,CIN,TEN,46.5,True,first_td,00-0035261,Tony Pollard,RB,TEN,rush,1,10:52,248,drive_game_clock_end,10:55
2024_15_NE_ARI,2024,15,REG,2024-12-15,16:25,NE,ARI,46.5,False,first_td,00-0035629,Jonah Williams,OT,ARI,other,1,01:21,819,drive_game_clock_end,01:31
2024_15_IND_DEN,2024,15,REG,2024-12-15,16:25,IND,DEN,43.5,False,first_td,00-0039164,Anthony Richardson,QB,IND,rush,1,10:52,248,drive_game_clock_end,10:58
2024_15_BUF_DET,2024,15,REG,2024-12-15,16:25,BUF,DET,55.5,False,first_td,00-0034857,Josh Allen,QB,BUF,rush,1,10:56,244,drive_game_clock_end,10:58
2024_15_TB_LAC,2024,15,REG,2024-12-15,16:25,TB,LAC,46.0,False,first_td,00-0039855,Jalen McMillan,WR,TB,pass,1,11:14,226,drive_game_clock_end,11:20
2024_15_PIT_PHI,2024,15,REG,2024-12-15,16:25,PIT,PHI,43.0,False,first_td,00-0035676,A.J. Brown,WR,PHI,pass,1,01:13,827,drive_game_clock_end,01:18
2024_15_GB_SEA,2024,15,REG,2024-12-15,20:20,GB,SEA,48.0,False,first_td,00-0035700,Josh Jacobs,RB,GB,rush,1,09:19,341,drive_game_clock_end,09:23
2024_15_CHI_MIN,2024,15,REG,2024-12-16,20:00,CHI,MIN,43.5,False,first_td,00-0036322,Justin Jefferson,WR,MIN,pass,1,05:04,596,drive_game_clock_end,05:09
2024_15_ATL_LV,2024,15,REG,2024-12-16,20:30,ATL,LV,44.5,False,first_td,00-0037238,Drake London,WR,ATL,pass,1,00:14,886,drive_game_clock_end,00:19
2024_16_DEN_LAC,2024,16,REG,2024-12-19,20:15,DEN,LAC,41.5,False,first_td,00-0039373,Audric Estimé,RB,DEN,rush,1,07:34,446,drive_game_clock_end,07:37
2024_16_HOU_KC,2024,16,REG,2024-12-21,13:00,HOU,KC,42.5,False,first_td,00-0033873,Patrick Mahomes,QB,KC,rush,1,06:31,509,drive_game_clock_end,06:39
2024_16_PIT_BAL,2024,16,REG,2024-12-21,16:30,PIT,BAL,44.5,False,first_td,00-0037838,Isaiah Likely,TE,BAL,pass,1,05:52,548,drive_game_clock_end,05:57
2024_16_NYG_ATL,2024,16,REG,2024-12-22,13:00,NYG,ATL,42.5,True,first_td,00-0039384,Tyrone Tracy Jr.,RB,NYG,pass,2,14:53,907,drive_game_clock_end,15:00
2024_16_ARI_CAR,2024,16,REG,2024-12-22,13:00,ARI,CAR,47.0,True,first_td,00-0036555,Chuba Hubbard,RB,CAR,rush,1,04:55,605,drive_game_clock_end,05:00
2024_16_DET_CHI,2024,16,REG,2024-12-22,13:00,DET,CHI,47.5,True,first_td,00-0039139,Jahmyr Gibbs,RB,DET,rush,1,05:34,566,drive_game_clock_end,05:37
2024_16_CLE_CIN,2024,16,REG,2024-12-22,13:00,CLE,CIN,46.5,True,first_td,00-0036410,Tee Higgins,WR,CIN,pass,1,07:14,466,drive_game_clock_end,07:18
2024_16_TEN_IND,2024,16,REG,2024-12-22,13:00,TEN,IND,42.5,True,first_td,00-0034837,Calvin Ridley,WR,TEN,pass,1,07:47,433,drive_game_clock_end,07:53
2024_16_LA_NYJ,2024,16,REG,2024-12-22,13:00,LA,NYJ,47.0,True,first_td,00-0031381,Davante Adams,WR,NYJ,pass,1,00:23,877,drive_game_clock_end,00:30
2024_16_PHI_WAS,2024,16,REG,2024-12-22,13:00,PHI,WAS,47.0,True,first_td,00-0034844,Saquon Barkley,RB,PHI,rush,1,11:15,225,drive_game_clock_end,11:18
2024_16_MIN_SEA,2024,16,REG,2024-12-22,16:05,MIN,SEA,43.0,False,first_td,00-0038994,Jordan Addison,WR,MIN,pass,1,08:06,414,drive_game_clock_end,08:09
2024_16_NE_BUF,2024,16,REG,2024-12-22,16:25,NE,BUF,48.0,False,first_td,00-0038608,Kayshon Boutte,WR,NE,pass,1,12:01,179,drive_game_clock_end,12:06
2024_16_JAX_LV,2024,16,REG,2024-12-22,16:25,JAX,LV,41.5,False,first_td,00-0038555,Tank Bigsby,RB,JAX,rush,1,01:32,808,drive_game_clock_end,01:35
2024_16_SF_MIA,2024,16,REG,2024-12-22,16:25,SF,MIA,44.0,False,first_td,00-0035719,Deebo Samuel Sr.,WR,SF,pass,2,14:14,946,drive_game_clock_end,14:22
2024_16_TB_DAL,2024,16,REG,2024-12-22,20:20,TB,DAL,47.5,False,first_td,00-0037666,Jalen Tolbert,WR,DAL,pass,1,02:49,731,drive_game_clock_end,02:53
2024_16_NO_GB,2024,16,REG,2024-12-23,20:15,NO,GB,44.0,False,first_td,00-0038393,Dontayvion Wicks,WR,GB,pass,1,08:41,379,drive_game_clock_end,08:45
2024_17_KC_PIT,2024,17,REG,2024-12-25,13:00,KC,PIT,43.5,False,first_td,00-0039894,Xavier Worthy,WR,KC,pass,1,09:19,341,drive_game_clock_end,09:23
2024_17_BAL_HOU,2024,17,REG,2024-12-25,16:30,BAL,HOU,46.5,False,first_td,00-0032764,Derrick Henry,RB,BAL,rush,1,10:08,292,drive_game_clock_end,10:10
2024_17_SEA_CHI,2024,17,REG,2024-12-26,20:15,SEA,CHI,43.5,False,no_td,,,,,,,,,,
2024_17_LAC_NE,2024,17,REG,2024-12-28,13:00,LAC,NE,42.0,False,first_td,00-0038573,Derius Davis,WR,LAC,pass,1,03:21,699,drive_game_clock_end,03:27
2024_17_DEN_CIN,2024,17,REG,2024-12-28,16:30,DEN,CIN,50.5,False,first_td,00-0036410,Tee Higgins,WR,CIN,pass,2,01:49,1691,drive_game_clock_end,01:52
2024_17_ARI_LA,2024,17,REG,2024-12-28,20:15,ARI,LA,48.0,False,first_td,00-0037840,Kyren Williams,RB,LA,rush,2,03:23,1597,drive_game_clock_end,03:28
2024_17_NYJ_BUF,2024,17,REG,2024-12-29,13:00,NYJ,BUF,44.5,True,first_td,00-0034857,Josh Allen,QB,BUF,rush,1,08:11,409,drive_game_clock_end,08:14
2024_17_TEN_JAX,2024,17,REG,2024-12-29,13:00,TEN,JAX,38.0,True,first_td,00-0038606,Parker Washington,WR,JAX,pass,2,08:59,1261,drive_game_clock_end,09:06
2024_17_LV_NO,2024,17,REG,2024-12-29,13:00,LV,NO,37.5,True,first_td,00-0034981,Foster Moreau,TE,NO,pass,2,14:52,908,drive_game_clock_end,15:00
2024_17_IND_NYG,2024,17,REG,2024-12-29,13:00,IND,NYG,40.5,True,first_td,00-0039337,Malik Nabers,WR,NYG,pass,1,01:05,835,drive_game_clock_end,01:13
2024_17_DAL_PHI,2024,17,REG,2024-12-29,13:00,DAL,PHI,37.5,True,first_td,00-0035253,C.J. Gardner-Johnson,SAF,PHI,return,1,11:43,197,drive_game_clock_end,11:55
2024_17_CAR_TB,2024,17,REG,2024-12-29,13:00,CAR,TB,47.5,True,first_td,00-0031408,Mike Evans,WR,TB,pass,1,11:35,205,drive_game_clock_end,11:38
2024_17_MIA_CLE,2024,17,REG,2024-12-29,16:05,MIA,CLE,32.5,False,first_td,00-0035993,Tyler Huntley,QB,MIA,rush,3,11:04,2036,drive_game_clock_end,11:12
2024_17_GB_MIN,2024,17,REG,2024-12-29,16:25,GB,MIN,49.0,False,first_td,00-0037291,Jalen Nailor,WR,MIN,pass,2,11:52,1088,drive_game_clock_end,11:58
2024_17_ATL_WAS,2024,17,REG,2024-12-29,20:20,ATL,WAS,46.5,False,first_td,00-0035208,Olamide Zaccheaus,WR,WAS,pass,1,09:33,327,drive_game_clock_end,09:37
2024_17_DET_SF,2024,17,REG,2024-12-30,20:15,DET,SF,50.5,False,first_td,00-0039916,Ricky Pearsall,WR,SF,pass,1,08:37,383,drive_game_clock_end,08:40
2024_18_CLE_BAL,2024,18,REG,2025-01-04,16:30,CLE,BAL,42.5,False,first_td,00-0039232,Nate Wiggins,CB,BAL,return,1,08:32,388,drive_game_clock_end,08:38
2024_18_CIN_PIT,2024,18,REG,2025-01-04,20:00,CIN,PIT,48.5,False,first_td,00-0036900,Ja'Marr Chase,WR,CIN,pass,1,09:49,311,drive_game_clock_end,09:53
2024_18_CAR_ATL,2024,18,REG,2025-01-05,13:00,CAR,ATL,48.5,True,first_td,00-0039150,Bryce Young,QB,CAR,rush,2,10:47,1153,drive_game_clock_end,10:53
2024_18_WAS_DAL,2024,18,REG,2025-01-05,13:00,WAS,DAL,43.5,True,first_td,00-0030061,Zach Ertz,TE,WAS,pass,3,05:07,2393,drive_game_clock_end,05:10
2024_18_CHI_GB,2024,18,REG,2025-01-05,13:00,CHI,GB,41.5,True,first_td,00-0037129,Josh Blackwell,CB,CHI,return,1,06:34,506,drive_game_clock_end,06:52
2024_18_JAX_IND,2024,18,REG,2025-01-05,13:00,JAX,IND,45.5,True,first_td,00-0037664,Alec Pierce,WR,IND,pass,1,13:50,70,drive_game_clock_end,13:56
2024_18_BUF_NE,2024,18,REG,2025-01-05,13:00,BUF,NE,36.5,True,first_td,00-0039398,Joe Milton III,QB,NE,rush,1,04:25,635,drive_game_clock_end,04:28
2024_18_NYG_PHI,2024,18,REG,2025-01-05,13:00,NYG,PHI,36.5,True,first_td,00-0039747,Ainias Smith,WR,PHI,pass,1,06:51,489,drive_game_clock_end,06:58
2024_18_NO_TB,2024,18,REG,2025-01-05,13:00,NO,TB,44.5,True,first_td,00-0034860,Dante Pettis,WR,NO,pass,2,06:14,1426,drive_game_clock_end,06:19
2024_18_HOU_TEN,2024,18,REG,2025-01-05,13:00,HOU,TEN,36.5,True,first_td,00-0036554,Nico Collins,WR,HOU,pass,1,07:43,437,drive_game_clock_end,07:47
2024_18_SF_ARI,2024,18,REG,2025-01-05,16:25,SF,ARI,42.5,False,first_td,00-0035500,Greg Dortch,WR,ARI,pass,2,12:55,1025,drive_game_clock_end,13:03
2024_18_KC_DEN,2024,18,REG,2025-01-05,16:25,KC,DEN,40.5,False,first_td,00-0038976,Marvin Mims Jr.,WR,DEN,pass,1,11:55,185,drive_game_clock_end,12:04
2024_18_SEA_LA,2024,18,REG,2025-01-05,16:25,SEA,LA,38.5,False,first_td,00-0038752,Jake Bobo,WR,SEA,pass,1,05:21,579,drive_game_clock_end,05:24
2024_18_LAC_LV,2024,18,REG,2025-01-05,16:25,LAC,LV,42.5,False,first_td,00-0034960,Jakobi Meyers,WR,LV,pass,2,13:04,1016,drive_game_clock_end,13:09
2024_18_MIA_NYJ,2024,18,REG,2025-01-05,16:25,MIA,NYJ,39.5,False,first_td,00-0034270,Tyler Conklin,TE,NYJ,pass,2,07:57,1323,drive_game_clock_end,08:01
2024_18_MIN_DET,2024,18,REG,2025-01-05,20:20,MIN,DET,56.5,False,first_td,00-0039139,Jahmyr Gibbs,RB,DET,rush,1,01:43,797,drive_game_clock_end,01:49
2024_19_LAC_HOU,2024,19,WC,2025-01-11,16:30,LAC,HOU,41.5,False,first_td,00-0036554,Nico Collins,WR,HOU,pass,2,00:58,1742,drive_game_clock_end,01:02
2024_19_PIT_BAL,2024,19,WC,2025-01-11,20:00,PIT,BAL,44.5,False,first_td,00-0036550,Rashod Bateman,WR,BAL,pass,1,04:45,615,drive_game_clock_end,04:50
2024_19_DEN_BUF,2024,19,WC,2025-01-12,13:00,DEN,BUF,48.5,False,first_td,00-0039868,Troy Franklin,WR,DEN,pass,1,12:36,144,drive_game_clock_end,12:43
2024_19_GB_PHI,2024,19,WC,2025-01-12,16:30,GB,PHI,45.5,False,first_td,00-0037741,Jahan Dotson,WR,PHI,pass,1,13:21,99,drive_game_clock_end,13:30
2024_19_WAS_TB,2024,19,WC,2025-01-12,20:00,WAS,TB,51.5,False,first_td,00-0036626,Dyami Brown,WR,WAS,pass,2,09:26,1234,drive_game_clock_end,09:31
2024_19_MIN_LA,2024,19,WC,2025-01-13,20:00,MIN,LA,47.5,False,first_td,00-0037840,Kyren Williams,RB,LA,pass,1,10:22,278,drive_game_clock_end,10:28
2024_20_HOU_KC,2024,20,DIV,2025-01-18,16:30,HOU,KC,41.5,False,first_td,00-0033923,Kareem Hunt,RB,KC,rush,2,04:36,1524,drive_game_clock_end,04:39
2024_20_WAS_DET,2024,20,DIV,2025-01-18,20:00,WAS,DET,55.5,False,first_td,00-0039139,Jahmyr Gibbs,RB,DET,rush,1,07:36,444,drive_game_clock_end,07:40
2024_20_LA_PHI,2024,20,DIV,2025-01-19,15:00,LA,PHI,43.5,False,first_td,00-0036389,Jalen Hurts,QB,PHI,rush,1,11:55,185,drive_game_clock_end,12:04
2024_20_BAL_BUF,2024,20,DIV,2025-01-19,18:30,BAL,BUF,51.5,False,first_td,00-0036550,Rashod Bateman,WR,BAL,pass,1,10:40,260,drive_game_clock_end,10:46
2024_21_WAS_PHI,2024,21,CON,2025-01-26,15:00,WAS,PHI,46.5,False,first_td,00-0034844,Saquon Barkley,RB,PHI,rush,1,07:39,441,drive_game_clock_end,07:51
2024_21_BUF_KC,2024,21,CON,2025-01-26,18:30,BUF,KC,49.5,False,first_td,00-0033923,Kareem Hunt,RB,KC,rush,1,08:56,364,drive_game_clock_end,09:02
2024_22_KC_PHI,2024,22,SB,2025-02-09,18:30,KC,PHI,48.5,False,first_td,00-0036389,Jalen Hurts,QB,PHI,rush,1,06:15,525,drive_game_clock_end,06:18
2025_01_DAL_PHI,2025,1,REG,2025-09-04,20:20,DAL,PHI,47.5,False,first_td,00-0036997,Javonte Williams,RB,DAL,rush,1,11:49,191,drive_game_clock_end,11:52
2025_01_KC_LAC,2025,1,REG,2025-09-05,20:00,KC,LAC,47.5,False,first_td,00-0038544,Quentin Johnston,WR,LAC,pass,1,09:11,349,drive_game_clock_end,09:16
2025_01_TB_ATL,2025,1,REG,2025-09-07,13:00,TB,ATL,47.5,True,first_td,00-0038542,Bijan Robinson,RB,ATL,pass,1,13:14,106,drive_game_clock_end,13:26
2025_01_CIN_CLE,2025,1,REG,2025-09-07,13:00,CIN,CLE,47.5,True,first_td,00-0038597,Chase Brown,RB,CIN,rush,1,07:32,448,drive_game_clock_end,07:37
2025_01_MIA_IND,2025,1,REG,2025-09-07,13:00,MIA,IND,47.5,True,first_td,00-0036252,Michael Pittman,WR,IND,pass,2,14:54,906,drive_game_clock_end,15:00
2025_01_CAR_JAX,2025,1,REG,2025-09-07,13:00,CAR,JAX,45.5,True,first_td,00-0037004,Hunter Long,TE,JAX,pass,2,08:32,1288,drive_game_clock_end,08:38
2025_01_LV_NE,2025,1,REG,2025-09-07,13:00,LV,NE,44.5,True,first_td,00-0038563,Tre Tucker,WR,LV,pass,1,12:17,163,drive_game_clock_end,12:23
2025_01_ARI_NO,2025,1,REG,2025-09-07,13:00,ARI,NO,44.5,True,first_td,00-0033906,Alvin Kamara,RB,NO,rush,2,14:20,940,drive_game_clock_end,14:26
2025_01_PIT_NYJ,2025,1,REG,2025-09-07,13:00,PIT,NYJ,37.5,True,first_td,00-0036862,Ben Skowronek,WR,PIT,pass,1,03:38,682,drive_game_clock_end,03:44
2025_01_NYG_WAS,2025,1,REG,2025-09-07,13:00,NYG,WAS,45.5,True,first_td,00-0030061,Zach Ertz,TE,WAS,pass,1,07:00,480,drive_game_clock_end,07:03
2025_01_TEN_DEN,2025,1,REG,2025-09-07,16:05,TEN,DEN,42.5,False,first_td,00-0034348,Courtland Sutton,WR,DEN,pass,2,00:16,1784,drive_game_clock_end,00:22
2025_01_SF_SEA,2025,1,REG,2025-09-07,16:05,SF,SEA,43.5,False,first_td,00-0033288,George Kittle,TE,SF,pass,1,03:43,677,drive_game_clock_end,03:47
2025_01_DET_GB,2025,1,REG,2025-09-07,16:25,DET,GB,48.5,False,first_td,00-0038996,Tucker Kraft,TE,GB,pass,1,09:26,334,drive_game_clock_end,09:31
2025_01_HOU_LA,2025,1,REG,2025-09-07,16:25,HOU,LA,43.5,False,first_td,00-0037840,Kyren Williams,RB,LA,rush,2,00:53,1747,drive_game_clock_end,00:57
2025_01_BAL_BUF,2025,1,REG,2025-09-07,20:20,BAL,BUF,50.5,False,first_td,00-0038933,Dalton Kincaid,TE,BUF,pass,1,11:19,221,drive_game_clock_end,11:23
2025_01_MIN_CHI,2025,1,REG,2025-09-08,20:15,MIN,CHI,43.5,False,first_td,00-0039918,Caleb Williams,QB,CHI,rush,1,07:04,476,drive_game_clock_end,07:12
2025_02_WAS_GB,2025,2,REG,2025-09-11,20:15,WAS,GB,48.5,False,first_td,00-0037816,Romeo Doubs,WR,GB,pass,1,04:33,627,drive_game_clock_end,04:35
2025_02_CLE_BAL,2025,2,REG,2025-09-14,13:00,CLE,BAL,46.5,True,first_td,00-0036630,Tylan Wallace,WR,BAL,pass,2,11:13,1127,drive_game_clock_end,11:17
2025_02_JAX_CIN,2025,2,REG,2025-09-14,13:00,JAX,CIN,49.5,True,first_td,00-0036626,Dyami Brown,WR,JAX,pass,1,10:51,249,drive_game_clock_end,10:57
2025_02_NYG_DAL,2025,2,REG,2025-09-14,13:00,NYG,DAL,44.5,True,first_td,00-0039337,Malik Nabers,WR,NYG,pass,2,05:37,1463,drive_game_clock_end,05:43
2025_02_CHI_DET,2025,2,REG,2025-09-14,13:00,CHI,DET,46.5,True,first_td,00-0039139,Jahmyr Gibbs,RB,DET,rush,1,12:13,167,drive_game_clock_end,12:17
2025_02_NE_MIA,2025,2,REG,2025-09-14,13:00,NE,MIA,43.5,True,first_td,00-0033555,Mack Hollins,WR,NE,pass,1,09:29,331,drive_game_clock_end,09:34
2025_02_SF_NO,2025,2,REG,2025-09-14,13:00,SF,NO,40.5,True,first_td,00-0036887,Luke Farrell,TE,SF,pass,1,03:25,695,drive_game_clock_end,03:32
2025_02_BUF_NYJ,2025,2,REG,2025-09-14,13:00,BUF,NYJ,47.5,True,first_td,00-0037248,James Cook,RB,BUF,rush,1,07:29,451,drive_game_clock_end,07:33
2025_02_SEA_PIT,2025,2,REG,2025-09-14,13:00,SEA,PIT,40.5,True,first_td,00-0040648,Tory Horton,WR,SEA,pass,1,10:29,271,drive_game_clock_end,10:34
2025_02_LA_TEN,2025,2,REG,2025-09-14,13:00,LA,TEN,41.5,True,first_td,00-0039075,Puka Nacua,WR,LA,rush,1,08:39,381,drive_game_clock_end,08:48
2025_02_CAR_ARI,2025,2,REG,2025-09-14,16:05,CAR,ARI,45.5,False,first_td,00-0036933,Zaven Collins,LB,ARI,return,1,13:27,93,drive_game_clock_end,13:36
2025_02_DEN_IND,2025,2,REG,2025-09-14,16:05,DEN,IND,43.5,False,first_td,00-0038976,Marvin Mims Jr.,WR,DEN,pass,1,08:24,396,drive_game_clock_end,08:30
2025_02_PHI_KC,2025,2,REG,2025-09-14,16:25,PHI,KC,46.5,False,first_td,00-0034844,Saquon Barkley,RB,PHI,rush,1,00:46,854,drive_game_clock_end,00:51
2025_02_ATL_MIN,2025,2,REG,2025-09-14,20:20,ATL,MIN,44.5,False,first_td,00-0037263,Tyler Allgeier,RB,ATL,rush,4,03:22,3398,drive_game_clock_end,03:25
2025_02_TB_HOU,2025,2,REG,2025-09-15,19:00,TB,HOU,42.5,False,first_td,00-0036554,Nico Collins,WR,HOU,pass,1,11:53,187,drive_game_clock_end,11:58
2025_02_LAC_LV,2025,2,REG,2025-09-15,22:00,LAC,LV,46.5,False,first_td,00-0030279,Keenan Allen,WR,LAC,pass,1,00:20,880,drive_game_clock_end,00:28
2025_03_MIA_BUF,2025,3,REG,2025-09-18,20:15,MIA,BUF,50.5,False,first_td,00-0040198,Ollie Gordon II,RB,MIA,rush,1,08:31,389,drive_game_clock_end,08:34
2025_03_ATL_CAR,2025,3,REG,2025-09-21,13:00,ATL,CAR,44.5,True,first_td,00-0039150,Bryce Young,QB,CAR,rush,1,06:44,496,drive_game_clock_end,06:52
2025_03_GB_CLE,2025,3,REG,2025-09-21,13:00,GB,CLE,41.5,True,first_td,00-0037306,John FitzPatrick,TE,GB,pass,3,03:23,2497,drive_game_clock_end,03:29
2025_03_HOU_JAX,2025,3,REG,2025-09-21,13:00,HOU,JAX,43.5,True,first_td,00-0040719,Bhayshul Tuten,RB,JAX,rush,1,02:06,774,drive_game_clock_end,02:09
2025_03_CIN_MIN,2025,3,REG,2025-09-21,13:00,CIN,MIN,41.5,True,first_td,00-0035249,Josh Oliver,TE,MIN,pass,1,12:57,123,drive_game_clock_end,13:01
2025_03_PIT_NE,2025,3,REG,2025-09-21,13:00,PIT,NE,44.5,True,first_td,00-0036919,Kenny Gainwell,RB,PIT,rush,1,08:25,395,drive_game_clock_end,08:29
2025_03_LA_PHI,2025,3,REG,2025-09-21,13:00,LA,PHI,45.5,True,first_td,00-0036389,Jalen Hurts,QB,PHI,rush,1,08:07,413,drive_game_clock_end,08:12
2025_03_NYJ_TB,2025,3,REG,2025-09-21,13:00,NYJ,TB,43.5,True,first_td,00-0031408,Mike Evans,WR,TB,pass,2,11:15,1125,drive_game_clock_end,11:18
2025_03_IND_TEN,2025,3,REG,2025-09-21,13:00,IND,TEN,43.5,True,first_td,00-0033393,Kenny Moore II,CB,IND,return,1,14:11,49,drive_game_clock_end,14:20
2025_03_LV_WAS,2025,3,REG,2025-09-21,13:00,LV,WAS,43.5,True,first_td,00-0032268,Marcus Mariota,QB,WAS,rush,1,11:51,189,drive_game_clock_end,11:56
2025_03_DEN_LAC,2025,3,REG,2025-09-21,16:05,DEN,LAC,45.5,False,first_td,00-0040666,Omarion Hampton,RB,LAC,rush,2,01:53,1687,drive_game_clock_end,01:56
2025_03_NO_SEA,2025,3,REG,2025-09-21,16:05,NO,SEA,41.5,False,first_td,00-0038543,Jaxon Smith-Njigba,WR,SEA,pass,1,09:48,312,drive_game_clock_end,09:54
2025_03_DAL_CHI,2025,3,REG,2025-09-21,16:25,DAL,CHI,49.5,False,first_td,00-0039919,Rome Odunze,WR,CHI,pass,1,10:35,265,drive_game_clock_end,10:40
2025_03_ARI_SF,2025,3,REG,2025-09-21,16:25,ARI,SF,44.5,False,first_td,00-0029892,Kyle Juszczyk,FB,SF,pass,4,10:50,2950,drive_game_clock_end,10:54
2025_03_KC_NYG,2025,3,REG,2025-09-21,20:20,KC,NYG,44.5,False,first_td,00-0040715,Cam Skattebo,RB,NYG,rush,2,01:44,1696,drive_game_clock_end,01:49
2025_03_DET_BAL,2025,3,REG,2025-09-22,20:15,DET,BAL,53.5,False,first_td,00-0039139,Jahmyr Gibbs,RB,DET,rush,1,09:16,344,drive_game_clock_end,09:19
2025_04_SEA_ARI,2025,4,REG,2025-09-25,20:15,SEA,ARI,43.5,False,first_td,00-0039793,AJ Barner,TE,SEA,pass,1,01:33,807,drive_game_clock_end,01:38
2025_04_MIN_PIT,2025,4,REG,2025-09-28,09:30,MIN,PIT,41.5,False,first_td,00-0036919,Kenny Gainwell,RB,PIT,rush,1,00:55,845,drive_game_clock_end,00:58
2025_04_WAS_ATL,2025,4,REG,2025-09-28,13:00,WAS,ATL,43.5,True,first_td,00-0037238,Drake London,WR,ATL,pass,1,00:49,851,drive_game_clock_end,00:52
2025_04_NO_BUF,2025,4,REG,2025-09-28,13:00,NO,BUF,48.5,True,first_td,00-0037261,Khalil Shakir,WR,BUF,pass,1,10:49,251,drive_game_clock_end,10:58
2025_04_CLE_DET,2025,4,REG,2025-09-28,13:00,CLE,DET,44.5,True,first_td,00-0040784,Quinshon Judkins,RB,CLE,rush,1,05:36,564,drive_game_clock_end,05:41
2025_04_TEN_HOU,2025,4,REG,2025-09-28,13:00,TEN,HOU,39.5,True,first_td,00-0040583,Woody Marks,RB,HOU,pass,4,14:55,2705,drive_game_clock_end,15:00
2025_04_CAR_NE,2025,4,REG,2025-09-28,13:00,CAR,NE,42.5,True,first_td,00-0037005,Tommy Tremble,TE,CAR,pass,1,10:51,249,drive_game_clock_end,10:56
2025_04_LAC_NYG,2025,4,REG,2025-09-28,13:00,LAC,NYG,43.5,True,first_td,00-0040691,Jaxson Dart,QB,NYG,rush,1,09:20,340,drive_game_clock_end,09:25
2025_04_PHI_TB,2025,4,REG,2025-09-28,13:00,PHI,TB,44.5,True,first_td,00-0039002,Sydney Brown,SAF,PHI,other,1,12:51,129,drive_game_clock_end,12:59
2025_04_IND_LA,2025,4,REG,2025-09-28,16:05,IND,LA,49.5,False,first_td,00-0040128,Tyler Warren,TE,IND,rush,2,12:17,1063,drive_game_clock_end,12:23
2025_04_JAX_SF,2025,4,REG,2025-09-28,16:05,JAX,SF,45.5,False,first_td,00-0036973,Travis Etienne,RB,JAX,rush,2,14:41,919,drive_game_clock_end,14:50
2025_04_BAL_KC,2025,4,REG,2025-09-28,16:25,BAL,KC,48.5,False,first_td,00-0034975,Justice Hill,RB,BAL,pass,1,09:35,325,drive_game_clock_end,09:41
2025_04_CHI_LV,2025,4,REG,2025-09-28,16:25,CHI,LV,47.5,False,first_td,00-0040122,Ashton Jeanty,RB,LV,pass,1,00:08,892,drive_game_clock_end,00:13
2025_04_GB_DAL,2025,4,REG,2025-09-28,20:20,GB,DAL,47.5,False,first_td,00-0037816,Romeo Doubs,WR,GB,pass,1,10:02,298,drive_game_clock_end,10:06
2025_04_NYJ_MIA,2025,4,REG,2025-09-29,19:15,NYJ,MIA,44.5,False,first_td,00-0031610,Darren Waller,TE,MIA,pass,2,09:20,1240,drive_game_clock_end,09:26
2025_04_CIN_DEN,2025,4,REG,2025-09-29,20:15,CIN,DEN,44.5,False,first_td,00-0039732,Bo Nix,QB,DEN,rush,1,00:17,883,drive_game_clock_end,00:22
2025_05_SF_LA,2025,5,REG,2025-10-02,20:15,SF,LA,43.5,False,first_td,00-0037112,Jake Tonges,TE,SF,pass,1,10:09,291,drive_game_clock_end,10:12
2025_05_MIN_CLE,2025,5,REG,2025-10-05,09:30,MIN,CLE,35.5,False,first_td,00-0040663,Harold Fannin Jr.,TE,CLE,pass,1,06:49,491,drive_game_clock_end,06:54
2025_05_HOU_BAL,2025,5,REG,2025-10-05,13:00,HOU,BAL,41.5,True,first_td,00-0038618,Xavier Hutchinson,WR,HOU,pass,1,09:24,336,drive_game_clock_end,09:29
2025_05_MIA_CAR,2025,5,REG,2025-10-05,13:00,MIA,CAR,44.5,True,first_td,00-0039040,De'Von Achane,RB,MIA,pass,2,14:55,905,drive_game_clock_end,15:00
2025_05_LV_IND,2025,5,REG,2025-10-05,13:00,LV,IND,46.5,True,first_td,00-0040128,Tyler Warren,TE,IND,pass,2,11:33,1107,drive_game_clock_end,11:38
2025_05_NYG_NO,2025,5,REG,2025-10-05,13:00,NYG,NO,41.5,True,first_td,00-0039847,Theo Johnson,TE,NYG,pass,1,09:34,326,drive_game_clock_end,09:38
2025_05_DAL_NYJ,2025,5,REG,2025-10-05,13:00,DAL,NYJ,48.5,True,first_td,00-0038041,Jake Ferguson,TE,DAL,pass,2,11:40,1100,drive_game_clock_end,11:48
2025_05_DEN_PHI,2025,5,REG,2025-10-05,13:00,DEN,PHI,44.5,True,first_td,00-0034351,Dallas Goedert,TE,PHI,pass,2,07:20,1360,drive_game_clock_end,07:24
2025_05_TEN_ARI,2025,5,REG,2025-10-05,16:05,TEN,ARI,41.5,False,first_td,00-0036924,Michael Carter,RB,ARI,rush,1,10:54,246,drive_game_clock_end,10:57
2025_05_TB_SEA,2025,5,REG,2025-10-05,16:05,TB,SEA,44.5,False,first_td,00-0037256,Rachaad White,RB,TB,rush,2,02:09,1671,drive_game_clock_end,02:14
2025_05_DET_CIN,2025,5,REG,2025-10-05,16:25,DET,CIN,49.5,False,first_td,00-0039065,Sam LaPorta,TE,DET,pass,1,10:50,250,drive_game_clock_end,10:57
2025_05_WAS_LAC,2025,5,REG,2025-10-05,16:25,WAS,LAC,47.5,False,first_td,00-0039915,Ladd McConkey,WR,LAC,pass,1,09:49,311,drive_game_clock_end,09:53
2025_05_NE_BUF,2025,5,REG,2025-10-05,20:20,NE,BUF,49.5,False,first_td,00-0033282,Curtis Samuel,WR,BUF,pass,3,09:21,2139,drive_game_clock_end,09:24
2025_05_KC_JAX,2025,5,REG,2025-10-06,20:15,KC,JAX,45.5,False,first_td,00-0030506,Travis Kelce,TE,KC,pass,1,04:02,658,drive_game_clock_end,04:07
2025_06_PHI_NYG,2025,6,REG,2025-10-09,20:15,PHI,NYG,40.5,False,first_td,00-0040691,Jaxson Dart,QB,NYG,rush,1,09:59,301,drive_game_clock_end,10:06
2025_06_DEN_NYJ,2025,6,REG,2025-10-12,09:30,DEN,NYJ,43.5,False,first_td,00-0038783,Nate Adkins,TE,DEN,pass,1,00:00,900,drive_game_clock_end,00:02
2025_06_LA_BAL,2025,6,REG,2025-10-12,13:00,LA,BAL,43.5,True,first_td,00-0037840,Kyren Williams,RB,LA,rush,3,11:52,1988,drive_game_clock_end,11:55
2025_06_DAL_CAR,2025,6,REG,2025-10-12,13:00,DAL,CAR,47.5,True,first_td,00-0038738,Hunter Luepke,RB,DAL,pass,2,14:56,904,drive_game_clock_end,15:00
2025_06_ARI_IND,2025,6,REG,2025-10-12,13:00,ARI,IND,46.5,True,first_td,00-0040128,Tyler Warren,TE,IND,pass,1,11:01,239,drive_game_clock_end,11:06
2025_06_SEA_JAX,2025,6,REG,2025-10-12,13:00,SEA,JAX,47.5,True,first_td,00-0039893,Brian Thomas Jr.,WR,JAX,pass,1,01:14,826,drive_game_clock_end,01:21
2025_06_LAC_MIA,2025,6,REG,2025-10-12,13:00,LAC,MIA,45.5,True,first_td,00-0039040,De'Von Achane,RB,MIA,rush,1,04:03,657,drive_game_clock_end,04:11
2025_06_NE_NO,2025,6,REG,2025-10-12,13:00,NE,NO,46.5,True,first_td,00-0038621,DeMario Douglas,WR,NE,pass,1,10:52,248,drive_game_clock_end,11:03
2025_06_CLE_PIT,2025,6,REG,2025-10-12,13:00,CLE,PIT,37.5,True,first_td,00-0037304,Connor Heyward,FB,PIT,pass,3,07:46,2234,drive_game_clock_end,07:54
2025_06_TEN_LV,2025,6,REG,2025-10-12,16:05,TEN,LV,41.5,False,first_td,00-0039066,Michael Mayer,TE,LV,pass,2,05:13,1487,drive_game_clock_end,05:18
2025_06_CIN_GB,2025,6,REG,2025-10-12,16:25,CIN,GB,44.5,False,first_td,00-0035700,Josh Jacobs,RB,GB,rush,2,04:05,1555,drive_game_clock_end,04:08
2025_06_SF_TB,2025,6,REG,2025-10-12,16:25,SF,TB,46.5,False,first_td,00-0037256,Rachaad White,RB,TB,rush,1,09:54,306,drive_game_clock_end,09:58
2025_06_DET_KC,2025,6,REG,2025-10-12,20:20,DET,KC,51.5,False,first_td,00-0039894,Xavier Worthy,WR,KC,pass,1,01:11,829,drive_game_clock_end,01:14
2025_06_BUF_ATL,2025,6,REG,2025-10-13,19:15,BUF,ATL,49.5,False,first_td,00-0037263,Tyler Allgeier,RB,ATL,rush,1,12:15,165,drive_game_clock_end,12:22
2025_06_CHI_WAS,2025,6,REG,2025-10-13,20:15,CHI,WAS,49.5,False,first_td,00-0039918,Caleb Williams,QB,CHI,rush,2,14:18,942,drive_game_clock_end,14:22
2025_07_PIT_CIN,2025,7,REG,2025-10-16,20:15,PIT,CIN,45.5,False,first_td,00-0033858,Jonnu Smith,TE,PIT,pass,1,10:51,249,drive_game_clock_end,11:00
2025_07_LA_JAX,2025,7,REG,2025-10-19,09:30,LA,JAX,44.5,False,first_td,00-0040590,Konata Mumpfield,WR,LA,pass,1,06:38,502,drive_game_clock_end,06:43
2025_07_NO_CHI,2025,7,REG,2025-10-19,13:00,NO,CHI,43.5,True,first_td,00-0036275,D'Andre Swift,RB,CHI,rush,2,09:05,1255,drive_game_clock_end,09:10
2025_07_MIA_CLE,2025,7,REG,2025-10-19,13:00,MIA,CLE,34.5,True,first_td,00-0040784,Quinshon Judkins,RB,CLE,rush,2,11:19,1121,drive_game_clock_end,11:28
2025_07_LV_KC,2025,7,REG,2025-10-19,13:00,LV,KC,44.5,True,first_td,00-0039067,Rashee Rice,WR,KC,pass,1,05:58,542,drive_game_clock_end,06:02
2025_07_PHI_MIN,2025,7,REG,2025-10-19,13:00,PHI,MIN,43.5,True,first_td,00-0035676,A.J. Brown,WR,PHI,pass,1,06:59,481,drive_game_clock_end,07:07
2025_07_CAR_NYJ,2025,7,REG,2025-10-19,13:00,CAR,NYJ,39.5,True,first_td,00-0039342,Xavier Legette,WR,CAR,pass,2,01:11,1729,drive_game_clock_end,01:18
2025_07_NE_TEN,2025,7,REG,2025-10-19,13:00,NE,TEN,40.5,True,first_td,00-0040705,Chimere Dike,WR,TEN,pass,1,05:04,596,drive_game_clock_end,05:11
2025_07_NYG_DEN,2025,7,REG,2025-10-19,16:05,NYG,DEN,39.5,False,first_td,00-0038115,Daniel Bellinger,TE,NYG,pass,1,06:54,486,drive_game_clock_end,07:03
2025_07_IND_LAC,2025,7,REG,2025-10-19,16:05,IND,LAC,48.5,False,first_td,00-0036223,Jonathan Taylor,RB,IND,rush,1,12:36,144,drive_game_clock_end,12:42
2025_07_GB_ARI,2025,7,REG,2025-10-19,16:25,GB,ARI,44.5,False,first_td,00-0037744,Trey McBride,TE,ARI,pass,2,00:07,1793,drive_game_clock_end,00:12
2025_07_WAS_DAL,2025,7,REG,2025-10-19,16:25,WAS,DAL,54.5,False,first_td,00-0036997,Javonte Williams,RB,DAL,rush,1,13:05,115,drive_game_clock_end,13:08
2025_07_ATL_SF,2025,7,REG,2025-10-19,20:20,ATL,SF,46.5,False,first_td,00-0033280,Christian McCaffrey,RB,SF,rush,2,01:48,1692,drive_game_clock_end,01:50
2025_07_TB_DET,2025,7,REG,2025-10-20,19:00,TB,DET,54.5,False,first_td,00-0036963,Amon-Ra St. Brown,WR,DET,pass,1,11:59,181,drive_game_clock_end,12:06
2025_07_HOU_SEA,2025,7,REG,2025-10-20,22:00,HOU,SEA,41.5,False,first_td,00-0039165,Zach Charbonnet,RB,SEA,rush,1,07:28,452,drive_game_clock_end,07:37
2025_08_MIN_LAC,2025,8,REG,2025-10-23,20:15,MIN,LAC,45.5,False,first_td,00-0040189,Oronde Gadsden II,TE,LAC,pass,1,04:01,659,drive_game_clock_end,04:05
2025_08_MIA_ATL,2025,8,REG,2025-10-26,13:00,MIA,ATL,44.5,True,first_td,00-0039040,De'Von Achane,RB,MIA,pass,1,02:33,747,drive_game_clock_end,02:38
2025_08_CHI_BAL,2025,8,REG,2025-10-26,13:00,CHI,BAL,45.5,True,first_td,00-0032764,Derrick Henry,RB,BAL,rush,2,08:15,1305,drive_game_clock_end,08:19
2025_08_BUF_CAR,2025,8,REG,2025-10-26,13:00,BUF,CAR,47.5,True,first_td,00-0037248,James Cook,RB,BUF,rush,2,07:23,1357,drive_game_clock_end,07:35
2025_08_NYJ_CIN,2025,8,REG,2025-10-26,13:00,NYJ,CIN,43.5,True,first_td,00-0026158,Joe Flacco,QB,CIN,rush,1,05:35,565,drive_game_clock_end,05:38
2025_08_SF_HOU,2025,8,REG,2025-10-26,13:00,SF,HOU,41.5,True,first_td,00-0040130,Jayden Higgins,WR,HOU,pass,2,07:32,1348,drive_game_clock_end,07:36
2025_08_CLE_NE,2025,8,REG,2025-10-26,13:00,CLE,NE,40.5,True,first_td,00-0040663,Harold Fannin Jr.,TE,CLE,pass,1,05:10,590,drive_game_clock_end,05:15
2025_08_NYG_PHI,2025,8,REG,2025-10-26,13:00,NYG,PHI,43.5,True,first_td,00-0034844,Saquon Barkley,RB,PHI,rush,1,14:43,17,drive_game_clock_end,14:53
2025_08_TB_NO,2025,8,REG,2025-10-26,16:05,TB,NO,46.5,False,first_td,00-0035254,Anthony Nelson,LB,TB,return,2,06:41,1399,drive_game_clock_end,06:48
2025_08_DAL_DEN,2025,8,REG,2025-10-26,16:25,DAL,DEN,51.5,False,first_td,00-0040730,RJ Harvey,RB,DEN,rush,1,08:13,407,drive_game_clock_end,08:21
2025_08_TEN_IND,2025,8,REG,2025-10-26,16:25,TEN,IND,47.5,False,first_td,00-0036223,Jonathan Taylor,RB,IND,rush,1,00:09,891,drive_game_clock_end,00:15
2025_08_GB_PIT,2025,8,REG,2025-10-26,20:20,GB,PIT,46.5,False,first_td,00-0038996,Tucker Kraft,TE,GB,pass,1,05:05,595,drive_game_clock_end,05:12
2025_08_WAS_KC,2025,8,REG,2025-10-27,20:15,WAS,KC,48.5,False,first_td,00-0033923,Kareem Hunt,RB,KC,rush,2,05:46,1454,drive_game_clock_end,05:49
2025_09_BAL_MIA,2025,9,REG,2025-10-30,20:15,BAL,MIA,51.5,False,first_td,00-0034753,Mark Andrews,TE,BAL,pass,1,08:25,395,drive_game_clock_end,08:30
2025_09_CHI_CIN,2025,9,REG,2025-11-02,13:00,CHI,CIN,51.5,True,first_td,00-0038576,Charlie Jones,WR,CIN,return,1,14:49,11,drive_game_clock_end,15:00
2025_09_MIN_DET,2025,9,REG,2025-11-02,13:00,MIN,DET,47.5,True,first_td,00-0039065,Sam LaPorta,TE,DET,pass,1,12:37,143,drive_game_clock_end,12:51
2025_09_CAR_GB,2025,9,REG,2025-11-02,13:00,CAR,GB,43.5,True,first_td,00-0036139,Rico Dowdle,RB,CAR,rush,2,02:22,1658,drive_game_clock_end,02:26
2025_09_DEN_HOU,2025,9,REG,2025-11-02,13:00,DEN,HOU,40.5,True,first_td,00-0034348,Courtland Sutton,WR,DEN,pass,2,04:52,1508,drive_game_clock_end,04:58
2025_09_ATL_NE,2025,9,REG,2025-11-02,13:00,ATL,NE,45.5,True,first_td,00-0038621,DeMario Douglas,WR,NE,pass,1,07:44,436,drive_game_clock_end,07:48
2025_09_SF_NYG,2025,9,REG,2025-11-02,13:00,SF,NYG,47.5,True,first_td,00-0039847,Theo Johnson,TE,NYG,pass,1,10:50,250,drive_game_clock_end,10:58
2025_09_IND_PIT,2025,9,REG,2025-11-02,13:00,IND,PIT,51.5,True,first_td,00-0035710,Daniel Jones,QB,IND,rush,1,08:05,415,drive_game_clock_end,08:07
2025_09_LAC_TEN,2025,9,REG,2025-11-02,13:00,LAC,TEN,44.5,True,first_td,00-0035672,Cody Barton,LB,TEN,return,1,11:19,221,drive_game_clock_end,11:25
2025_09_NO_LA,2025,9,REG,2025-11-02,16:05,NO,LA,44.5,False,first_td,00-0033110,Tyler Higbee,TE,LA,pass,1,06:18,522,drive_game_clock_end,06:22
2025_09_JAX_LV,2025,9,REG,2025-11-02,16:05,JAX,LV,43.5,False,first_td,00-0039338,Brock Bowers,TE,LV,pass,2,00:35,1765,drive_game_clock_end,00:39
2025_09_KC_BUF,2025,9,REG,2025-11-02,16:25,KC,BUF,53.5,False,first_td,00-0038933,Dalton Kincaid,TE,BUF,pass,1,08:00,420,drive_game_clock_end,08:05
2025_09_SEA_WAS,2025,9,REG,2025-11-02,20:20,SEA,WAS,47.5,False,first_td,00-0040648,Tory Horton,WR,SEA,pass,1,03:04,716,drive_game_clock_end,03:09
2025_09_ARI_DAL,2025,9,REG,2025-11-03,20:15,ARI,DAL,53.5,False,first_td,00-0039849,Marvin Harrison Jr.,WR,ARI,pass,2,12:17,1063,drive_game_clock_end,12:21
2025_10_LV_DEN,2025,10,REG,2025-11-06,20:15,LV,DEN,42.5,False,first_td,00-0040122,Ashton Jeanty,RB,LV,rush,1,03:02,718,drive_game_clock_end,03:06
2025_10_ATL_IND,2025,10,REG,2025-11-09,09:30,ATL,IND,48.5,False,first_td,00-0036223,Jonathan Taylor,RB,IND,rush,1,08:36,384,drive_game_clock_end,08:40
2025_10_NO_CAR,2025,10,REG,2025-11-09,13:00,NO,CAR,38.5,True,first_td,00-0036139,Rico Dowdle,RB,CAR,rush,1,07:59,421,drive_game_clock_end,08:04
2025_10_NYG_CHI,2025,10,REG,2025-11-09,13:00,NYG,CHI,45.5,True,first_td,00-0040236,Kyle Monangai,RB,CHI,rush,1,05:40,560,drive_game_clock_end,05:46
2025_10_JAX_HOU,2025,10,REG,2025-11-09,13:00,JAX,HOU,37.5,True,first_td,00-0038606,Parker Washington,WR,JAX,pass,1,08:17,403,drive_game_clock_end,08:22
2025_10_BUF_MIA,2025,10,REG,2025-11-09,13:00,BUF,MIA,50.5,True,first_td,00-0039880,Malik Washington,WR,MIA,pass,1,04:49,611,drive_game_clock_end,04:53
2025_10_BAL_MIN,2025,10,REG,2025-11-09,13:00,BAL,MIN,48.5,True,first_td,00-0033293,Aaron Jones,RB,MIN,rush,1,09:46,314,drive_game_clock_end,09:50
2025_10_CLE_NYJ,2025,10,REG,2025-11-09,13:00,CLE,NYJ,37.5,True,first_td,00-0033885,David Njoku,TE,CLE,pass,1,06:34,506,drive_game_clock_end,06:40
2025_10_NE_TB,2025,10,REG,2025-11-09,13:00,NE,TB,48.5,True,first_td,00-0040129,Emeka Egbuka,WR,TB,pass,1,11:23,217,drive_game_clock_end,11:30
2025_10_ARI_SEA,2025,10,REG,2025-11-09,16:05,ARI,SEA,44.5,False,first_td,00-0038543,Jaxon Smith-Njigba,WR,SEA,pass,1,10:55,245,drive_game_clock_end,11:01
2025_10_LA_SF,2025,10,REG,2025-11-09,16:25,LA,SF,49.5,False,first_td,00-0037840,Kyren Williams,RB,LA,rush,1,10:14,286,drive_game_clock_end,10:18
2025_10_DET_WAS,2025,10,REG,2025-11-09,16:25,DET,WAS,49.5,False,first_td,00-0039139,Jahmyr Gibbs,RB,DET,pass,1,08:24,396,drive_game_clock_end,08:29
2025_10_PIT_LAC,2025,10,REG,2025-11-09,20:20,PIT,LAC,45.5,False,first_td,00-0039915,Ladd McConkey,WR,LAC,pass,2,00:12,1788,drive_game_clock_end,00:16
2025_10_PHI_GB,2025,10,REG,2025-11-10,20:15,PHI,GB,45.5,False,first_td,00-0036912,DeVonta Smith,WR,PHI,pass,4,10:35,2965,drive_game_clock_end,10:42
2025_11_NYJ_NE,2025,11,REG,2025-11-13,20:15,NYJ,NE,43.5,False,first_td,00-0036945,Justin Fields,QB,NYJ,rush,1,06:56,484,drive_game_clock_end,07:01
2025_11_WAS_MIA,2025,11,REG,2025-11-16,09:30,WAS,MIA,47.5,False,first_td,00-0035719,Deebo Samuel Sr.,WR,WAS,pass,3,11:24,2016,drive_game_clock_end,11:32
2025_11_CAR_ATL,2025,11,REG,2025-11-16,13:00,CAR,ATL,42.5,True,first_td,00-0040124,Tetairoa McMillan,WR,CAR,pass,1,05:25,575,drive_game_clock_end,05:31
2025_11_TB_BUF,2025,11,REG,2025-11-16,13:00,TB,BUF,46.5,True,first_td,00-0034857,Josh Allen,QB,BUF,rush,1,04:09,651,drive_game_clock_end,04:11
2025_11_LAC_JAX,2025,11,REG,2025-11-16,13:00,LAC,JAX,43.5,True,first_td,00-0040719,Bhayshul Tuten,RB,JAX,rush,1,00:00,900,drive_game_clock_end,00:04
2025_11_CHI_MIN,2025,11,REG,2025-11-16,13:00,CHI,MIN,47.5,True,first_td,00-0040236,Kyle Monangai,RB,CHI,rush,2,04:55,1505,drive_game_clock_end,04:57
2025_11_GB_NYG,2025,11,REG,2025-11-16,13:00,GB,NYG,41.5,True,first_td,00-0035250,Devin Singletary,RB,NYG,rush,1,10:35,265,drive_game_clock_end,10:40
2025_11_CIN_PIT,2025,11,REG,2025-11-16,13:00,CIN,PIT,48.5,True,first_td,00-0036919,Kenny Gainwell,RB,PIT,pass,1,10:12,288,drive_game_clock_end,10:18
2025_11_HOU_TEN,2025,11,REG,2025-11-16,13:00,HOU,TEN,37.5,True,first_td,00-0036554,Nico Collins,WR,HOU,pass,3,07:21,2259,drive_game_clock_end,07:25
2025_11_SF_ARI,2025,11,REG,2025-11-16,16:05,SF,ARI,48.5,False,first_td,00-0033280,Christian McCaffrey,RB,SF,rush,1,14:44,16,drive_game_clock_end,14:47
2025_11_SEA_LA,2025,11,REG,2025-11-16,16:05,SEA,LA,49.5,False,first_td,00-0037840,Kyren Williams,RB,LA,rush,1,08:38,382,drive_game_clock_end,08:41
2025_11_BAL_CLE,2025,11,REG,2025-11-16,16:25,BAL,CLE,37.5,False,first_td,00-0035525,Devin Bush,LB,CLE,return,2,07:43,1337,drive_game_clock_end,07:53
2025_11_KC_DEN,2025,11,REG,2025-11-16,16:25,KC,DEN,44.5,False,first_td,00-0038794,Jaleel McLaughlin,RB,DEN,rush,3,04:03,2457,drive_game_clock_end,04:11
2025_11_DET_PHI,2025,11,REG,2025-11-16,20:20,DET,PHI,46.5,False,first_td,00-0037240,Jameson Williams,WR,DET,pass,2,05:05,1495,drive_game_clock_end,05:12
2025_11_DAL_LV,2025,11,REG,2025-11-17,20:15,DAL,LV,48.5,False,first_td,00-0036358,CeeDee Lamb,WR,DAL,pass,2,14:51,909,drive_game_clock_end,14:55
2025_12_BUF_HOU,2025,12,REG,2025-11-20,20:15,BUF,HOU,43.5,False,first_td,00-0037248,James Cook,RB,BUF,rush,1,09:11,349,drive_game_clock_end,09:19
2025_12_NYJ_BAL,2025,12,REG,2025-11-23,13:00,NYJ,BAL,44.5,True,first_td,00-0037614,John Metchie III,WR,NYJ,pass,2,04:04,1556,drive_game_clock_end,04:09
2025_12_PIT_CHI,2025,12,REG,2025-11-23,13:00,PIT,CHI,46.5,True,first_td,00-0034827,DJ Moore,WR,CHI,pass,1,08:28,392,drive_game_clock_end,08:32
2025_12_NE_CIN,2025,12,REG,2025-11-23,13:00,NE,CIN,50.5,True,first_td,00-0036199,Geno Stone,SAF,CIN,return,2,14:19,941,drive_game_clock_end,14:28
2025_12_NYG_DET,2025,12,REG,2025-11-23,13:00,NYG,DET,50.5,True,first_td,00-0038117,Wan'Dale Robinson,WR,NYG,pass,1,12:56,124,drive_game_clock_end,13:05
2025_12_MIN_GB,2025,12,REG,2025-11-23,13:00,MIN,GB,41.5,True,first_td,00-0038797,Emanuel Wilson,RB,GB,rush,1,09:15,345,drive_game_clock_end,09:19
2025_12_IND_KC,2025,12,REG,2025-11-23,13:00,IND,KC,50.5,True,first_td,00-0036252,Michael Pittman,WR,IND,pass,1,08:11,409,drive_game_clock_end,08:15
2025_12_SEA_TEN,2025,12,REG,2025-11-23,13:00,SEA,TEN,41.5,True,first_td,00-0038543,Jaxon Smith-Njigba,WR,SEA,pass,2,11:02,1138,drive_game_clock_end,11:11
2025_12_JAX_ARI,2025,12,REG,2025-11-23,16:05,JAX,ARI,47.5,False,first_td,00-0036973,Travis Etienne,RB,JAX,pass,1,07:10,470,drive_game_clock_end,07:18
2025_12_CLE_LV,2025,12,REG,2025-11-23,16:05,CLE,LV,35.5,False,first_td,00-0040784,Quinshon Judkins,RB,CLE,rush,1,08:24,396,drive_game_clock_end,08:29
2025_12_PHI_DAL,2025,12,REG,2025-11-23,16:25,PHI,DAL,47.5,False,first_td,00-0035676,A.J. Brown,WR,PHI,pass,1,08:41,379,drive_game_clock_end,08:45
2025_12_ATL_NO,2025,12,REG,2025-11-23,16:25,ATL,NO,41.5,False,first_td,00-0035359,David Sills,WR,ATL,pass,2,11:31,1109,drive_game_clock_end,11:35
2025_12_TB_LA,2025,12,REG,2025-11-23,20:20,TB,LA,49.5,False,first_td,00-0031381,Davante Adams,WR,LA,pass,1,04:32,628,drive_game_clock_end,04:35
2025_12_CAR_SF,2025,12,REG,2025-11-24,20:15,CAR,SF,48.5,False,first_td,00-0036259,Jauan Jennings,WR,SF,pass,1,06:17,523,drive_game_clock_end,06:23
2025_13_GB_DET,2025,13,REG,2025-11-27,13:00,GB,DET,48.5,False,first_td,00-0038393,Dontayvion Wicks,WR,GB,pass,2,14:19,941,drive_game_clock_end,14:25
2025_13_KC_DAL,2025,13,REG,2025-11-27,16:30,KC,DAL,53.5,False,first_td,00-0039067,Rashee Rice,WR,KC,pass,1,13:04,116,drive_game_clock_end,13:10
2025_13_CIN_BAL,2025,13,REG,2025-11-27,20:20,CIN,BAL,52.5,False,first_td,00-0032764,Derrick Henry,RB,BAL,rush,1,06:33,507,drive_game_clock_end,06:41
2025_13_CHI_PHI,2025,13,REG,2025-11-28,15:00,CHI,PHI,43.5,False,first_td,00-0036275,D'Andre Swift,RB,CHI,rush,1,01:31,809,drive_game_clock_end,01:35
2025_13_LA_CAR,2025,13,REG,2025-11-30,13:00,LA,CAR,44.5,True,first_td,00-0031381,Davante Adams,WR,LA,pass,1,12:10,170,drive_game_clock_end,12:13
2025_13_SF_CLE,2025,13,REG,2025-11-30,13:00,SF,CLE,35.5,True,first_td,00-0033280,Christian McCaffrey,RB,SF,rush,1,08:12,408,drive_game_clock_end,08:15
2025_13_HOU_IND,2025,13,REG,2025-11-30,13:00,HOU,IND,44.5,True,first_td,00-0037664,Alec Pierce,WR,IND,pass,2,08:41,1279,drive_game_clock_end,08:46
2025_13_NO_MIA,2025,13,REG,2025-11-30,13:00,NO,MIA,41.5,True,first_td,00-0039040,De'Von Achane,RB,MIA,rush,1,11:19,221,drive_game_clock_end,11:27
2025_13_ATL_NYJ,2025,13,REG,2025-11-30,13:00,ATL,NYJ,38.5,True,first_td,00-0038120,Breece Hall,RB,NYJ,rush,2,13:58,962,drive_game_clock_end,14:00
2025_13_ARI_TB,2025,13,REG,2025-11-30,13:00,ARI,TB,44.5,True,first_td,00-0036406,Tristan Wirfs,OT,TB,pass,2,01:36,1704,drive_game_clock_end,01:39
2025_13_JAX_TEN,2025,13,REG,2025-11-30,13:00,JAX,TEN,42.5,True,first_td,00-0034960,Jakobi Meyers,WR,JAX,pass,1,01:04,836,drive_game_clock_end,01:06
2025_13_MIN_SEA,2025,13,REG,2025-11-30,16:05,MIN,SEA,42.5,False,first_td,00-0036994,Ernest Jones,LB,SEA,return,2,02:59,1621,drive_game_clock_end,03:14
2025_13_LV_LAC,2025,13,REG,2025-11-30,16:25,LV,LAC,40.5,False,first_td,00-0038544,Quentin Johnston,WR,LAC,pass,1,04:21,639,drive_game_clock_end,04:28
2025_13_BUF_PIT,2025,13,REG,2025-11-30,16:25,BUF,PIT,44.5,False,first_td,00-0037228,Jaylen Warren,RB,PIT,rush,2,08:09,1311,drive_game_clock_end,08:12
2025_13_DEN_WAS,2025,13,REG,2025-11-30,20:20,DEN,WAS,43.5,False,first_td,00-0038611,Chris Rodriguez Jr.,RB,WAS,rush,2,02:21,1659,drive_game_clock_end,02:25
2025_13_NYG_NE,2025,13,REG,2025-12-01,20:15,NYG,NE,46.5,False,first_td,00-0037253,Marcus Jones,CB,NE,return,1,05:17,583,drive_game_clock_end,05:37
2025_14_DAL_DET,2025,14,REG,2025-12-04,20:15,DAL,DET,55.5,False,first_td,00-0039139,Jahmyr Gibbs,RB,DET,rush,1,02:14,766,drive_game_clock_end,02:18
2025_14_SEA_ATL,2025,14,REG,2025-12-07,13:00,SEA,ATL,44.5,True,first_td,00-0037545,Rashid Shaheed,WR,SEA,return,3,14:48,1812,drive_game_clock_end,15:00
2025_14_PIT_BAL,2025,14,REG,2025-12-07,13:00,PIT,BAL,43.5,True,first_td,00-0023459,Aaron Rodgers,QB,PIT,rush,1,07:13,467,drive_game_clock_end,07:19
2025_14_CIN_BUF,2025,14,REG,2025-12-07,13:00,CIN,BUF,54.5,True,first_td,00-0038597,Chase Brown,RB,CIN,rush,1,06:44,496,drive_game_clock_end,06:52
2025_14_TEN_CLE,2025,14,REG,2025-12-07,13:00,TEN,CLE,33.5,True,first_td,00-0040170,Elic Ayomanor,WR,TEN,pass,1,09:52,308,drive_game_clock_end,09:58
2025_14_IND_JAX,2025,14,REG,2025-12-07,13:00,IND,JAX,44.5,True,first_td,00-0036973,Travis Etienne,RB,JAX,rush,1,10:39,261,drive_game_clock_end,10:44
2025_14_WAS_MIN,2025,14,REG,2025-12-07,13:00,WAS,MIN,43.5,True,first_td,00-0035249,Josh Oliver,TE,MIN,pass,1,11:03,237,drive_game_clock_end,11:07
2025_14_MIA_NYJ,2025,14,REG,2025-12-07,13:00,MIA,NYJ,41.5,True,first_td,00-0036613,Jaylen Waddle,WR,MIA,pass,1,12:46,134,drive_game_clock_end,12:50
2025_14_NO_TB,2025,14,REG,2025-12-07,13:00,NO,TB,41.5,True,first_td,00-0040202,Devin Neal,RB,NO,rush,1,12:24,156,drive_game_clock_end,12:31
2025_14_DEN_LV,2025,14,REG,2025-12-07,16:05,DEN,LV,40.5,False,first_td,00-0039732,Bo Nix,QB,DEN,rush,1,06:06,534,drive_game_clock_end,06:10
2025_14_LA_ARI,2025,14,REG,2025-12-07,16:25,LA,ARI,49.5,False,first_td,00-0038559,Michael Wilson,WR,ARI,pass,1,12:05,175,drive_game_clock_end,12:10
2025_14_CHI_GB,2025,14,REG,2025-12-07,16:25,CHI,GB,44.5,False,first_td,00-0038124,Christian Watson,WR,GB,pass,2,09:19,1241,drive_game_clock_end,09:25
2025_14_HOU_KC,2025,14,REG,2025-12-07,20:20,HOU,KC,41.5,False,first_td,00-0040583,Woody Marks,RB,HOU,pass,2,09:24,1236,drive_game_clock_end,09:29
2025_14_PHI_LAC,2025,14,REG,2025-12-08,20:15,PHI,LAC,41.5,False,first_td,00-0040666,Omarion Hampton,RB,LAC,pass,1,08:49,371,drive_game_clock_end,08:53
2025_15_ATL_TB,2025,15,REG,2025-12-11,20:15,ATL,TB,43.5,False,first_td,00-0038951,Sean Tucker,RB,TB,rush,1,01:38,802,drive_game_clock_end,01:41
2025_15_CLE_CHI,2025,15,REG,2025-12-14,13:00,CLE,CHI,38.5,True,first_td,00-0036275,D'Andre Swift,RB,CHI,rush,1,07:35,445,drive_game_clock_end,07:39
2025_15_BAL_CIN,2025,15,REG,2025-12-14,13:00,BAL,CIN,51.5,True,first_td,00-0039796,Rasheen Ali,RB,BAL,pass,2,04:35,1525,drive_game_clock_end,04:42
2025_15_ARI_HOU,2025,15,REG,2025-12-14,13:00,ARI,HOU,42.5,True,first_td,00-0036554,Nico Collins,WR,HOU,pass,1,14:11,49,drive_game_clock_end,14:21
2025_15_NYJ_JAX,2025,15,REG,2025-12-14,13:00,NYJ,JAX,40.5,True,first_td,00-0039893,Brian Thomas Jr.,WR,JAX,pass,1,10:18,282,drive_game_clock_end,10:22
2025_15_LAC_KC,2025,15,REG,2025-12-14,13:00,LAC,KC,41.5,True,first_td,00-0033873,Patrick Mahomes,QB,KC,rush,1,08:52,368,drive_game_clock_end,08:59
2025_15_BUF_NE,2025,15,REG,2025-12-14,13:00,BUF,NE,49.5,True,first_td,00-0039851,Drake Maye,QB,NE,rush,1,10:21,279,drive_game_clock_end,10:28
2025_15_WAS_NYG,2025,15,REG,2025-12-14,13:00,WAS,NYG,46.5,True,first_td,00-0040242,Jacory Croskey-Merritt,RB,WAS,rush,2,13:38,982,drive_game_clock_end,13:44
2025_15_LV_PHI,2025,15,REG,2025-12-14,13:00,LV,PHI,37.5,True,first_td,00-0034351,Dallas Goedert,TE,PHI,pass,1,07:51,429,drive_game_clock_end,07:55
2025_15_GB_DEN,2025,15,REG,2025-12-14,16:25,GB,DEN,42.5,False,first_td,00-0036959,Michael Bandy,WR,DEN,pass,2,08:19,1301,drive_game_clock_end,08:26
2025_15_DET_LA,2025,15,REG,2025-12-14,16:25,DET,LA,54.5,False,first_td,00-0036963,Amon-Ra St. Brown,WR,DET,pass,1,08:07,413,drive_game_clock_end,08:12
2025_15_CAR_NO,2025,15,REG,2025-12-14,16:25,CAR,NO,41.5,False,first_td,00-0036139,Rico Dowdle,RB,CAR,rush,1,06:39,501,drive_game_clock_end,06:46
2025_15_IND_SEA,2025,15,REG,2025-12-14,16:25,IND,SEA,41.5,False,first_td,00-0038997,Josh Downs,WR,IND,pass,2,01:33,1707,drive_game_clock_end,01:37
2025_15_TEN_SF,2025,15,REG,2025-12-14,16:25,TEN,SF,44.5,False,first_td,00-0036259,Jauan Jennings,WR,SF,pass,1,07:48,432,drive_game_clock_end,07:54
2025_15_MIN_DAL,2025,15,REG,2025-12-14,20:20,MIN,DAL,47.5,False,first_td,00-0036997,Javonte Williams,RB,DAL,rush,1,08:23,397,drive_game_clock_end,08:26
2025_15_MIA_PIT,2025,15,REG,2025-12-15,20:15,MIA,PIT,42.5,False,first_td,00-0037304,Connor Heyward,FB,PIT,rush,2,00:17,1783,drive_game_clock_end,00:21
2025_16_LA_SEA,2025,16,REG,2025-12-18,20:15,LA,SEA,42.5,False,first_td,00-0039165,Zach Charbonnet,RB,SEA,rush,1,07:09,471,drive_game_clock_end,07:13
2025_16_PHI_WAS,2025,16,REG,2025-12-20,17:00,PHI,WAS,43.5,False,first_td,00-0036912,DeVonta Smith,WR,PHI,pass,1,02:37,743,drive_game_clock_end,02:40
2025_16_GB_CHI,2025,16,REG,2025-12-20,20:20,GB,CHI,45.5,False,first_td,00-0037816,Romeo Doubs,WR,GB,pass,3,00:33,2667,drive_game_clock_end,00:39
2025_16_TB_CAR,2025,16,REG,2025-12-21,13:00,TB,CAR,44.5,True,first_td,00-0031408,Mike Evans,WR,TB,pass,1,04:01,659,drive_game_clock_end,04:06
2025_16_BUF_CLE,2025,16,REG,2025-12-21,13:00,BUF,CLE,41.5,True,first_td,00-0040663,Harold Fannin Jr.,TE,CLE,pass,1,10:42,258,drive_game_clock_end,10:47
2025_16_LAC_DAL,2025,16,REG,2025-12-21,13:00,LAC,DAL,50.5,True,first_td,00-0039410,Ryan Flournoy,WR,DAL,pass,1,10:20,280,drive_game_clock_end,10:25
2025_16_CIN_MIA,2025,16,REG,2025-12-21,13:00,CIN,MIA,48.5,True,first_td,00-0036410,Tee Higgins,WR,CIN,pass,1,03:57,663,drive_game_clock_end,04:02
2025_16_NYJ_NO,2025,16,REG,2025-12-21,13:00,NYJ,NO,39.5,True,first_td,00-0037239,Chris Olave,WR,NO,pass,3,00:41,2659,drive_game_clock_end,00:47
2025_16_MIN_NYG,2025,16,REG,2025-12-21,13:00,MIN,NYG,41.5,True,first_td,00-0039923,J.J. McCarthy,QB,MIN,rush,2,02:01,1679,drive_game_clock_end,02:09
2025_16_KC_TEN,2025,16,REG,2025-12-21,13:00,KC,TEN,37.5,True,first_td,00-0037809,Chig Okonkwo,TE,TEN,pass,2,01:37,1703,drive_game_clock_end,01:43
2025_16_ATL_ARI,2025,16,REG,2025-12-21,16:05,ATL,ARI,48.5,False,first_td,00-0038559,Michael Wilson,WR,ARI,pass,1,07:43,437,drive_game_clock_end,07:50
2025_16_JAX_DEN,2025,16,REG,2025-12-21,16:05,JAX,DEN,46.5,False,first_td,00-0038606,Parker Washington,WR,JAX,pass,1,00:07,893,drive_game_clock_end,00:12
2025_16_PIT_DET,2025,16,REG,2025-12-21,16:25,PIT,DET,52.5,False,first_td,00-0040669,Isaac TeSlaa,WR,DET,pass,2,01:55,1685,drive_game_clock_end,02:00
2025_16_LV_HOU,2025,16,REG,2025-12-21,16:25,LV,HOU,39.5,False,first_td,00-0037237,Derek Stingley Jr.,CB,HOU,return,1,10:43,257,drive_game_clock_end,10:53
2025_16_NE_BAL,2025,16,REG,2025-12-21,20:20,NE,BAL,48.5,False,first_td,00-0032764,Derrick Henry,RB,BAL,rush,1,12:21,159,drive_game_clock_end,12:26
2025_16_SF_IND,2025,16,REG,2025-12-22,20:15,SF,IND,46.5,False,first_td,00-0037664,Alec Pierce,WR,IND,pass,1,10:31,269,drive_game_clock_end,10:36
2025_17_DAL_WAS,2025,17,REG,2025-12-25,13:00,DAL,WAS,50.5,False,first_td,00-0038041,Jake Ferguson,TE,DAL,pass,1,09:42,318,drive_game_clock_end,09:47
2025_17_DET_MIN,2025,17,REG,2025-12-25,16:30,DET,MIN,45.5,False,first_td,00-0033293,Aaron Jones,RB,MIN,rush,1,01:35,805,drive_game_clock_end,01:38
2025_17_DEN_KC,2025,17,REG,2025-12-25,20:15,DEN,KC,37.5,False,first_td,00-0040078,Brashard Smith,RB,KC,pass,2,12:49,1031,drive_game_clock_end,12:56
2025_17_HOU_LAC,2025,17,REG,2025-12-27,16:30,HOU,LAC,40.5,False,first_td,00-0040130,Jayden Higgins,WR,HOU,pass,1,13:20,100,drive_game_clock_end,13:30
2025_17_BAL_GB,2025,17,REG,2025-12-27,20:00,BAL,GB,38.5,False,first_td,00-0032764,Derrick Henry,RB,BAL,rush,1,06:55,485,drive_game_clock_end,07:03
2025_17_SEA_CAR,2025,17,REG,2025-12-28,13:00,SEA,CAR,42.5,True,first_td,00-0039165,Zach Charbonnet,RB,SEA,rush,3,08:45,2175,drive_game_clock_end,08:49
2025_17_ARI_CIN,2025,17,REG,2025-12-28,13:00,ARI,CIN,52.5,True,first_td,00-0036900,Ja'Marr Chase,WR,CIN,pass,1,09:17,343,drive_game_clock_end,09:25
2025_17_PIT_CLE,2025,17,REG,2025-12-28,13:00,PIT,CLE,35.5,True,first_td,00-0040663,Harold Fannin Jr.,TE,CLE,pass,1,05:11,589,drive_game_clock_end,05:18
2025_17_JAX_IND,2025,17,REG,2025-12-28,13:00,JAX,IND,48.5,True,first_td,00-0036223,Jonathan Taylor,RB,IND,rush,2,12:49,1031,drive_game_clock_end,12:52
2025_17_TB_MIA,2025,17,REG,2025-12-28,13:00,TB,MIA,44.5,True,first_td,00-0033921,Chris Godwin Jr.,WR,TB,pass,1,05:27,573,drive_game_clock_end,05:31
2025_17_NE_NYJ,2025,17,REG,2025-12-28,13:00,NE,NYJ,42.5,True,first_td,00-0032392,Austin Hooper,TE,NE,pass,1,10:42,258,drive_game_clock_end,10:46
2025_17_NO_TEN,2025,17,REG,2025-12-28,13:00,NO,TEN,39.5,True,first_td,00-0037809,Chig Okonkwo,TE,TEN,pass,2,12:57,1023,drive_game_clock_end,13:08
2025_17_NYG_LV,2025,17,REG,2025-12-28,16:05,NYG,LV,40.5,False,first_td,00-0035250,Devin Singletary,RB,NYG,rush,1,00:00,900,drive_game_clock_end,00:01
2025_17_PHI_BUF,2025,17,REG,2025-12-28,16:25,PHI,BUF,45.5,False,first_td,00-0034351,Dallas Goedert,TE,PHI,pass,1,00:35,865,drive_game_clock_end,00:39
2025_17_CHI_SF,2025,17,REG,2025-12-28,20:20,CHI,SF,51.5,False,first_td,00-0035386,T.J. Edwards,LB,CHI,return,1,14:45,15,drive_game_clock_end,14:54
2025_17_LA_ATL,2025,17,REG,2025-12-29,20:15,LA,ATL,48.5,False,first_td,00-0038542,Bijan Robinson,RB,ATL,pass,1,06:11,529,drive_game_clock_end,06:16
2025_18_CAR_TB,2025,18,REG,2026-01-03,16:30,CAR,TB,43.5,False,first_td,00-0038129,Cade Otton,TE,TB,pass,1,09:31,329,drive_game_clock_end,09:35
2025_18_SEA_SF,2025,18,REG,2026-01-03,20:00,SEA,SF,47.5,False,first_td,00-0039165,Zach Charbonnet,RB,SEA,rush,1,04:29,631,drive_game_clock_end,04:37
2025_18_NO_ATL,2025,18,REG,2026-01-04,13:00,NO,ATL,43.5,True,first_td,00-0037238,Drake London,WR,ATL,pass,1,03:02,718,drive_game_clock_end,03:09
2025_18_CLE_CIN,2025,18,REG,2026-01-04,13:00,CLE,CIN,47.5,True,first_td,00-0038597,Chase Brown,RB,CIN,pass,1,07:59,421,drive_game_clock_end,08:02
2025_18_IND_HOU,2025,18,REG,2026-01-04,13:00,IND,HOU,37.5,True,first_td,00-0037664,Alec Pierce,WR,IND,pass,1,10:36,264,drive_game_clock_end,10:45
2025_18_TEN_JAX,2025,18,REG,2026-01-04,13:00,TEN,JAX,46.5,True,first_td,00-0040676,Cam Ward,QB,TEN,rush,1,10:09,291,drive_game_clock_end,10:16
2025_18_GB_MIN,2025,18,REG,2026-01-04,13:00,GB,MIN,37.5,True,first_td,00-0032918,C.J. Ham,FB,MIN,rush,2,00:23,1777,drive_game_clock_end,00:25
2025_18_DAL_NYG,2025,18,REG,2026-01-04,13:00,DAL,NYG,50.5,True,first_td,00-0040586,Jaydon Blue,RB,DAL,rush,1,00:28,872,drive_game_clock_end,00:32
2025_18_NYJ_BUF,2025,18,REG,2026-01-04,16:25,NYJ,BUF,39.5,False,first_td,00-0035689,Dawson Knox,TE,BUF,pass,1,08:17,403,drive_game_clock_end,08:22
2025_18_DET_CHI,2025,18,REG,2026-01-04,16:25,DET,CHI,51.5,False,first_td,00-0039139,Jahmyr Gibbs,RB,DET,pass,2,04:40,1520,drive_game_clock_end,04:46
2025_18_LAC_DEN,2025,18,REG,2026-01-04,16:25,LAC,DEN,37.5,False,first_td,00-0037384,Ja'Quan McMillian,CB,DEN,return,1,03:39,681,drive_game_clock_end,03:50
2025_18_ARI_LA,2025,18,REG,2026-01-04,16:25,ARI,LA,49.5,False,first_td,00-0039075,Puka Nacua,WR,LA,pass,2,01:22,1718,drive_game_clock_end,01:26
2025_18_KC_LV,2025,18,REG,2026-01-04,16:25,KC,LV,36.5,False,no_td,,,,,,,,,,
2025_18_MIA_NE,2025,18,REG,2026-01-04,16:25,MIA,NE,44.5,False,first_td,00-0040734,TreVeyon Henderson,RB,NE,rush,1,13:14,106,drive_game_clock_end,13:18
2025_18_WAS_PHI,2025,18,REG,2026-01-04,16:25,WAS,PHI,38.5,False,first_td,00-0037086,Grant Calcaterra,TE,PHI,pass,2,13:37,983,drive_game_clock_end,13:43
2025_18_BAL_PIT,2025,18,REG,2026-01-04,20:20,BAL,PIT,41.5,False,first_td,00-0039792,Devontez Walker,WR,BAL,pass,1,10:54,246,drive_game_clock_end,11:01
2025_19_LA_CAR,2025,19,WC,2026-01-10,16:30,LA,CAR,44.5,False,first_td,00-0039075,Puka Nacua,WR,LA,pass,1,11:35,205,drive_game_clock_end,11:39
2025_19_GB_CHI,2025,19,WC,2026-01-10,20:00,GB,CHI,45.5,False,first_td,00-0038124,Christian Watson,WR,GB,pass,1,02:06,774,drive_game_clock_end,02:11
2025_19_BUF_JAX,2025,19,WC,2026-01-11,13:00,BUF,JAX,51.5,False,first_td,00-0039893,Brian Thomas Jr.,WR,JAX,pass,2,14:14,946,drive_game_clock_end,14:18
2025_19_SF_PHI,2025,19,WC,2026-01-11,16:30,SF,PHI,44.5,False,first_td,00-0032775,Demarcus Robinson,WR,SF,pass,1,11:51,189,drive_game_clock_end,11:54
2025_19_LAC_NE,2025,19,WC,2026-01-11,20:00,LAC,NE,45.5,False,first_td,00-0033090,Hunter Henry,TE,NE,pass,4,09:45,3015,drive_game_clock_end,09:52
2025_19_HOU_PIT,2025,19,WC,2026-01-12,20:00,HOU,PIT,38.5,False,first_td,00-0034775,Christian Kirk,WR,HOU,pass,2,08:28,1292,drive_game_clock_end,08:34
2025_20_BUF_DEN,2025,20,DIV,2026-01-17,16:30,BUF,DEN,45.5,False,first_td,00-0035140,Mecole Hardman,WR,BUF,pass,1,00:05,895,drive_game_clock_end,00:10
2025_20_SF_SEA,2025,20,DIV,2026-01-17,20:00,SF,SEA,44.5,False,first_td,00-0037545,Rashid Shaheed,WR,SEA,return,1,14:47,13,drive_game_clock_end,15:00
2025_20_HOU_NE,2025,20,DIV,2026-01-18,15:00,HOU,NE,40.5,False,first_td,00-0038621,DeMario Douglas,WR,NE,pass,1,09:35,325,drive_game_clock_end,09:41
2025_20_LA_CHI,2025,20,DIV,2026-01-18,18:30,LA,CHI,49.5,False,first_td,00-0037840,Kyren Williams,RB,LA,rush,1,06:20,520,drive_game_clock_end,06:24
2025_21_NE_DEN,2025,21,CON,2026-01-25,15:00,NE,DEN,43.5,False,first_td,00-0034348,Courtland Sutton,WR,DEN,pass,1,10:19,281,drive_game_clock_end,10:24
2025_21_LA_SEA,2025,21,CON,2026-01-25,18:30,LA,SEA,45.5,False,first_td,00-0038134,Kenneth Walker III,RB,SEA,rush,1,09:57,303,drive_game_clock_end,10:03
2025_22_SEA_NE,2025,22,SB,2026-02-08,18:30,SEA,NE,45.5,False,first_td,00-0039793,AJ Barner,TE,SEA,pass,4,13:24,2796,drive_game_clock_end,13:29
2026_01_NE_SEA,2026,1,REG,2026-09-09,20:20,NE,SEA,44.5,False,first_td,00-0041395,Eli Raridon,TE,NE,pass,2,09:11,1249,drive_game_clock_end,09:14
2026_01_SF_LA,2026,1,REG,2026-09-10,20:35,SF,LA,47.5,False,first_td,00-0037840,Kyren Williams,RB,LA,rush,2,14:57,903,drive_game_clock_end,15:00
2026_01_CHI_CAR,2026,1,REG,2026-09-13,13:00,CHI,CAR,47.5,True,first_td,00-0036555,Chuba Hubbard,RB,CAR,pass,1,11:33,207,drive_game_clock_end,11:40
2026_01_TB_CIN,2026,1,REG,2026-09-13,13:00,TB,CIN,50.5,True,first_td,00-0040738,Demetrius Knight Jr.,LB,CIN,return,1,06:18,522,drive_game_clock_end,06:29
2026_01_NO_DET,2026,1,REG,2026-09-13,13:00,NO,DET,49.5,True,first_td,00-0039139,Jahmyr Gibbs,RB,DET,rush,1,03:39,681,drive_game_clock_end,03:41
2026_01_BUF_HOU,2026,1,REG,2026-09-13,13:00,BUF,HOU,44.5,True,first_td,00-0035685,David Montgomery,RB,HOU,rush,1,00:32,868,drive_game_clock_end,00:37
2026_01_BAL_IND,2026,1,REG,2026-09-13,13:00,BAL,IND,48.5,True,first_td,00-0036223,Jonathan Taylor,RB,IND,rush,1,10:33,267,drive_game_clock_end,10:36
2026_01_CLE_JAX,2026,1,REG,2026-09-13,13:00,CLE,JAX,40.5,True,first_td,00-0038606,Parker Washington,WR,JAX,pass,1,08:11,409,drive_game_clock_end,08:18
2026_01_ATL_PIT,2026,1,REG,2026-09-13,13:00,ATL,PIT,40.5,True,first_td,00-0038542,Bijan Robinson,RB,ATL,pass,1,01:13,827,drive_game_clock_end,01:19
2026_01_NYJ_TEN,2026,1,REG,2026-09-13,13:00,NYJ,TEN,39.5,True,first_td,00-0041032,Kenyon Sadiq,TE,NYJ,rush,1,10:45,255,drive_game_clock_end,10:50
2026_01_ARI_LAC,2026,1,REG,2026-09-13,16:25,ARI,LAC,47.5,False,first_td,00-0041027,Jeremiyah Love,RB,ARI,rush,1,08:49,371,drive_game_clock_end,08:54
2026_01_MIA_LV,2026,1,REG,2026-09-13,16:25,MIA,LV,40.5,False,first_td,00-0040729,Jack Bech,WR,LV,pass,1,01:33,807,drive_game_clock_end,01:38
2026_01_GB_MIN,2026,1,REG,2026-09-13,16:25,GB,MIN,46.5,False,first_td,00-0038124,Christian Watson,WR,GB,pass,1,07:43,437,drive_game_clock_end,07:54
2026_01_WAS_PHI,2026,1,REG,2026-09-13,16:25,WAS,PHI,43.5,False,first_td,00-0034351,Dallas Goedert,TE,PHI,pass,2,14:11,949,drive_game_clock_end,14:17
2026_01_DAL_NYG,2026,1,REG,2026-09-13,20:20,DAL,NYG,47.5,False,first_td,00-0040715,Cam Skattebo,RB,NYG,rush,1,06:40,500,drive_game_clock_end,06:45
2026_01_DEN_KC,2026,1,REG,2026-09-14,20:15,DEN,KC,42.5,False,first_td,00-0033873,Patrick Mahomes,QB,KC,rush,1,08:11,409,drive_game_clock_end,08:20
2026_02_DET_BUF,2026,2,REG,2026-09-17,20:15,DET,BUF,54.5,False,first_td,00-0034857,Josh Allen,QB,BUF,rush,1,09:09,351,drive_game_clock_end,09:13
